0126110101,  7,1000,  1,  8,101,  3,  0,  0,  0,  7,1000,  1,  7,  0,  7,1300,  1,  7,  0,  7,1200,  1,  4,  0,  7,1200,  1,  3,  0,  7,1200,  1,  4,  0,  7,1200,  1,  9,  0, 15,1200,  0,  0,  0,
0126110102,  7,1000,  1,  8, 97,  2,  0,  0,  0,  7,1200,  0,  3,  0,  7,1200,  0,  8,  0,  3,1500,  1,  6,  0,  7,1400,  1,  4,  0,  7,1200,  0,  3,  0, 15,1600,  0,  0,  0,,,,,,
0126110103,  7,1000,  1,  8,115,  3,  0,  0,  0,  7,1000,  1,  2,  0,  7,1000,  1,  8,  0,  7,1150,  1, 10,  0,  7,1000,  1,  3,  0,  7,1000,  1, 10,  0,  7,1400,  0,  7,  0,  7,1400,  0,  7,  0,
0126110104,  7,1000,  1,  8, 97,  2,  0,  0,  0,  7,1000,  1,  6,  0,  7,1200,  1,  5,  0,  7,1400,  1,  4,  0,  7,1200,  1,  0,  0,,,,,,,,,,,,,,,,
0126110105,  7,1000,  1,  8, 98,  4,  0,  0,  0,  7,1000,  1,  4,  0,  7,1200,  1,  3,  0,  7,1200,  1, 10,  0,  7,1400,  1, 11,  0,  7,1800,  1,  3,  0, 15,1400,  1,  0,  0,,,,,,
0126110106,  7,1000,  1,  8, 98,  4,  0,  0,  0,  7,1000,  1, 11,  0,  7,1200,  1,  4,  0,  7,1400,  0,  3,  0, 15,1400,  1,  0,  0,,,,,,,,,,,,,,,,
0126110107,  7,1000,  1,  8,102,  4,  0,  0,  0,  7,1000,  1, 18,  0,  7,1000,  1,  3,  0,  7,1000,  1, 11,  0, 15,1200,  1,  0,  0,,,,,,,,,,,,,,,,
0126110108,  7,1000,  1,  8, 92,  6,  0,  0,  0,  7,1600,  0, 11,  0,  7,1200,  0,  8,  0, 15,1400,  1,  0,  0,,,,,,,,,,,,,,,,,,,,,
0126110201,  7,1200,  0,  8,105,  2,  0,  0,  0, 15,1200,  0,  0,  0,,,,,,,,,,,,,,,,,,,,,,,,,,,,,,,
0126110202,  7,1200,  0,  8,108,  6,  0,  0,  0, 15,1200,  0,  0,  0,,,,,,,,,,,,,,,,,,,,,,,,,,,,,,,
0126110203,  7,1200,  0,  8, 95,  3,  0,  0,  0,  7,1200,  0,  3,  0, 15,1000,  0,  0,  0,,,,,,,,,,,,,,,,,,,,,,,,,,
0126110204,  7,1200,  0,  8,111,  3,  0,  0,  0,  7,1200,  0,  2,  0, 15,1200,  0,  0,  0,,,,,,,,,,,,,,,,,,,,,,,,,,
0126110205,  7,1200,  0,  8,113,  3,  0,  0,  0,  7,1200,  0,  1,  0, 15,1200,  0,  0,  0,,,,,,,,,,,,,,,,,,,,,,,,,,
0126110206,  7,1200,  0,  8,117,  2,  0,  0,  0, 15,1200,  0,  0,  0,,,,,,,,,,,,,,,,,,,,,,,,,,,,,,,
0126110207,  7,1200,  0,  8, 96,  2,  0,  0,  0, 15,1200,  0,  0,  0,,,,,,,,,,,,,,,,,,,,,,,,,,,,,,,
0126110208,  7,1200,  0,  8,112,  3,  0,  0,  0,  7,1200,  0,  2,  0, 15,1200,  0,  0,  0,,,,,,,,,,,,,,,,,,,,,,,,,,
0126110301,  7,1700,  1, 10, 89,  2,  0,  0,  0,  7,1700,  1,  2,  0,  7,1700,  1, 12,  0,  7,2000,  0,  0,  0,,,,,,,,,,,,,,,,,,,,,
0126110302,  7,1700,  1, 10, 99,  9,  0,  0,  0,  7,1800,  1,  1,  0,  7,1800,  1, 18,  0, 15,1600,  0,  0,  0,,,,,,,,,,,,,,,,,,,,,
0126110303,  7,1700,  1, 10,121,  2,  0,  0,  0,  7,1700,  1,  2,  0,  7,1700,  1, 24,  0,  7,1800,  1,  7,  0,  7,1600,  1,  4,  0, 15,1600,  1,  0,  0,,,,,,,,,,,
0126110304,  7,1700,  1, 10,101,  2,  0,  0,  0,  7,2000,  0,  2,  0,  7,1800,  0,  2,  0,  7,1700,  1,  3,  0,  7,1800,  0,  1,  0,  7,1600,  0,  5,  0,  7,2000,  0,  7,  0,  7,1200,  0, 12,  0,
0126110305,  7,1700,  1, 10,105, 39,  0,  0,  0,  7,1400,  1,  4,  0,  7,1800,  1,  2,  0, 15,1800,  1,  0,  0,,,,,,,,,,,,,,,,,,,,,
0126110306,  7,1700,  1, 10,113,  4,  0,  0,  0,  7,1700,  1,  3,  0,  7,1600,  1,  3,  0,  7,1600,  1,  4,  0,  7,1800,  1,  4,  0,  7,1800,  1,  4,  0,  7,1600,  1,  2,  0,  7,1600,  1,  8,  0,
0126110307,  7,1700,  1, 10,104,  3,  0,  0,  0,  3,1700,  1,  2,  0,  7,2000,  0,  4,  0,  7,1600,  0, 16,  0,  7,1600,  0,  2,  0,  7,1600,  0,  3,  0,  7,1800,  0,  3,  0, 15,1600,  0,  0,  0,
0126110308,  7,1700,  1, 10,114,  7,  0,  0,  0,  7,2100,  1,  3,  0,  7,2100,  1,  2,  0,  7,2100,  1,  3,  0,  7,1800,  1,  0,  0,,,,,,,,,,,,,,,,
0126110309,  7,1700,  1, 10,103,  6,  0,  0,  0,  7,1800,  1,  3,  0,  7,1900,  1,  2,  0,  7,1800,  1,  6,  0,  7,1800,  1,  2,  0,  7,1800,  1,  3,  0,  7,1800,  1,  2,  0, 15,1800,  1,  0,  0,
0126110310,  7,1700,  1, 10, 89,  6,  0,  0,  0,  7,1800,  1,  2,  0,  7,1400,  1,  3,  0,  7,1800,  1,  2,  0,  7,1600,  1,  2,  0,  7,1200,  1,  2,  0,  7,1200,  1,  6,  0,  7,1600,  0,  1,  0,
0126110401,  7,1500,  0, 14, 97,  4,  0,  0,  0,  7,1800,  0,  9,  0,  7,1400,  1,  9,  0,  7,1000,  1,  4,  0, 15,1200,  0,  0,  0,,,,,,,,,,,,,,,,
0126110402,  7,1500,  0, 14,103,  4,  0,  0,  0,  7,1700,  1,  2,  0,  7,1200,  0, 10,  0,  7,1400,  0,  3,  0,  7,1600,  0, 32,  0, 15,1500,  0,  0,  0,,,,,,,,,,,
0126110403,  7,1500,  0, 14,110,  4,  0,  0,  0,  7,1800,  0,  6,  0,  7,1600,  0, 31,  0, 15,1600,  0,  0,  0,,,,,,,,,,,,,,,,,,,,,
0126110404,  7,1500,  0, 14,112,  2,  0,  0,  0,  7,2000,  0,  2,  0,  7,1800,  0,  4,  0,  7,1600,  0,  2,  0,  7,1600,  0,  9,  0,  7,1600,  0, 10,  0,  7,1600,  0, 13,  0, 15,2000,  0,  0,  0,
0126110405,  7,1500,  0, 14, 91,  4,  0,  0,  0,  3,1700,  0,  6,  0,  7,1800,  0,  5,  0,  7,1600,  0,  0,  0,,,,,,,,,,,,,,,,,,,,,
0126110406,  7,1500,  0, 14,116, 10,  0,  0,  0,  7,1800,  0,  3,  0,  7,1800,  0,  4,  0, 23,1800,  0,  3,  0,  7,1800,  1,  8,  0,  7,1800,  1,  2,  0, 15,1600,  0,  0,  0,,,,,,
0126110407,  7,1500,  0, 14,102,  2,  0,  0,  0,  7,1200,  0,  2,  0,  7,2000,  0,  2,  0,  7,2000,  0,  5,  0,  7,2000,  0,  2,  0,  7,1800,  0,  8,  0,  7,1600,  0,  3,  0, 15,1600,  0,  0,  0,
0126110408,  7,1500,  0, 14,102, 11,  0,  0,  0,  7,1600,  0, 16,  0,  7,1600,  0, 12,  0,  7,1600,  0,  6,  0, 15,1600,  0,  0,  0,,,,,,,,,,,,,,,,
0126110409,  7,1500,  0, 14, 93, 15,  0,  0,  0,  7,2200,  0,  4,  0,  7,1800,  0, 13,  0,  7,1800,  0,  3,  0,  7,2000,  0,  6,  0,  7,1800,  0,  5,  0, 15,1500,  0,  0,  0,,,,,,
0126110410,  7,1500,  0, 14,  0,  0,  0,  0,  0,,,,,,,,,,,,,,,,,,,,,,,,,,,,,,,,,,,,
0126110411,  7,1500,  0, 14,112, 10,  0,  0,  0,  7,1600,  0,  9,  0,  7,1600,  0,  3,  0,  7,1600,  0,  5,  0,  7,1600,  0,  6,  0,  7,1600,  0,  4,  0, 15,1800,  0,  0,  0,,,,,,
0126110412,  7,1500,  0, 14, 97, 10,  0,  0,  0,  7,1000,  0, 12,  0, 15,1400,  1,  0,  0,,,,,,,,,,,,,,,,,,,,,,,,,,
0126110413,  7,1500,  0, 14, 91,  7,  0,  0,  0,  7,1800,  0, 29,  0, 15,1600,  0,  0,  0,,,,,,,,,,,,,,,,,,,,,,,,,,
0126110414,  7,1500,  0, 14,106, 13,  0,  0,  0,  7,1700,  1,  8,  0,  7,1800,  1,  8,  0, 15,2000,  0,  0,  0,,,,,,,,,,,,,,,,,,,,,
0126110501, 15,1700,  1,  6,  0,  0,  0,  0,  0,,,,,,,,,,,,,,,,,,,,,,,,,,,,,,,,,,,,
0126110502, 15,1700,  1,  6,  0,  0,  0,  0,  0,,,,,,,,,,,,,,,,,,,,,,,,,,,,,,,,,,,,
0126110503, 15,1700,  1,  6,  0,  0,  0,  0,  0,,,,,,,,,,,,,,,,,,,,,,,,,,,,,,,,,,,,
0126110504, 15,1700,  1,  6,  0,  0,  0,  0,  0,,,,,,,,,,,,,,,,,,,,,,,,,,,,,,,,,,,,
0126110505, 15,1700,  1,  6,  0,  0,  0,  0,  0,,,,,,,,,,,,,,,,,,,,,,,,,,,,,,,,,,,,
0126110506, 15,1700,  1,  6,  0,  0,  0,  0,  0,,,,,,,,,,,,,,,,,,,,,,,,,,,,,,,,,,,,
0126110601,  7,1800,  0, 14,110,  2,  0,  0,  0,  7,1800,  0,  2,  0,  7,1800,  0,  5,  0,  7,1800,  0, 12,  0,  7,1700,  1,  1,  0,  7,1800,  0,  3,  0,  7,1800,  0,  2,  0,  7,2000,  0,  8,  0,
0126110602,  7,1800,  0, 14, 96,  2,  0,  0,  0,  7,1200,  0,  3,  0,  7,1600,  0, 11,  0,  7,1800,  0,  3,  0,  7,1600,  0,  0,  0,,,,,,,,,,,,,,,,
0126110603,  7,1800,  0, 14,101, 24,  0,  0,  0,  7,1800,  1,  4,  0,  7,1800,  0, 11,  0,  7,1600,  0,  3,  0,  7,1600,  0,  3,  0, 15,1600,  0,  0,  0,,,,,,,,,,,
0126110604,  7,1800,  0, 14,106,  2,  0,  0,  0,  7,1800,  0,  2,  0,  7,1800,  0,  4,  0,  7,2000,  0,  3,  0,  7,1800,  0,  3,  0,  7,2000,  0,  4,  0,  7,2000,  0, 18,  0,  7,2000,  0,  3,  0,
0126110605,  7,1800,  0, 14, 88,  5,  0,  0,  0,  7,1800,  0,  5,  0,  7,1800,  0,  6,  0,  7,2000,  0,  3,  0,  7,1600,  0, 17,  0,  7,1600,  0,  3,  0, 15,1600,  0,  0,  0,,,,,,
0126110606,  7,1800,  0, 14,101,  2,  0,  0,  0,  7,1800,  0,  3,  0,  7,1800,  0,  6,  0,  7,1600,  0,  3,  0, 23,1600,  0,  5,  0,  7,1400,  0,  6,  0,  7,1200,  0, 28,  0,  7,1200,  0,  3,  0,
0126110607,  7,1800,  0, 14,107,  4,  0,  0,  0,  7,2000,  0,  2,  0,  7,1800,  0,  4,  0,  7,1800,  0,  3,  0,  7,1800,  0,  8,  0,  7,2000,  0,  0,  0,,,,,,,,,,,
0126110608,  7,1800,  0, 14, 85,  6,  0,  0,  0,  7,2000,  0, 20,  0,  7,2000,  0,  9,  0, 15,1800,  0,  0,  0,,,,,,,,,,,,,,,,,,,,,
0126110609,  7,1800,  0, 14,105,  3,  0,  0,  0,  7,2000,  0,  1,  0,  7,2000,  0,  9,  0,  7,2100,  1,  5,  0,  7,1800,  1,  6,  0,  7,1600,  1,  9,  0,  7,1800,  1,  3,  0,  7,1600,  1,  3,  0,
0126110610,  7,1800,  0, 14,122,  3,  0,  0,  0,  7,1800,  0,  2,  0,  7,1800,  0, 10,  0,  7,2000,  0,  4,  0,  7,2200,  0,  2,  0,  7,1800,  0,  0,  0,,,,,,,,,,,
0126110611,  7,1800,  0, 14,106,  3,  0,  0,  0,  7,2000,  0,  2,  0,  7,1800,  0,  4,  0,  7,1800,  0,  7,  0,  7,1400,  0, 10,  0, 15,1200,  0,  0,  0,,,,,,,,,,,
0126110612,  7,1800,  0, 14, 98,  5,  0,  0,  0,  7,1800,  0,  8,  0,  7,1800,  0,  9,  0,  7,1400,  1, 13,  0, 15,1600,  0,  0,  0,,,,,,,,,,,,,,,,
0126110613,  7,1800,  0, 14, 86,  4,  0,  0,  0,  7,1700,  1,  2,  0,  7,1700,  1,  9,  0,  7,1400,  1, 11,  0, 15,2000,  0,  0,  0,,,,,,,,,,,,,,,,
0126110614,  7,1800,  0, 14, 95,  2,  0,  0,  0,  7,1800,  0,  2,  0,  7,2000,  0,  5,  0,  7,2000,  0, 10,  0,  7,1800,  1,  3,  0,  7,2400,  0,  9,  0,  7,2000,  0,  2,  0,  7,1800,  0,  7,  0,
0126110701, 23,1200,  0, 15,103,  2,  0,  0,  0, 23,1200,  0, 14,  0, 23,1200,  1,  2,  0, 23,1400,  0,  3,  0, 23,1200,  0,  4,  0, 23,1200,  0, 31,  0,  7,1200,  0,  2,  0,  7,1200,  0,  4,  0,
0126110702, 23,1200,  0, 15,110,  2,  0,  0,  0, 23,1200,  0,  4,  0, 23,1400,  0,  7,  0, 23,1200,  0,  3,  0, 23,1200,  0,  3,  0, 23,1200,  0, 14,  0,  7,1200,  0,  4,  0,  7,1200,  0,  3,  0,
0126110703, 23,1200,  0, 15,100,  2,  0,  0,  0, 23,1200,  0,  2,  0, 23,1200,  0,  1,  0, 23,1200,  0,  8,  0, 23,1200,  0,  1,  0, 23,1200,  0,  7,  0, 23,1200,  0,  3,  0, 23,1200,  0,  1,  0,
0126110704, 23,1200,  0, 15,109,  4,  0,  0,  0, 23,1200,  0,  2,  0, 23,1200,  0,  6,  0, 23,1000,  0, 10,  0, 23,1000,  1,  1,  0, 23,1000,  1, 10,  0, 23,1200,  1,  3,  0, 23,1150,  1,  4,  0,
0126110705, 23,1200,  0, 15,106,  1,  0,  0,  0, 23,1200,  0, 18,  0,115,1600,  0,  4,  0, 23,1400,  0, 13,  0,131,1200,  0,  4,  0, 23,1400,  0,  6,  0, 15,1200,  0,  0,  0,,,,,,
0126110706, 23,1200,  0, 15,118,  9,  0,  0,  0, 23,1200,  0,  2,  0, 23,1200,  0,  3,  0, 23,1200,  0,  7,  0, 23,1200,  0,  1,  0, 23,1200,  0, 13,  0,  3,1500,  1,  2,  0,  3,1500,  1,  4,  0,
0126110707, 23,1200,  0, 15,118,  7,  0,  0,  0, 23,1400,  0,  8,  0,115,2000,  0,  8,  0,163,1600,  0,  5,  0, 15,1600,  0,  0,  0,,,,,,,,,,,,,,,,
0126110708, 23,1200,  0, 15, 99,  9,  0,  0,  0,  7,1400,  0,  3,  0,  7,1600,  0, 12,  0,  7,1600,  0,  3,  0,  7,1600,  0,  9,  0, 15,1600,  0,  0,  0,,,,,,,,,,,
0126110709, 23,1200,  0, 15,119,  6,  0,  0,  0, 23,1200,  0, 18,  0, 23,1200,  0,  2,  0, 23,1200,  0,  7,  0, 23,1200,  0,  9,  0, 23,1400,  0, 11,  0,163,1200,  0,  5,  0, 15,1000,  0,  0,  0,
0126110710, 23,1200,  0, 15,107, 14,  0,  0,  0,  7,1200,  0, 13,  0,  7,1200,  1, 13,  0, 15,1400,  0,  0,  0,,,,,,,,,,,,,,,,,,,,,
0126110711, 23,1200,  0, 15,110,  3,  0,  0,  0, 23,1200,  0,  8,  0, 23,1400,  1,  3,  0, 23,1150,  1, 12,  0, 23,1400,  1, 10,  0, 23,1200,  0, 13,  0, 23,1200,  0,  5,  0, 23,1200,  0,  4,  0,
0126110712, 23,1200,  0, 15,121, 11,  0,  0,  0, 23,1200,  0,  3,  0, 23,1200,  0, 10,  0, 23,1200,  0,  4,  0, 23,1200,  1,  7,  0, 23,1200,  0,  2,  0, 23,1200,  0,  9,  0, 23,1200,  0,  2,  0,
0126110713, 23,1200,  0, 15, 97,  5,  0,  0,  0, 23,1200,  0,  1,  0, 23,1200,  0,  7,  0, 23,1200,  0,  2,  0, 23,1200,  0,  9,  0, 23,1200,  0,  8,  0, 23,1200,  0,  4,  0, 23,1200,  0, 11,  0,
0126110714, 23,1200,  0, 15, 97,  2,  0,  0,  0, 23,1150,  1,  6,  0, 23,1400,  1, 48,  0, 23,1150,  1, 18,  0, 23,1400,  1,  4,  0,  7,1200,  1,  3,  0,  7,1200,  1,  8,  0,  7,1200,  0,  3,  0,
0126110715, 23,1200,  0, 15, 89,  2,  0,  0,  0,  7,1200,  0,  3,  0,  7,1400,  0, 17,  0,  7,1200,  0, 16,  0,  7,1200,  0,  3,  0, 15,1400,  0,  0,  0,,,,,,,,,,,
0126110801, 23,1700,  1, 12, 97,  1,  0,  0,  0, 23,1800,  0,  9,  0, 23,1600,  1,  2,  0, 23,1600,  1, 10,  0, 23,1800,  1,  2,  0, 23,1800,  1,  7,  0, 43,1800,  1,  2,  0, 23,1800,  1, 13,  0,
0126110802, 23,1700,  1, 12,100,  4,  0,  0,  0, 23,1700,  1,  1,  0, 23,1700,  1,  9,  0, 23,1700,  1,  8,  0, 23,1700,  1,  3,  0, 23,1700,  1, 10,  0, 23,1700,  1, 11,  0, 23,1700,  1,  1,  0,
0126110803, 23,1700,  1, 12, 98,  7,  0,  0,  0, 23,1400,  1,  5,  0, 23,1400,  1, 23,  0, 23,1600,  0,  3,  0, 23,1400,  1, 11,  0, 23,1700,  1,  3,  0,  7,1700,  1,  8,  0,  7,1400,  1,  3,  0,
0126110804, 23,1700,  1, 12, 99,  9,  0,  0,  0, 23,1800,  1,  3,  0, 23,1800,  1, 16,  0, 23,1800,  1,  4,  0, 23,1800,  1, 11,  0, 23,1800,  1,  7,  0, 23,1700,  1,  2,  0, 23,1700,  1,  2,  0,
0126110805, 23,1700,  1, 12,112,  4,  0,  0,  0, 23,1700,  1, 13,  0,  7,1800,  1,  2,  0,  7,1800,  1,  8,  0,  7,1800,  1,  3,  0, 15,1800,  1,  0,  0,,,,,,,,,,,
0126110806, 23,1700,  1, 12,103, 47,  0,  0,  0, 23,1700,  1,  4,  0,  7,1700,  1,  2,  0,  7,1700,  1,  2,  0,  7,1700,  1,  2,  0,  7,1700,  1,  1,  0,  7,1700,  1,  8,  0,  7,1700,  1,  8,  0,
0126110807, 23,1700,  1, 12,107,  6,  0,  0,  0,  7,1700,  1,  4,  0,  7,2000,  0,  3,  0,  7,2000,  0, 16,  0,  7,2000,  0,  3,  0,  7,1600,  0,  2,  0, 15,1200,  0,  0,  0,,,,,,
0126110808, 23,1700,  1, 12, 95,  3,  0,  0,  0, 23,1800,  0,  2,  0, 23,1800,  0, 14,  0,179,1800,  0,  7,  0, 23,1800,  0,  3,  0, 15,1800,  0,  0,  0,,,,,,,,,,,
0126110809, 23,1700,  1, 12, 91, 19,  0,  0,  0, 23,1800,  1,  9,  0, 23,1800,  1,  4,  0, 23,1800,  1, 11,  0,  7,1800,  1,  3,  0,  7,2000,  0,  3,  0,  7,1800,  0,  8,  0, 15,1400,  1,  0,  0,
0126110810, 23,1700,  1, 12,101,  3,  0,  0,  0, 23,1700,  1,  4,  0, 23,1600,  1,  3,  0, 23,1600,  1, 21,  0, 23,1800,  1,  7,  0, 23,1600,  1,  4,  0, 23,1600,  1, 15,  0, 23,1600,  1,  4,  0,
0126110811, 23,1700,  1, 12, 91,  2,  0,  0,  0, 23,1700,  1,  2,  0, 23,1150,  1, 13,  0, 23,1200,  1, 16,  0, 23,1200,  1,  2,  0, 23,1400,  1, 24,  0, 23,1400,  1,  2,  0, 23,1400,  1,  7,  0,
0126110812, 23,1700,  1, 12,116,  3,  0,  0,  0,  7,1700,  1,  3,  0,  7,2000,  1,  3,  0,  7,1800,  1,  9,  0,  7,1800,  1,  2,  0,  7,1800,  1,  3,  0,  7,1900,  1,  3,  0,  7,1900,  1,  3,  0,
0126110901, 23,1800,  0, 10, 95,  4,  0,  0,  0, 23,1700,  1,  2,  0, 23,1700,  1, 16,  0,  7,1700,  1,  2,  0,  7,1700,  1,  8,  0,  7,1400,  1,  3,  0,  7,1200,  1,  7,  0, 15,1400,  1,  0,  0,
0126110902, 23,1800,  0, 10, 86,  9,  0,  0,  0, 23,1800,  1,  4,  0, 23,2600,  0,  3,  0, 23,2000,  0, 21,  0, 23,1800,  0,  5,  0, 23,2000,  0,  4,  0, 23,1800,  0, 15,  0, 23,1800,  0,  8,  0,
0126110903, 23,1800,  0, 10,110, 39,  0,  0,  0,163,1600,  0,  5,  0,  7,1600,  0, 15,  0, 15,1400,  0,  0,  0,,,,,,,,,,,,,,,,,,,,,
0126110904, 23,1800,  0, 10,121,  2,  0,  0,  0, 23,1800,  0, 16,  0, 23,2000,  0,  2,  0, 23,2000,  0,  2,  0, 23,1800,  0, 23,  0, 23,1600,  0,  2,  0, 23,2000,  0,  8,  0,  7,1800,  0,  3,  0,
0126110905, 23,1800,  0, 10,117, 13,  0,  0,  0,  7,1800,  0, 10,  0,  7,1800,  0, 13,  0, 15,1600,  0,  0,  0,,,,,,,,,,,,,,,,,,,,,
0126110906, 23,1800,  0, 10, 97, 18,  0,  0,  0,163,1800,  0,  9,  0,  7,2000,  0,  4,  0,  7,1800,  0, 11,  0, 15,1800,  0,  0,  0,,,,,,,,,,,,,,,,
0126110907, 23,1800,  0, 10, 88, 13,  0,  0,  0, 23,1800,  0,  4,  0, 23,1800,  0,  9,  0, 23,1600,  0,  6,  0, 23,2000,  0,  4,  0, 23,2000,  0, 15,  0,  7,1800,  0,  2,  0,  7,1800,  0,  3,  0,
0126110908, 23,1800,  0, 10,  0, 23,  0,  0,  0,  3,1400,  1,  3,  0,  3,1400,  1,  3,  0,  3,1500,  1,  6,  0,  3,1500,  1,  0,  0,,,,,,,,,,,,,,,,
0126110909, 23,1800,  0, 10, 93,  4,  0,  0,  0, 23,1700,  1, 10,  0, 23,1800,  1,  3,  0,  7,1800,  1,  4,  0,  7,1400,  1, 11,  0, 15,1400,  1,  0,  0,,,,,,,,,,,
0126110910, 23,1800,  0, 10,111,  2,  0,  0,  0, 23,1800,  0,  2,  0, 23,1800,  0,  2,  0, 23,1800,  0,  3,  0, 23,1600,  0,  2,  0, 23,1600,  0, 11,  0,  7,1600,  0,  2,  0,  7,1600,  0,  4,  0,
0126111001, 43,2600,  0, 11, 95,  2,  0,  0,  0, 43,2600,  0, 12,  0, 43,2600,  0,  6,  0, 43,2500,  0,  2,  0, 43,2600,  0,  4,  0, 43,2600,  0,  7,  0, 43,2500,  0,  3,  0, 43,2600,  0, 13,  0,
0126111002, 43,2600,  0, 11, 96,  3,  0,  0,  0, 43,2600,  0, 13,  0, 43,2500,  0, 14,  0, 43,2500,  0, 10,  0, 43,2200,  0,  5,  0,179,2200,  0, 10,  0, 23,2600,  0,  3,  0,  7,2600,  0,  3,  0,
0126111003, 43,2600,  0, 11, 92,  3,  0,  0,  0, 43,2600,  0, 15,  0, 43,2600,  0,  2,  0, 43,2000,  0,  8,  0, 43,2400,  0,  3,  0, 43,2400,  0,  9,  0, 43,2200,  0,  3,  0, 43,2400,  0,  6,  0,
0126111004, 43,2600,  0, 11, 96, 12,  0,  0,  0, 43,2400,  0,  4,  0, 43,2500,  0, 11,  0, 43,2200,  0, 59,  0, 43,2500,  0, 10,  0, 43,2500,  0,  8,  0, 43,2600,  0,  4,  0, 23,2600,  0, 10,  0,
0126111005, 43,2600,  0, 11, 92,  4,  0,  0,  0, 43,2600,  0, 18,  0, 43,2600,  0,  3,  0, 43,2400,  0,  3,  0, 43,2400,  0,  2,  0, 43,2500,  0, 14,  0,179,2400,  0,  3,  0, 23,2600,  0,  4,  0,
0126111006, 43,2600,  0, 11,122,  3,  0,  0,  0, 43,2600,  0,  5,  0, 43,2400,  0,  2,  0, 43,2400,  0,  3,  0, 23,2600,  0,  8,  0, 23,2600,  0,  2,  0, 23,2600,  0,  3,  0, 23,2600,  0,  5,  0,
0126111007, 43,2600,  0, 11,112,  3,  0,  0,  0, 43,2600,  0, 32,  0, 43,2400,  0,  3,  0, 43,2400,  0,  9,  0, 43,2200,  0,  5,  0, 43,2000,  0,  8,  0, 43,2400,  0,  4,  0, 43,2400,  0, 16,  0,
0126111008, 43,2600,  0, 11, 96,  2,  0,  0,  0, 43,1800,  0,  2,  0, 43,2000,  0,  2,  0, 43,1800,  0, 11,  0, 43,2000,  0,  4,  0, 43,2000,  0,  5,  0, 43,1800,  0,  3,  0, 43,2000,  0,  3,  0,
0126111009, 43,2600,  0, 11,119,  3,  0,  0,  0, 43,2600,  0, 18,  0, 23,2600,  0, 10,  0, 23,2000,  0,  8,  0, 23,1800,  1,  2,  0, 23,1900,  1, 15,  0, 23,2000,  0, 20,  0, 23,2400,  0,  9,  0,
0126111010, 43,2600,  0, 11, 85,  4,  0,  0,  0, 43,2000,  0, 15,  0, 43,1800,  1,  2,  0, 43,1700,  1,  9,  0, 43,1800,  1, 13,  0, 43,1800,  1,  4,  0, 43,1700,  1, 16,  0, 43,1800,  1, 15,  0,
0126111011, 43,2600,  0, 11,100,  6,  0,  0,  0, 23,2000,  0,  8,  0,  7,2000,  0, 12,  0,  7,2200,  0,  7,  0,  7,2000,  0,  2,  0, 15,1800,  0,  0,  0,,,,,,,,,,,
0126111101, 67,1200,  0, 12,107,  3,  0,  0,  0, 67,1200,  0,  2,  0, 67,1200,  0,  7,  0, 67,1200,  0, 19,  0, 67,1400,  0,  3,  0, 67,1400,  0, 17,  0, 43,1200,  0,  3,  0, 43,1200,  0,  3,  0,
0126111102, 67,1200,  0, 12,115,  3,  0,  0,  0, 67,1200,  0,  2,  0, 67,1200,  0, 13,  0, 67,1200,  0, 17,  0, 67,1200,  0,  5,  0, 67,1200,  0,  6,  0, 67,1200,  0, 18,  0, 67,1200,  0, 13,  0,
0126111103, 67,1200,  0, 12,117,  3,  0,  0,  0, 67,1200,  0,  9,  0, 67,1200,  0,  6,  0, 67,1200,  0,  3,  0, 67,1200,  0, 11,  0, 67,1200,  0,  3,  0, 67,1200,  0, 14,  0, 43,1200,  0, 11,  0,
0126111104, 67,1200,  0, 12,113,  3,  0,  0,  0, 67,1200,  0,  2,  0, 67,1200,  0, 13,  0, 67,1200,  0,  5,  0, 67,1200,  0,  2,  0, 67,1200,  0,  8,  0, 67,1200,  0,  2,  0, 67,1200,  0,  5,  0,
0126111105, 67,1200,  0, 12,121,  3,  0,  0,  0, 67,1200,  0,  2,  0, 67,1200,  0, 11,  0, 67,1400,  0, 25,  0, 67,1600,  0,  4,  0, 67,1600,  0, 10,  0, 67,1800,  0,  8,  0, 67,1600,  0,  6,  0,
0126111106, 67,1200,  0, 12, 90,  3,  0,  0,  0, 67,1200,  0,  5,  0,  3,1700,  1,  5,  0,  3,1700,  1, 31,  0,147,1500,  1,  8,  0,147,1800,  1,  7,  0,195,2000,  1,  5,  0,147,1600,  1,  6,  0,
0126111107, 67,1200,  0, 12,111,  7,  0,  0,  0, 43,1400,  0,  6,  0, 23,1200,  0,  6,  0, 23,1200,  0,  3,  0,  7,1200,  0, 15,  0,  7,1400,  0,  3,  0,  7,1600,  0,  2,  0, 15,1800,  0,  0,  0,
0126111108, 67,1200,  0, 12,116,  3,  0,  0,  0, 67,1200,  0,  2,  0, 43,1200,  0,  3,  0,163,1200,  0, 14,  0, 23,1200,  0,  4,  0, 23,1200,  0, 11,  0,  7,1200,  0,  2,  0,  7,1400,  0,  4,  0,
0126111109, 67,1200,  0, 12,111,  2,  0,  0,  0,131,1200,  0,  2,  0, 43,1200,  0,  4,  0,163,1200,  0, 12,  0,179,1400,  0,  4,  0, 23,1200,  0,  2,  0, 23,1200,  0,  6,  0, 23,1200,  0,  4,  0,
0126111110, 67,1200,  0, 12,110,  2,  0,  0,  0, 43,1200,  0,  9,  0, 23,1200,  1, 11,  0, 23,1400,  1,  2,  0, 23,1400,  1, 13,  0, 23,1400,  1,  5,  0, 15,1400,  1,  0,  0,,,,,,
0126111111, 67,1200,  0, 12, 82,  3,  0,  0,  0, 67,1200,  0,  2,  0, 67,1200,  0,  9,  0, 67,1200,  1, 11,  0, 67,1200,  0, 12,  0, 67,1200,  0, 10,  0, 67,1500,  0,  5,  0, 67,1200,  0,  3,  0,
0126111112, 67,1200,  0, 12,112,  3,  0,  0,  0, 67,1200,  0,  2,  0, 67,1200,  0,  7,  0, 67,1200,  0,  5,  0, 67,1200,  0,  8,  0, 67,1200,  0,  8,  0, 67,1200,  0,  2,  0, 67,1200,  0,  5,  0,
0126111201, 43,1700,  1, 11,102, 13,  0,  0,  0, 43,1400,  1,  1,  0, 43,1400,  1,  4,  0, 43,1400,  1,  2,  0, 43,1400,  1, 13,  0, 43,1400,  1,  2,  0, 43,1400,  1,  9,  0, 43,1400,  1,  2,  0,
0126111202, 43,1700,  1, 11, 94,  6,  0,  0,  0, 43,1700,  1,  8,  0, 43,1800,  1,  3,  0, 23,1800,  1,  3,  0, 23,1800,  1, 12,  0, 23,1200,  1, 14,  0, 23,1200,  1,  3,  0, 23,1200,  1,  3,  0,
0126111203, 43,1700,  1, 11,100,  4,  0,  0,  0, 43,1700,  1,  6,  0, 43,1600,  1, 24,  0, 43,1400,  1,  8,  0, 43,1600,  1,  8,  0, 43,1700,  1,  2,  0, 23,1700,  1,  5,  0, 23,1600,  1,  2,  0,
0126111204, 43,1700,  1, 11, 94,  3,  0,  0,  0, 43,1700,  1,  2,  0, 43,1700,  1,  8,  0, 43,1700,  1, 11,  0, 43,1700,  1,  2,  0, 43,1700,  1,  7,  0, 43,1800,  1,  3,  0, 43,1700,  1, 19,  0,
0126111205, 43,1700,  1, 11,129,  3,  0,  0,  0, 43,1700,  1, 10,  0, 43,1700,  1,  8,  0, 23,1700,  1,  7,  0, 23,1400,  1,  4,  0, 23,1400,  1,  2,  0, 23,1800,  1, 27,  0, 23,1800,  1,  9,  0,
0126111206, 43,1700,  1, 11,103,  1,  0,  0,  0, 43,1700,  1,  4,  0, 43,1700,  1,  1,  0, 43,1700,  1,  7,  0, 43,1700,  1,  5,  0, 43,1800,  1,  1,  0, 43,1800,  1,  2,  0, 43,1700,  1,  8,  0,
0126111207, 43,1700,  1, 11,124,  4,  0,  0,  0, 43,1700,  1,  7,  0, 23,1800,  1,  3,  0, 23,1700,  1,  7,  0, 23,1800,  1,  3,  0, 23,1800,  1,  5,  0, 23,1800,  1,  8,  0, 23,1800,  1,  3,  0,
0126111208, 43,1700,  1, 11,121,  7,  0,  0,  0, 43,1600,  1,  3,  0, 43,1400,  1,  3,  0, 43,1400,  1,  9,  0, 43,1400,  1,  3,  0, 23,1400,  1, 15,  0, 23,1400,  0,  3,  0, 23,1600,  0,  4,  0,
0126111209, 43,1700,  1, 11,106,  3,  0,  0,  0, 43,1700,  1,  2,  0, 43,1700,  1,  4,  0, 43,1600,  1,  3,  0, 43,1600,  1,  2,  0, 43,1700,  1,  8,  0, 43,1700,  1,  2,  0, 43,1700,  1,  2,  0,
0126111210, 43,1700,  1, 11, 95,  3,  0,  0,  0, 43,1700,  1, 11,  0, 43,1400,  1,  6,  0, 43,1800,  1,  6,  0, 43,1800,  1,  3,  0, 43,1800,  1, 10,  0, 43,1600,  1, 26,  0, 23,1700,  1,  4,  0,
0126111211, 43,1700,  1, 11, 98, 15,  0,  0,  0, 43,1150,  1, 26,  0, 43,1200,  1,  2,  0, 43,1200,  1, 18,  0, 43,1400,  1,  2,  0, 43,1400,  1,  8,  0, 43,1200,  1, 12,  0, 43,1400,  1,  3,  0,
0426210101,  7,1800,  8, 10,103,  3,  0,  0,  0, 15,1800,  0,  0,  0,,,,,,,,,,,,,,,,,,,,,,,,,,,,,,,
0426210102,  7,1800,  8, 10,102,  5,  0,  0,  0, 15,1800,  0,  0,  0,,,,,,,,,,,,,,,,,,,,,,,,,,,,,,,
0426210103,  7,1800,  8, 10,114,  2,  0,  0,  0, 15,1800,  0,  0,  0,,,,,,,,,,,,,,,,,,,,,,,,,,,,,,,
0426210104,  7,1800,  8, 10,102,  3,  0,  0,  0, 15,1800,  0,  0,  0,,,,,,,,,,,,,,,,,,,,,,,,,,,,,,,
0426210105,  7,1800,  8, 10, 92,  4,  0,  0,  0, 15,1800,  0,  0,  0,,,,,,,,,,,,,,,,,,,,,,,,,,,,,,,
0426210106,  7,1800,  8, 10, 95,  2,  0,  0,  0, 15,1800,  0,  0,  0,,,,,,,,,,,,,,,,,,,,,,,,,,,,,,,
0426210107,  7,1800,  8, 10,111,  3,  0,  0,  0, 15,2000,  0,  0,  0,,,,,,,,,,,,,,,,,,,,,,,,,,,,,,,
0426210108,  7,1800,  8, 10,100,  3,  0,  0,  0, 15,2000,  0,  0,  0,,,,,,,,,,,,,,,,,,,,,,,,,,,,,,,
0426210109,  7,1800,  8, 10,102,  2,  0,  0,  0, 15,1800,  0,  0,  0,,,,,,,,,,,,,,,,,,,,,,,,,,,,,,,
0426210110,  7,1800,  8, 10,112,  3,  0,  0,  0,  7,1800,  0,  4,  0, 15,1400,  0,  0,  0,,,,,,,,,,,,,,,,,,,,,,,,,,
0426210201, 15,1200,  1, 14,  0,  0,  0,  0,  0,,,,,,,,,,,,,,,,,,,,,,,,,,,,,,,,,,,,
0426210202, 15,1200,  1, 14,  0,  0,  0,  0,  0,,,,,,,,,,,,,,,,,,,,,,,,,,,,,,,,,,,,
0426210203, 15,1200,  1, 14,  0,  0,  0,  0,  0,,,,,,,,,,,,,,,,,,,,,,,,,,,,,,,,,,,,
0426210204, 15,1200,  1, 14,  0,  0,  0,  0,  0,,,,,,,,,,,,,,,,,,,,,,,,,,,,,,,,,,,,
0426210205, 15,1200,  1, 14,  0,  0,  0,  0,  0,,,,,,,,,,,,,,,,,,,,,,,,,,,,,,,,,,,,
0426210206, 15,1200,  1, 14,  0,  0,  0,  0,  0,,,,,,,,,,,,,,,,,,,,,,,,,,,,,,,,,,,,
0426210207, 15,1200,  1, 14,  0,  0,  0,  0,  0,,,,,,,,,,,,,,,,,,,,,,,,,,,,,,,,,,,,
0426210208, 15,1200,  1, 14,  0,  0,  0,  0,  0,,,,,,,,,,,,,,,,,,,,,,,,,,,,,,,,,,,,
0426210209, 15,1200,  1, 14,  0,  0,  0,  0,  0,,,,,,,,,,,,,,,,,,,,,,,,,,,,,,,,,,,,
0426210210, 15,1200,  1, 14,  0,  0,  0,  0,  0,,,,,,,,,,,,,,,,,,,,,,,,,,,,,,,,,,,,
0426210211, 15,1200,  1, 14,  0,  0,  0,  0,  0,,,,,,,,,,,,,,,,,,,,,,,,,,,,,,,,,,,,
0426210212, 15,1200,  1, 14,  0,  0,  0,  0,  0,,,,,,,,,,,,,,,,,,,,,,,,,,,,,,,,,,,,
0426210213, 15,1200,  1, 14,  0,  0,  0,  0,  0,,,,,,,,,,,,,,,,,,,,,,,,,,,,,,,,,,,,
0426210214, 15,1200,  1, 14,  0,  0,  0,  0,  0,,,,,,,,,,,,,,,,,,,,,,,,,,,,,,,,,,,,
0426210301, 15,1600,  8,  8,  0,  0,  0,  0,  0,,,,,,,,,,,,,,,,,,,,,,,,,,,,,,,,,,,,
0426210302, 15,1600,  8,  8,  0,  0,  0,  0,  0,,,,,,,,,,,,,,,,,,,,,,,,,,,,,,,,,,,,
0426210303, 15,1600,  8,  8,  0,  0,  0,  0,  0,,,,,,,,,,,,,,,,,,,,,,,,,,,,,,,,,,,,
0426210304, 15,1600,  8,  8,  0,  0,  0,  0,  0,,,,,,,,,,,,,,,,,,,,,,,,,,,,,,,,,,,,
0426210305, 15,1600,  8,  8,  0,  0,  0,  0,  0,,,,,,,,,,,,,,,,,,,,,,,,,,,,,,,,,,,,
0426210306, 15,1600,  8,  8,  0,  0,  0,  0,  0,,,,,,,,,,,,,,,,,,,,,,,,,,,,,,,,,,,,
0426210307, 15,1600,  8,  8,  0,  0,  0,  0,  0,,,,,,,,,,,,,,,,,,,,,,,,,,,,,,,,,,,,
0426210308, 15,1600,  8,  8,  0,  0,  0,  0,  0,,,,,,,,,,,,,,,,,,,,,,,,,,,,,,,,,,,,
0426210401,  7,1200,  1, 15,  0,  0,  0,  0,  0,,,,,,,,,,,,,,,,,,,,,,,,,,,,,,,,,,,,
0426210402,  7,1200,  1, 15, 93,  5,  0,  0,  0,  7,1600,  1,  3,  0,  7,1400,  0,  0,  0,,,,,,,,,,,,,,,,,,,,,,,,,,
0426210403,  7,1200,  1, 15,113,  9,  0,  0,  0,  7,1400,  1,  3,  0,  7,1400,  1,  0,  0,,,,,,,,,,,,,,,,,,,,,,,,,,
0426210404,  7,1200,  1, 15,111, 11,  0,  0,  0,  7,1200,  1,  1,  0,  7,1200,  1,  6,  0,  7,1200,  1,  1,  0,  7,1200,  1,  7,  0,  7,1400,  1,  2,  0,  7,1200,  1,  3,  0,  7,1200,  1,  2,  0,
0426210405,  7,1200,  1, 15, 92, 12,  0,  0,  0,  7,1600,  1,  2,  0,  7,1200,  1,  0,  0,,,,,,,,,,,,,,,,,,,,,,,,,,
0426210406,  7,1200,  1, 15,107, 10,  0,  0,  0,  7,1400,  1,  0,  0,,,,,,,,,,,,,,,,,,,,,,,,,,,,,,,
0426210407,  7,1200,  1, 15,111,  3,  0,  0,  0,  7,1150,  1,  8,  0,  7,1200,  1,  2,  0,  7,1150,  1,  2,  0,  7,1150,  1, 11,  0,  7,1800,  0,  6,  0,  7,2000,  0,  3,  0,  7,1800,  0, 10,  0,
0426210408,  7,1200,  1, 15, 97, 10,  0,  0,  0,  7,1300,  1,  8,  0,  7,1200,  1,  0,  0,,,,,,,,,,,,,,,,,,,,,,,,,,
0426210409,  7,1200,  1, 15,104, 12,  0,  0,  0,  7,1400,  1,  3,  0,  7,1200,  1,  5,  0,  7,1200,  1,  0,  0,,,,,,,,,,,,,,,,,,,,,
0426210410,  7,1200,  1, 15, 98,  5,  0,  0,  0,  7,1400,  1,  4,  0,  7,1400,  1,  7,  0,  7,1200,  1, 16,  0,  7,1200,  1,  9,  0, 15,1600,  1,  0,  0,,,,,,,,,,,
0426210411,  7,1200,  1, 15, 99,  6,  0,  0,  0,  7,1300,  1,  4,  0,  7,1600,  1, 14,  0,  7,1400,  1,  0,  0,,,,,,,,,,,,,,,,,,,,,
0426210412,  7,1200,  1, 15, 81, 10,  0,  0,  0,  7,1200,  1,  0,  0,,,,,,,,,,,,,,,,,,,,,,,,,,,,,,,
0426210413,  7,1200,  1, 15, 89, 11,  0,  0,  0,  7,1400,  1,  6,  0,  7,1600,  0, 18,  0,  7,1600,  0, 13,  0, 15,1600,  0,  0,  0,,,,,,,,,,,,,,,,
0426210414,  7,1200,  1, 15,124, 10,  0,  0,  0,  7,1400,  1,  3,  0,  7,1600,  1, 15,  0,  7,2000,  0,  3,  0, 15,2000,  0,  0,  0,,,,,,,,,,,,,,,,
0426210415,  7,1200,  1, 15,119,  4,  0,  0,  0,  7,1150,  1, 10,  0,  7,1150,  1,  7,  0,  7,1200,  0,  2,  0,  7,1200,  0,  5,  0,  7,1200,  1, 18,  0, 15,1200,  0,  0,  0,,,,,,
0426210501, 23,1800,  8, 11,102,  5,  0,  0,  0, 23,1600,  0,  2,  0, 23,1600,  0, 10,  0, 23,2200,  0,  5,  0, 23,1800,  0,  3,  0, 23,1800,  0,  3,  0, 23,2000,  0,  4,  0, 23,1800,  0,  3,  0,
0426210502, 23,1800,  8, 11,100,  4,  0,  0,  0, 23,2000,  0,  2,  0, 23,1800,  0, 10,  0,  7,2000,  0,  4,  0,  7,2000,  0, 26,  0,  7,2000,  0,  4,  0,  7,2000,  0,  3,  0, 15,2000,  0,  0,  0,
0426210503, 23,1800,  8, 11,106, 31,  0,  0,  0, 23,2200,  0,  4,  0, 23,2400,  0,  4,  0, 23,2000,  0, 10,  0,  7,2000,  0,  1,  0,  7,2000,  0,  7,  0,  7,2000,  0,  4,  0,  7,2200,  0,  3,  0,
0426210504, 23,1800,  8, 11, 93, 32,  0,  0,  0, 23,1800,  0,  8,  0, 23,2000,  0,  4,  0, 23,2000,  0,  3,  0, 23,2000,  0,  3,  0, 23,2000,  0, 11,  0, 23,2000,  0,  3,  0, 23,1800,  0,  3,  0,
0426210505, 23,1800,  8, 11,115,  9,  0,  0,  0, 23,1600,  0, 72,  0,  7,1600,  0,  0,  0,,,,,,,,,,,,,,,,,,,,,,,,,,
0426210506, 23,1800,  8, 11, 99,  3,  0,  0,  0, 23,1800,  0, 61,  0,115,1800,  0,  5,  0, 23,2000,  0, 10,  0, 23,1600,  0, 13,  0,  7,1600,  0,  3,  0, 15,1600,  0,  0,  0,,,,,,
0426210507, 23,1800,  8, 11,113,  5,  0,  0,  0, 23,1600,  0, 20,  0, 23,1800,  0, 10,  0, 23,1600,  0, 10,  0,  7,1600,  0,  3,  0,  7,1800,  0,  9,  0,  7,1800,  0,  4,  0,  7,1800,  0,  4,  0,
0426210508, 23,1800,  8, 11, 94, 10,  0,  0,  0, 23,2000,  0, 30,  0, 23,2200,  0,  3,  0, 23,2200,  0,  5,  0, 23,1800,  0, 13,  0,  7,2200,  0,  6,  0,  7,2000,  0, 12,  0,  7,1800,  1,  4,  0,
0426210509, 23,1800,  8, 11, 95,  2,  0,  0,  0, 23,2000,  0,  8,  0, 23,1800,  0,  3,  0, 23,1800,  0,  2,  0, 23,2000,  0,  6,  0, 23,2000,  0,  2,  0, 23,2000,  0, 72,  0, 23,2200,  0,  2,  0,
0426210510, 23,1800,  8, 11,111,  9,  0,  0,  0, 23,1800,  0, 10,  0,115,1600,  0,  9,  0,163,1600,  0, 11,  0, 15,1800,  0,  0,  0,,,,,,,,,,,,,,,,
0426210511, 23,1800,  8, 11,107, 13,  0,  0,  0, 23,1800,  0,  6,  0, 23,2400,  0, 11,  0, 15,1600,  0,  0,  0,,,,,,,,,,,,,,,,,,,,,
0426210601, 43,1600,  8, 15, 89,  7,  0,  0,  0, 43,1400,  0,  4,  0, 43,1400,  0, 11,  0, 43,1400,  0, 13,  0, 43,1400,  0,  4,  0, 43,1400,  0,  8,  0, 43,1200,  0,  1,  0, 43,1200,  0,  3,  0,
0426210602, 43,1600,  8, 15, 92,  9,  0,  0,  0, 43,1400,  0,  2,  0, 43,1400,  0, 20,  0, 43,1400,  0,  6,  0, 43,1400,  0, 10,  0, 43,1200,  0,  9,  0, 43,1200,  0,  7,  0, 43,1400,  0,  9,  0,
0426210603, 43,1600,  8, 15,103,  4,  0,  0,  0, 43,2000,  0,  6,  0, 43,1800,  0,  4,  0, 43,2000,  0, 35,  0, 43,2000,  0,  5,  0, 43,2000,  0, 15,  0, 43,2000,  0,  5,  0, 23,2000,  0, 19,  0,
0426210604, 43,1600,  8, 15, 93,  8,  0,  0,  0, 43,1600,  0,  2,  0, 43,1600,  0,  6,  0, 43,1600,  0,  7,  0, 43,1600,  0,  3,  0, 43,1600,  0,  5,  0, 43,1600,  0,  3,  0, 43,1600,  0,  2,  0,
0426210605, 43,1600,  8, 15, 97, 16,  0,  0,  0, 43,1800,  1,  6,  0, 43,1600,  0, 20,  0, 43,2000,  0,  5,  0, 43,2000,  0, 16,  0,179,2200,  0,  9,  0,179,2000,  0, 13,  0, 23,2000,  0,  8,  0,
0426210606, 43,1600,  8, 15,100,  9,  0,  0,  0, 43,1800,  0,  3,  0, 43,1800,  0, 27,  0, 43,1800,  0,  3,  0, 43,1800,  0, 10,  0, 23,1800,  0,  5,  0, 23,1800,  0,  3,  0, 23,1800,  0,  2,  0,
0426210607, 43,1600,  8, 15,116,  4,  0,  0,  0,163,1800,  0, 11,  0,179,1600,  0,  4,  0,179,1800,  0,  4,  0,163,1800,  0, 13,  0,179,1600,  0,  5,  0,163,1600,  0,  7,  0,  7,1600,  0,  4,  0,
0426210608, 43,1600,  8, 15,104,  9,  0,  0,  0, 23,1600,  0,  6,  0, 23,1600,  0, 11,  0, 23,1800,  0,  9,  0, 23,2000,  0,  6,  0, 23,1600,  0,  8,  0, 23,1500,  0,  3,  0, 23,1500,  0,  9,  0,
0426210609, 43,1600,  8, 15,120,  4,  0,  0,  0,163,1800,  0,  7,  0,195,1600,  0,  4,  0,179,1600,  0,  4,  0,179,1800,  0,  8,  0,163,2000,  0,  3,  0,195,2000,  0, 16,  0,163,1800,  0,  3,  0,
0426210610, 43,1600,  8, 15, 93,  5,  0,  0,  0, 43,1400,  0,  7,  0, 23,1400,  0, 11,  0, 23,1600,  0,  3,  0, 23,1600,  0, 13,  0, 23,1800,  0, 10,  0, 23,1800,  0, 15,  0,115,1800,  0, 12,  0,
0426210611, 43,1600,  8, 15,113,  7,  0,  0,  0, 23,1600,  0,  2,  0, 23,1600,  0,  4,  0, 23,1600,  0, 10,  0, 23,1600,  0, 13,  0, 23,1400,  1,  6,  0, 23,1600,  1,  9,  0, 23,1600,  0,  9,  0,
0426210612, 43,1600,  8, 15, 91,  5,  0,  0,  0, 43,1400,  0, 36,  0, 43,1600,  0,  7,  0, 23,1600,  0,  9,  0, 23,1600,  0,  9,  0, 23,1800,  0,  9,  0,163,1600,  0,  6,  0,115,1600,  0,  4,  0,
0426210613, 43,1600,  8, 15,116, 10,  0,  0,  0, 43,1600,  0,  2,  0, 23,1600,  0, 10,  0, 23,1600,  0,  3,  0, 23,1800,  0, 11,  0, 23,1600,  0,  2,  0, 23,1600,  0,  3,  0, 23,1600,  0,  5,  0,
0426210614, 43,1600,  8, 15,131, 10,  0,  0,  0, 43,1800,  0, 12,  0, 23,1800,  0, 13,  0, 23,2000,  0, 10,  0,  7,2000,  0, 35,  0,  7,2000,  0,  9,  0, 15,2000,  0,  0,  0,,,,,,
0426210615, 43,1600,  8, 15,112, 10,  0,  0,  0, 23,1600,  0,  3,  0, 23,1400,  0,  4,  0, 23,1400,  0, 62,  0,115,1400,  0,  5,  0,  7,1400,  0,  9,  0,  7,1400,  0,  4,  0, 15,1400,  0,  0,  0,
0426210701, 67,1400,  0, 18, 95, 17,  0,  0,  0, 67,1200,  0,  3,  0, 43,1200,  0,  2,  0, 43,1400,  0, 15,  0, 43,1400,  0,  5,  0, 43,1400,  0,  5,  0, 23,1400,  0, 13,  0, 23,1400,  0,  3,  0,
0426210702, 67,1400,  0, 18,127,  9,  0,  0,  0, 67,1400,  0,  4,  0, 67,1400,  0,  6,  0, 67,1600,  0,  8,  0, 67,1600,  0,  8,  0, 67,1600,  0,  8,  0, 67,1600,  0,  9,  0, 43,1600,  0, 11,  0,
0426210703, 67,1400,  0, 18,115,  8,  0,  0,  0, 67,1400,  0,  8,  0, 67,1400,  0,  7,  0, 67,1200,  0,  7,  0, 67,1200,  0,  6,  0, 67,1400,  0,  4,  0, 67,1200,  0, 12,  0, 67,1200,  0,  3,  0,
0426210704, 67,1400,  0, 18,111,  2,  0,  0,  0, 67,1200,  0,  3,  0, 67,1400,  0, 21,  0, 67,1200,  1, 15,  0, 67,1400,  1, 21,  0, 67,1400,  1,  8,  0, 43,1200,  1,  1,  0, 43,1200,  1, 12,  0,
0426210705, 67,1400,  0, 18, 91,  9,  0,  0,  0, 67,1400,  0,  7,  0, 67,1400,  0,  4,  0, 67,1600,  0,  3,  0, 67,1600,  0,  3,  0, 43,1400,  0,  4,  0, 43,1600,  0,  3,  0, 43,1400,  0,  8,  0,
0426210706, 67,1400,  0, 18,109,  9,  0,  0,  0, 67,1400,  0, 10,  0, 67,1600,  0,  3,  0, 43,1400,  0,  9,  0, 43,1600,  0,  4,  0, 43,1400,  0, 10,  0, 43,1600,  0,  4,  0, 23,1500,  0, 15,  0,
0426210707, 67,1400,  0, 18, 90, 13,  0,  0,  0, 67,1400,  0,  4,  0, 67,1200,  0,  6,  0, 67,1600,  0,  2,  0, 67,1400,  0, 17,  0, 67,1400,  0,  6,  0, 67,1600,  0,  4,  0, 67,1400,  0,  7,  0,
0426210708, 67,1400,  0, 18,111, 13,  0,  0,  0, 43,1400,  0,  4,  0, 43,1400,  0,  5,  0, 43,1400,  0, 11,  0, 43,1200,  0, 11,  0, 43,1200,  0, 11,  0, 23,1200,  0,  3,  0, 23,1400,  0,  9,  0,
0426210709, 67,1400,  0, 18,108, 13,  0,  0,  0, 67,1400,  0, 12,  0, 67,1400,  0,  6,  0, 67,1400,  0,  3,  0, 67,1400,  0, 11,  0, 67,1600,  0,  3,  0, 43,1600,  0, 15,  0,115,1400,  0,  5,  0,
0426210710, 67,1400,  0, 18, 94, 13,  0,  0,  0, 67,1400,  0, 13,  0, 67,1400,  0,  7,  0, 43,1400,  0,  9,  0, 43,1400,  0, 17,  0, 23,1400,  0, 11,  0, 23,1200,  0,  6,  0, 23,1400,  0, 15,  0,
0426210711, 67,1400,  0, 18,109,  5,  0,  0,  0, 67,1200,  0, 12,  0, 67,1200,  0,  4,  0, 67,1200,  0, 12,  0, 67,1400,  0,  9,  0, 67,1400,  0, 15,  0, 67,1400,  0,  8,  0, 67,1400,  0,  8,  0,
0426210712, 67,1400,  0, 18, 89, 14,  0,  0,  0, 67,1600,  0,  2,  0, 67,1400,  0,  4,  0, 67,1600,  0, 11,  0, 67,1400,  0,  2,  0, 67,1400,  0,  1,  0, 67,1400,  0,  7,  0, 43,1400,  0,  2,  0,
0426210713, 67,1400,  0, 18, 98,  5,  0,  0,  0, 67,1200,  0, 12,  0, 67,1200,  0, 11,  0, 67,1200,  1, 13,  0, 67,1400,  1, 10,  0, 67,1400,  1,  8,  0, 43,1400,  1,  4,  0, 43,1400,  1, 11,  0,
0426210714, 67,1400,  0, 18, 90,  8,  0,  0,  0, 67,1400,  0,  8,  0, 67,1400,  1, 18,  0, 67,1400,  0,  5,  0, 67,1400,  0,  4,  0, 67,1200,  0, 23,  0, 67,1400,  0,  3,  0, 67,1600,  0,  9,  0,
0426210715, 67,1400,  0, 18, 85,  2,  0,  0,  0, 67,1200,  0,  3,  0, 67,1400,  0,  8,  0, 67,1400,  0,  3,  0, 67,1400,  0,  2,  0, 67,1200,  0,  8,  0, 67,1200,  1,  3,  0, 67,1200,  1,  2,  0,
0426210716, 67,1400,  0, 18,118,  8,  0,  0,  0, 67,1400,  0,  9,  0, 67,1600,  0,  5,  0, 67,1400,  0,  4,  0, 67,1400,  0, 10,  0, 67,1400,  0,  3,  0, 67,1400,  0, 12,  0, 67,1400,  0,  9,  0,
0426210717, 67,1400,  0, 18,118, 26,  0,  0,  0, 67,1400,  0,  5,  0, 67,1400,  0,  2,  0, 67,1200,  0,  6,  0, 43,1200,  0,  4,  0, 43,1200,  0,  3,  0, 43,1200,  0,  1,  0, 43,1200,  0,  7,  0,
0426210718, 67,1400,  0, 18,102,  5,  0,  0,  0, 67,1400,  0, 15,  0, 67,1600,  0,  4,  0, 67,1600,  0,  4,  0, 67,1600,  0,  3,  0, 67,1400,  0,  2,  0, 67,1400,  0,  2,  0, 67,1600,  0,  4,  0,
0426210801, 23,1800,  1, 13,109,  2,  0,  0,  0, 23,1700,  1, 10,  0,163,1900,  1,  3,  0, 23,1800,  1,  4,  0, 23,1800,  1,  6,  0,  7,1800,  1,  3,  0,  7,1800,  1,  3,  0,  7,1800,  1, 10,  0,
0426210802, 23,1800,  1, 13, 87,  9,  0,  0,  0, 23,2400,  0,  2,  0, 23,1800,  1,  2,  0, 23,1700,  1, 17,  0, 23,1800,  1,  2,  0, 23,1800,  1,  7,  0, 23,1800,  1,  1,  0, 23,1800,  1,  7,  0,
0426210803, 23,1800,  1, 13,  0, 14,  0,  0,  0,  3,1600,  1,  4,  0,  3,1400,  1,  2,  0,  3,1300,  1,  2,  0,  3,1300,  1,  2,  0,  3,1300,  1,  1,  0,  3,1400,  1,  4,  0,  3,1300,  1,  6,  0,
0426210804, 23,1800,  1, 13, 96,  5,  0,  0,  0, 23,1600,  1,  7,  0, 23,1800,  1,  2,  0, 23,1700,  1,  3,  0, 23,1800,  1,  2,  0, 23,1800,  1,  7,  0, 23,1800,  1,  4,  0, 23,1400,  1,  3,  0,
0426210805, 23,1800,  1, 13,103,  9,  0,  0,  0, 23,2400,  0,  2,  0, 23,2400,  0,  3,  0, 23,2000,  0, 49,  0,  7,2400,  0, 13,  0, 15,1800,  0,  0,  0,,,,,,,,,,,
0426210806, 23,1800,  1, 13,102,  6,  0,  0,  0,  7,1600,  1,  9,  0,  7,1700,  1, 13,  0,  7,1800,  1,  3,  0,  7,1800,  1,  5,  0,  7,1700,  1,  4,  0, 15,1600,  1,  0,  0,,,,,,
0426210807, 23,1800,  1, 13, 96,  2,  0,  0,  0, 23,1150,  1,  7,  0, 23,1400,  1,  3,  0, 23,1400,  1,  9,  0, 23,1400,  1,  8,  0, 23,1800,  1,  9,  0, 23,2100,  1,  3,  0, 23,2100,  1,  4,  0,
0426210808, 23,1800,  1, 13,113, 10,  0,  0,  0, 23,1600,  1, 25,  0, 23,1700,  1,  8,  0, 23,1800,  1, 15,  0, 23,1700,  1, 12,  0, 23,1800,  1,  8,  0, 23,1800,  1,  9,  0, 23,1600,  1,  9,  0,
0426210809, 23,1800,  1, 13,105,  6,  0,  0,  0, 23,1400,  1,  4,  0,  7,1300,  1,  3,  0,  7,1300,  1, 11,  0,  7,1300,  1, 10,  0,  7,1600,  1,  3,  0, 15,1300,  1,  0,  0,,,,,,
0426210810, 23,1800,  1, 13,105,  4,  0,  0,  0, 23,2000,  0,  7,  0, 23,2400,  0,  6,  0, 23,2200,  0, 29,  0,  7,2000,  0,  3,  0,  7,2200,  0,  3,  0,  7,2200,  0,  2,  0,  7,1800,  0,  3,  0,
0426210811, 23,1800,  1, 13,110,  7,  0,  0,  0,  7,2100,  1, 31,  0, 15,1600,  0,  0,  0,,,,,,,,,,,,,,,,,,,,,,,,,,
0426210812, 23,1800,  1, 13, 79,  8,  0,  0,  0,  3,1400,  1,  1,  0,  3,1300,  1, 11,  0,  7,2200,  0,  0,  0,,,,,,,,,,,,,,,,,,,,,
0426210813, 23,1800,  1, 13, 93,  7,  0,  0,  0, 23,1800,  1,  2,  0, 23,1800,  1,  3,  0, 23,1800,  1, 10,  0, 23,1800,  1,  3,  0, 23,1700,  1, 13,  0,  3,1700,  1,  3,  0,  3,1800,  1,  2,  0,
0426211001,  7,1800,  1, 15, 98,  6,  0,  0,  0,  7,2400,  0,  4,  0,  7,2000,  0, 12,  0,  7,2400,  0,  3,  0, 15,1800,  0,  0,  0,,,,,,,,,,,,,,,,
0426211002,  7,1800,  1, 15, 97,  5,  0,  0,  0,  7,1400,  1, 10,  0,  7,2000,  0,  0,  0,,,,,,,,,,,,,,,,,,,,,,,,,,
0426211003,  7,1800,  1, 15,100,  2,  0,  0,  0,  7,1700,  1,  6,  0,  7,1600,  1,  3,  0,  7,1600,  1,  0,  0,,,,,,,,,,,,,,,,,,,,,
0426211004,  7,1800,  1, 15, 89,  1,  0,  0,  0,  7,1700,  1,  2,  0,  7,1700,  1, 12,  0,  7,1800,  1,  8,  0,  7,1700,  1,  1,  0,  7,1700,  1,  4,  0, 15,1200,  1,  0,  0,,,,,,
0426211005,  7,1800,  1, 15,101,  4,  0,  0,  0,  7,1700,  1,  0,  0,,,,,,,,,,,,,,,,,,,,,,,,,,,,,,,
0426211006,  7,1800,  1, 15, 90, 18,  0,  0,  0,  7,1800,  1,  9,  0,  7,1800,  1,  2,  0,  7,1800,  1, 12,  0, 15,1600,  1,  0,  0,,,,,,,,,,,,,,,,
0426211007,  7,1800,  1, 15,103,  3,  0,  0,  0,  7,1700,  1, 11,  0,  7,1150,  1,  3,  0,  7,1200,  1, 15,  0,  7,1200,  1,  5,  0,  7,1600,  0,  2,  0,  7,1200,  1, 19,  0, 15,1400,  0,  0,  0,
0426211008,  7,1800,  1, 15, 95, 12,  0,  0,  0,  7,1800,  1,  2,  0,  7,1700,  1,  3,  0,  7,1800,  1,  3,  0,  7,2000,  0, 16,  0, 15,2000,  0,  0,  0,,,,,,,,,,,
0426211009,  7,1800,  1, 15,111,  5,  0,  0,  0,  7,1600,  1,  4,  0,  7,1600,  1,  2,  0,  7,1600,  1,  5,  0,  7,1800,  1,  3,  0,  7,1800,  1,  0,  0,,,,,,,,,,,
0426211010,  7,1800,  1, 15, 98,  3,  0,  0,  0,  7,1700,  1,  0,  0,,,,,,,,,,,,,,,,,,,,,,,,,,,,,,,
0426211011,  7,1800,  1, 15, 94,  3,  0,  0,  0,  7,1700,  1, 12,  0,  7,1700,  1, 14,  0,  7,1800,  1,  4,  0,  7,1200,  1,  4,  0, 15,1700,  1,  0,  0,,,,,,,,,,,
0426211012,  7,1800,  1, 15,109,  7,  0,  0,  0,  7,1400,  1,  3,  0,  7,1400,  1,  3,  0,  7,1400,  1,  3,  0,  7,1200,  1,  7,  0,  7,1200,  1,  2,  0,  7,1200,  1,  8,  0,  7,1400,  1, 13,  0,
0426211013,  7,1800,  1, 15, 91,  2,  0,  0,  0,  7,1700,  1,  2,  0,  7,1000,  1,  6,  0,  7,1200,  1,  0,  0,,,,,,,,,,,,,,,,,,,,,
0426211014,  7,1800,  1, 15,113,  3,  0,  0,  0,  7,1700,  1,  5,  0,  7,1600,  1,  3,  0,  7,1600,  1,  2,  0,  7,1400,  1, 15,  0,  7,1800,  1,  1,  0,  7,1200,  1,  5,  0,  7,1400,  0, 13,  0,
0426211015,  7,1800,  1, 15, 94,  9,  0,  0,  0,  7,1800,  1,  3,  0,  7,1600,  1,  8,  0,  7,2000,  0, 12,  0,  7,1600,  0,  3,  0, 15,1600,  0,  0,  0,,,,,,,,,,,
0426211101,  7,1000,  0, 18, 92,  9,  0,  0,  0,  7,1200,  0, 15,  0,  7,1600,  1,  2,  0,  7,1800,  1,  0,  0,,,,,,,,,,,,,,,,,,,,,
0426211102,  7,1000,  0, 18, 89, 11,  0,  0,  0,  7,1000,  0, 31,  0,  7,1800,  0,  1,  0,  7,1200,  0,  7,  0, 15,1200,  0,  0,  0,,,,,,,,,,,,,,,,
0426211103,  7,1000,  0, 18, 94, 11,  0,  0,  0,  7,1600,  0,  9,  0,  7,2000,  0,  4,  0, 15,1800,  0,  0,  0,,,,,,,,,,,,,,,,,,,,,
0426211104,  7,1000,  0, 18, 99, 11,  0,  0,  0,  7,1400,  0,  6,  0,  7,1200,  1,  9,  0,  7,1200,  1,  4,  0,  7,1200,  1, 19,  0, 15,1400,  1,  0,  0,,,,,,,,,,,
0426211105,  7,1000,  0, 18, 99, 10,  0,  0,  0,  7,1400,  0,  5,  0,  7,1200,  0, 17,  0,  7,1200,  0,  3,  0, 15,1400,  0,  0,  0,,,,,,,,,,,,,,,,
0426211106,  7,1000,  0, 18, 95, 10,  0,  0,  0,  7,1400,  0,  8,  0,  7,1200,  1,  3,  0,  7,1200,  1,  9,  0,  7,2000,  0,  9,  0, 15,1600,  0,  0,  0,,,,,,,,,,,
0426211107,  7,1000,  0, 18, 96, 50,  0,  0,  0,  7,1200,  1,  7,  0, 15,1400,  0,  0,  0,,,,,,,,,,,,,,,,,,,,,,,,,,
0426211108,  7,1000,  0, 18, 85,  9,  0,  0,  0,  7,1600,  0,  0,  0,,,,,,,,,,,,,,,,,,,,,,,,,,,,,,,
0426211109,  7,1000,  0, 18, 87,  8,  0,  0,  0,  7,1400,  1,  6,  0,  7,1150,  1,  8,  0,  7,1200,  0,  0,  0,,,,,,,,,,,,,,,,,,,,,
0426211110,  7,1000,  0, 18,108,  4,  0,  0,  0,  7,1200,  0, 23,  0,  7,1600,  0, 15,  0,  7,1400,  0,  4,  0, 15,1200,  0,  0,  0,,,,,,,,,,,,,,,,
0426211111,  7,1000,  0, 18, 86, 11,  0,  0,  0,  7,1200,  1, 15,  0, 15,1200,  1,  0,  0,,,,,,,,,,,,,,,,,,,,,,,,,,
0426211112,  7,1000,  0, 18, 82,  4,  0,  0,  0,  3,1700,  0, 12,  0,  7,1200,  1,  6,  0, 15,1400,  1,  0,  0,,,,,,,,,,,,,,,,,,,,,
0426211113,  7,1000,  0, 18, 87,  8,  0,  0,  0,  7,1400,  0,  5,  0,  7,1200,  0,  2,  0,  7,1200,  0,  0,  0,,,,,,,,,,,,,,,,,,,,,
0426211114,  7,1000,  0, 18, 92, 26,  0,  0,  0,  3,1600,  1,  4,  0, 15,1600,  0,  0,  0,,,,,,,,,,,,,,,,,,,,,,,,,,
0426211115,  7,1000,  0, 18, 95,  8,  0,  0,  0,  7,1400,  1, 32,  0, 15,1400,  0,  2,  0, 15,1400,  0,  0,  0,,,,,,,,,,,,,,,,,,,,,
0426211116,  7,1000,  0, 18,117,  3,  0,  0,  0,  7,1200,  0, 10,  0,  7,1200,  0,  2,  0,  7,1150,  1,  9,  0,  7,1300,  1,  0,  0,,,,,,,,,,,,,,,,
0426211117,  7,1000,  0, 18, 96, 28,  0,  0,  0, 15,1800,  1,  0,  0,,,,,,,,,,,,,,,,,,,,,,,,,,,,,,,
0426211118,  7,1000,  0, 18,109, 10,  0,  0,  0,  7,1000,  0,  1,  0,  7,1000,  0, 15,  0,  7,1200,  1, 17,  0, 15,1200,  1,  0,  0,,,,,,,,,,,,,,,,
0426211201, 23,1400,  0, 17, 93, 18,  0,  0,  0, 23,1200,  0,  3,  0,115,1200,  0,  2,  0, 23,1400,  0, 15,  0,163,1200,  1,  6,  0,131,1200,  0, 10,  0, 15,1200,  0,  0,  0,,,,,,
0426211202, 23,1400,  0, 17,114,  8,  0,  0,  0, 23,1400,  0,  5,  0,  7,1400,  0, 15,  0,  7,1600,  0, 11,  0,  7,1600,  0,  1,  0,  7,1600,  0,  3,  0, 15,1600,  0,  0,  0,,,,,,
0426211203, 23,1400,  0, 17,114, 46,  0,  0,  0, 23,1500,  0,  3,  0, 23,1500,  0,  9,  0, 23,1400,  0,  3,  0,  7,1400,  0, 10,  0,  7,1600,  0, 13,  0,  7,1800,  0,  4,  0,  7,1800,  0,  4,  0,
0426211204, 23,1400,  0, 17,111, 19,  0,  0,  0,115,1600,  0,  6,  0,115,1400,  0, 23,  0, 15,1600,  0,  0,  0,,,,,,,,,,,,,,,,,,,,,
0426211205, 23,1400,  0, 17,102, 10,  0,  0,  0, 23,1600,  0,  9,  0,115,1600,  0,  6,  0,  7,1600,  0, 12,  0,  7,1600,  0,  7,  0,  7,1800,  0,  9,  0, 15,1800,  0,  0,  0,,,,,,
0426211206, 23,1400,  0, 17, 95,  9,  0,  0,  0, 23,1600,  0,  2,  0, 23,1800,  1,  4,  0, 23,1700,  1, 10,  0, 23,1600,  1,  3,  0, 23,1600,  0, 14,  0, 23,1400,  0,  4,  0, 23,1200,  0, 18,  0,
0426211207, 23,1400,  0, 17, 96, 16,  0,  0,  0, 23,2000,  0, 49,  0,179,2000,  0, 18,  0,  7,2000,  0,  8,  0, 15,2000,  0,  0,  0,,,,,,,,,,,,,,,,
0426211208, 23,1400,  0, 17,  0, 34,  0,  0,  0,  3,1400,  1,  3,  0,  3,1600,  1,  2,  0,  3,1400,  1,  3,  0,  3,1400,  1,  1,  0,  3,1400,  1,  4,  0,  7,1600,  0,  2,  0,  7,1400,  0,  6,  0,
0426211209, 23,1400,  0, 17,105,  8,  0,  0,  0, 23,1400,  0, 10,  0,163,1400,  0, 17,  0, 15,1400,  0,  0,  0,,,,,,,,,,,,,,,,,,,,,
0426211210, 23,1400,  0, 17,112,  3,  0,  0,  0, 23,1200,  0, 11,  0,  7,1200,  0,  9,  0,  7,1200,  0,  2,  0,  7,1200,  0, 10,  0,  7,1200,  0,  2,  0, 15,1200,  0,  0,  0,,,,,,
0426211211, 23,1400,  0, 17,115, 15,  0,  0,  0, 23,1600,  0,  4,  0, 23,1200,  1, 12,  0, 23,1800,  1,  4,  0, 23,1600,  1,  7,  0, 23,1800,  0,  4,  0, 23,1800,  0,  8,  0, 23,1800,  0,  7,  0,
0426211212, 23,1400,  0, 17,111,  8,  0,  0,  0,  7,1400,  0,  3,  0,  7,1400,  0,  8,  0,  7,1400,  0, 13,  0,  7,1200,  0,  3,  0,  7,1400,  0,  6,  0,  7,1400,  0,  7,  0, 15,1600,  0,  0,  0,
0426211213, 23,1400,  0, 17, 99, 10,  0,  0,  0, 23,1800,  0,  7,  0, 23,1600,  0, 10,  0, 23,1600,  0,  4,  0, 23,1600,  0, 15,  0, 23,1600,  0,  5,  0, 23,2000,  0,  8,  0,  7,1800,  0,  2,  0,
0426211214, 23,1400,  0, 17,102,  7,  0,  0,  0,  7,1400,  1, 11,  0,  7,1200,  1,  2,  0,  7,1200,  1, 13,  0,  7,1600,  0,  2,  0, 15,1600,  0,  0,  0,,,,,,,,,,,
0426211215, 23,1400,  0, 17,123,  7,  0,  0,  0, 23,1600,  0,  3,  0, 23,1600,  0, 10,  0,179,1400,  0, 12,  0, 23,1400,  0,  6,  0,163,1200,  1, 10,  0,163,1600,  0,  2,  0,  7,1400,  0,  3,  0,
0426211216, 23,1400,  0, 17, 92, 10,  0,  0,  0, 23,1800,  0,  2,  0, 23,1600,  0, 10,  0, 23,1800,  0,  1,  0, 23,1800,  0,  8,  0, 23,1600,  0,  8,  0, 23,1400,  0,  9,  0, 23,1800,  0,  2,  0,
0426211217, 23,1400,  0, 17, 95,  9,  0,  0,  0, 23,1600,  0,  6,  0, 23,1600,  0,  2,  0, 23,1600,  0, 14,  0, 23,1600,  0, 10,  0, 23,1600,  0,  4,  0, 23,1600,  0, 15,  0,  7,1400,  0,  7,  0,
0726210101,  7,1200,  1,  9,109,  7,  0,  0,  0, 15,1400,  0,  0,  0,,,,,,,,,,,,,,,,,,,,,,,,,,,,,,,
0726210102,  7,1200,  1,  9, 95,  3,  0,  0,  0, 15,1200,  0,  0,  0,,,,,,,,,,,,,,,,,,,,,,,,,,,,,,,
0726210103,  7,1200,  1,  9,113,  5,  0,  0,  0, 15,1000,  1,  0,  0,,,,,,,,,,,,,,,,,,,,,,,,,,,,,,,
0726210104,  7,1200,  1,  9, 99,  4,  0,  0,  0, 15,1200,  0,  0,  0,,,,,,,,,,,,,,,,,,,,,,,,,,,,,,,
0726210105,  7,1200,  1,  9,116,  4,  0,  0,  0, 15,1200,  0,  0,  0,,,,,,,,,,,,,,,,,,,,,,,,,,,,,,,
0726210106,  7,1200,  1,  9,111,  4,  0,  0,  0, 15,1150,  1,  0,  0,,,,,,,,,,,,,,,,,,,,,,,,,,,,,,,
0726210107,  7,1200,  1,  9, 99,  3,  0,  0,  0, 15,1200,  0,  0,  0,,,,,,,,,,,,,,,,,,,,,,,,,,,,,,,
0726210108,  7,1200,  1,  9, 97,  4,  0,  0,  0, 15,1200,  0,  0,  0,,,,,,,,,,,,,,,,,,,,,,,,,,,,,,,
0726210109,  7,1200,  1,  9,104,  2,  0,  0,  0, 15,1200,  0,  0,  0,,,,,,,,,,,,,,,,,,,,,,,,,,,,,,,
0726210201, 15,1400,  0, 13,  0,  0,  0,  0,  0,,,,,,,,,,,,,,,,,,,,,,,,,,,,,,,,,,,,
0726210202, 15,1400,  0, 13,  0,  0,  0,  0,  0,,,,,,,,,,,,,,,,,,,,,,,,,,,,,,,,,,,,
0726210203, 15,1400,  0, 13,  0,  0,  0,  0,  0,,,,,,,,,,,,,,,,,,,,,,,,,,,,,,,,,,,,
0726210204, 15,1400,  0, 13,  0,  0,  0,  0,  0,,,,,,,,,,,,,,,,,,,,,,,,,,,,,,,,,,,,
0726210205, 15,1400,  0, 13,  0,  0,  0,  0,  0,,,,,,,,,,,,,,,,,,,,,,,,,,,,,,,,,,,,
0726210206, 15,1400,  0, 13,  0,  0,  0,  0,  0,,,,,,,,,,,,,,,,,,,,,,,,,,,,,,,,,,,,
0726210207, 15,1400,  0, 13,  0,  0,  0,  0,  0,,,,,,,,,,,,,,,,,,,,,,,,,,,,,,,,,,,,
0726210208, 15,1400,  0, 13,  0,  0,  0,  0,  0,,,,,,,,,,,,,,,,,,,,,,,,,,,,,,,,,,,,
0726210209, 15,1400,  0, 13,  0,  0,  0,  0,  0,,,,,,,,,,,,,,,,,,,,,,,,,,,,,,,,,,,,
0726210210, 15,1400,  0, 13,  0,  0,  0,  0,  0,,,,,,,,,,,,,,,,,,,,,,,,,,,,,,,,,,,,
0726210211, 15,1400,  0, 13,  0,  0,  0,  0,  0,,,,,,,,,,,,,,,,,,,,,,,,,,,,,,,,,,,,
0726210212, 15,1400,  0, 13,  0,  0,  0,  0,  0,,,,,,,,,,,,,,,,,,,,,,,,,,,,,,,,,,,,
0726210213, 15,1400,  0, 13,  0,  0,  0,  0,  0,,,,,,,,,,,,,,,,,,,,,,,,,,,,,,,,,,,,
0726210301,  7,2000,  0, 12, 84,  3,  0,  0,  0,  7,1700,  1,  0,  0,,,,,,,,,,,,,,,,,,,,,,,,,,,,,,,
0726210302,  7,2000,  0, 12,116,  6,  0,  0,  0,  7,1800,  0,  4,  0,  7,2400,  0,  7,  0,  7,2000,  0,  2,  0,  7,2200,  0,  5,  0,  7,2400,  0,  8,  0,  7,1800,  1,  3,  0, 15,1400,  1,  0,  0,
0726210303,  7,2000,  0, 12, 94,  5,  0,  0,  0,  7,1800,  0,  2,  0,  7,2000,  0,  6,  0,  7,2200,  0,  5,  0,  7,2000,  0,  4,  0, 15,1800,  1,  0,  0,,,,,,,,,,,
0726210304,  7,2000,  0, 12, 94,  3,  0,  0,  0,  7,1800,  0,  9,  0,  3,1400,  1,  5,  0,  7,1200,  1,  2,  0,  7,1200,  1,  3,  0,  7,1400,  1,  2,  0,  7,1400,  1,  2,  0,  7,1700,  1,  3,  0,
0726210305,  7,2000,  0, 12,103, 10,  0,  0,  0,  7,1800,  0,  4,  0,  7,2000,  0, 26,  0, 15,1800,  0,  0,  0,,,,,,,,,,,,,,,,,,,,,
0726210306,  7,2000,  0, 12,123, 13,  0,  0,  0,  7,2200,  0,  2,  0,  7,2000,  0, 29,  0, 15,1800,  0,  0,  0,,,,,,,,,,,,,,,,,,,,,
0726210307,  7,2000,  0, 12,100,  4,  0,  0,  0,  7,1800,  0,  5,  0,  7,2000,  0,  3,  0,  7,2000,  0,  1,  0,  7,1200,  0,  6,  0,  7,1200,  1,  6,  0,  7,1600,  0,  3,  0,  7,1600,  0, 13,  0,
0726210308,  7,2000,  0, 12, 94,  2,  0,  0,  0,  7,2000,  0,  7,  0,  7,2000,  0,  3,  0,  7,1800,  1,  7,  0,  7,2200,  0,  2,  0,  7,2000,  0,  0,  0,,,,,,,,,,,
0726210309,  7,2000,  0, 12, 97, 17,  0,  0,  0,  7,2000,  0,  0,  0,,,,,,,,,,,,,,,,,,,,,,,,,,,,,,,
0726210310,  7,2000,  0, 12,118, 11,  0,  0,  0,  7,2000,  0,  3,  0,  7,2000,  0,  3,  0,  7,2200,  0, 10,  0, 15,2000,  0,  0,  0,,,,,,,,,,,,,,,,
0726210311,  7,2000,  0, 12, 98,  5,  0,  0,  0,  7,2400,  0, 15,  0,  7,2400,  0,  4,  0,  7,2400,  0,  3,  0, 15,2000,  0,  0,  0,,,,,,,,,,,,,,,,
0726210312,  7,2000,  0, 12,101, 14,  0,  0,  0,  7,1800,  0,  5,  0,  7,1600,  0,  0,  0,,,,,,,,,,,,,,,,,,,,,,,,,,
0726210401,  7,1800,  1, 16, 86, 39,  0,  0,  0, 15,1800,  0,  0,  0,,,,,,,,,,,,,,,,,,,,,,,,,,,,,,,
0726210402,  7,1800,  1, 16,110,  3,  0,  0,  0,  7,1700,  1,  4,  0,  7,1800,  1,  4,  0,  7,2000,  0,  4,  0,  7,2000,  0,  0,  0,,,,,,,,,,,,,,,,
0726210403,  7,1800,  1, 16,102, 18,  0,  0,  0,  7,1800,  1,  7,  0,  7,2000,  0,  2,  0, 15,2000,  0,  0,  0,,,,,,,,,,,,,,,,,,,,,
0726210404,  7,1800,  1, 16, 95,  4,  0,  0,  0,  7,1700,  1,  2,  0,  7,1700,  1,  4,  0,  7,1800,  1,  2,  0,  7,1800,  1, 14,  0, 15,1800,  1,  0,  0,,,,,,,,,,,
0726210405,  7,1800,  1, 16, 98,  7,  0,  0,  0,  7,2000,  0,  3,  0,  7,2000,  0,  2,  0,  7,2000,  0,  8,  0,  7,1600,  0, 11,  0,  7,2000,  0,  2,  0,  7,1800,  1, 14,  0,  7,2000,  0, 11,  0,
0726210406,  7,1800,  1, 16, 98,  7,  0,  0,  0,  7,1800,  1,  2,  0,  7,1800,  1,  3,  0,  7,1800,  1,  2,  0,  7,1400,  1, 15,  0,  7,1800,  1,  3,  0,  7,1800,  1,  3,  0,  7,1800,  1, 11,  0,
0726210407,  7,1800,  1, 16, 88,  5,  0,  0,  0,  7,1400,  0,  0,  0,,,,,,,,,,,,,,,,,,,,,,,,,,,,,,,
0726210408,  7,1800,  1, 16,113, 10,  0,  0,  0,  7,1800,  1,  2,  0,  7,2100,  1,  6,  0,  7,1800,  1,  3,  0,  7,1800,  1,  2,  0,  7,1400,  1,  6,  0,  7,1800,  1,  2,  0,  7,1800,  1,  5,  0,
0726210409,  7,1800,  1, 16, 93, 10,  0,  0,  0,  7,1900,  1,  3,  0,  7,2200,  0, 11,  0, 15,2000,  0,  0,  0,,,,,,,,,,,,,,,,,,,,,
0726210410,  7,1800,  1, 16,  0,  0,  0,  0,  0,,,,,,,,,,,,,,,,,,,,,,,,,,,,,,,,,,,,
0726210411,  7,1800,  1, 16,108,  7,  0,  0,  0,  7,1800,  1,  4,  0,  7,2100,  1,  3,  0,  7,2000,  1,  3,  0,  7,2000,  1,  9,  0,  7,2200,  0,  3,  0, 15,1800,  0,  0,  0,,,,,,
0726210412,  7,1800,  1, 16,104,  5,  0,  0,  0,  7,1400,  0, 15,  0,  3,1400,  1,  6,  0,  7,1400,  0,  3,  0, 15,1600,  0,  0,  0,,,,,,,,,,,,,,,,
0726210413,  7,1800,  1, 16,110, 15,  0,  0,  0,  7,1800,  1,  3,  0,  7,1800,  1,  3,  0,  7,2000,  1,  6,  0,  7,1800,  1,  3,  0, 15,2000,  0,  0,  0,,,,,,,,,,,
0726210414,  7,1800,  1, 16,117,  4,  0,  0,  0,  3,1700,  0,  8,  0,  7,1800,  1,  3,  0,  7,1800,  1,  2,  0,  7,1800,  1,  4,  0,  7,1800,  1,  7,  0,  7,1900,  1,  2,  0, 15,2000,  0,  0,  0,
0726210415,  7,1800,  1, 16, 97, 10,  0,  0,  0,  7,1800,  1,  2,  0,  7,1600,  1,  2,  0,  7,2000,  0,  0,  0,,,,,,,,,,,,,,,,,,,,,
0726210416,  7,1800,  1, 16,117,  2,  0,  0,  0,  7,1700,  1,  8,  0,  7,1900,  1,  2,  0,  7,1900,  1,  2,  0,  7,1700,  1,  0,  0,,,,,,,,,,,,,,,,
0726210501,  7,1600,  0, 16,  0,  0,  0,  0,  0,,,,,,,,,,,,,,,,,,,,,,,,,,,,,,,,,,,,
0726210502,  7,1600,  0, 16,  0,  0,  0,  0,  0,,,,,,,,,,,,,,,,,,,,,,,,,,,,,,,,,,,,
0726210503,  7,1600,  0, 16, 94, 10,  0,  0,  0,  7,1600,  0,  2,  0,  7,1800,  0, 10,  0,  7,2000,  0,  3,  0,  7,2000,  0, 16,  0,  7,1800,  0,  3,  0, 15,1800,  0,  0,  0,,,,,,
0726210504,  7,1600,  0, 16,110,  7,  0,  0,  0,  7,2000,  0,  2,  0,  7,2200,  0,  8,  0,  7,2000,  0, 22,  0, 15,1600,  0,  0,  0,,,,,,,,,,,,,,,,
0726210505,  7,1600,  0, 16,115, 10,  0,  0,  0,  7,1600,  0,  2,  0,  7,1600,  0,  3,  0,  7,1600,  0, 12,  0, 15,2000,  0,  0,  0,,,,,,,,,,,,,,,,
0726210506,  7,1600,  0, 16,  0,  0,  0,  0,  0,,,,,,,,,,,,,,,,,,,,,,,,,,,,,,,,,,,,
0726210507,  7,1600,  0, 16,102, 26,  0,  0,  0, 15,1200,  0,  0,  0,,,,,,,,,,,,,,,,,,,,,,,,,,,,,,,
0726210508,  7,1600,  0, 16,115,  9,  0,  0,  0,  7,1400,  0, 11,  0,  7,1600,  0,  0,  0,,,,,,,,,,,,,,,,,,,,,,,,,,
0726210509,  7,1600,  0, 16,  0,  0,  0,  0,  0,,,,,,,,,,,,,,,,,,,,,,,,,,,,,,,,,,,,
0726210510,  7,1600,  0, 16,105, 10,  0,  0,  0,  7,1800,  1,  8,  0,  7,1600,  0,  0,  0,,,,,,,,,,,,,,,,,,,,,,,,,,
0726210511,  7,1600,  0, 16,115,  2,  0,  0,  0,  7,1800,  0,  3,  0,  7,1600,  0,  8,  0,  7,1600,  0,  2,  0,  7,1600,  0,  0,  0,,,,,,,,,,,,,,,,
0726210512,  7,1600,  0, 16,113, 14,  0,  0,  0,  7,2000,  0,  0,  0,,,,,,,,,,,,,,,,,,,,,,,,,,,,,,,
0726210513,  7,1600,  0, 16, 89, 33,  0,  0,  0,  7,1400,  0,  4,  0,  7,1400,  0, 17,  0, 15,1200,  0,  0,  0,,,,,,,,,,,,,,,,,,,,,
0726210514,  7,1600,  0, 16, 90, 12,  0,  0,  0,  7,1200,  1, 10,  0,  7,1800,  0,  8,  0,  7,1600,  0, 10,  0, 15,1400,  0,  0,  0,,,,,,,,,,,,,,,,
0726210515,  7,1600,  0, 16,112,  3,  0,  0,  0,  7,1200,  0,  5,  0,  7,1400,  0,  3,  0,  7,1400,  0,  1,  0,  7,1400,  1, 11,  0,  7,1400,  1,  3,  0,  7,1400,  1,  2,  0,  7,1400,  1, 15,  0,
0726210516,  7,1600,  0, 16,  0, 13,  0,  0,  0,  7,1600,  0,  0,  0,,,,,,,,,,,,,,,,,,,,,,,,,,,,,,,
0726210601, 43,1400,  1, 16,101, 13,  0,  0,  0, 43,1600,  1,  3,  0, 43,1800,  1,  6,  0, 43,1700,  1,  4,  0, 43,1800,  1,  3,  0, 43,1800,  1, 12,  0, 43,1800,  1,  6,  0, 23,1800,  1,  4,  0,
0726210602, 43,1400,  1, 16,118, 15,  0,  0,  0, 23,1400,  1,  3,  0, 43,1400,  1,  9,  0, 23,1400,  1,  3,  0, 23,1400,  1,  4,  0, 23,1400,  1,  4,  0, 23,1400,  1,  4,  0, 23,1400,  1,  9,  0,
0726210603, 43,1400,  1, 16,105, 19,  0,  0,  0, 43,1400,  1,  3,  0, 43,1400,  1,  5,  0, 43,1400,  1, 12,  0, 43,1400,  1, 12,  0, 43,1700,  1, 17,  0,131,1400,  1,  9,  0, 23,1400,  1,  8,  0,
0726210604, 43,1400,  1, 16, 91, 11,  0,  0,  0, 43,1600,  0,  3,  0, 43,1700,  1, 11,  0, 43,1700,  1, 10,  0, 23,1700,  1,  5,  0, 23,1800,  1, 10,  0, 23,1800,  1,  4,  0, 23,1700,  1,  8,  0,
0726210605, 43,1400,  1, 16,107,  8,  0,  0,  0, 43,1800,  1,  7,  0, 43,1800,  1, 23,  0, 43,1600,  1,  2,  0, 43,1800,  1, 10,  0, 43,1800,  1, 15,  0, 43,1600,  1, 10,  0, 23,1800,  1, 19,  0,
0726210606, 43,1400,  1, 16,110, 12,  0,  0,  0, 23,1400,  1,  3,  0,  7,1400,  1, 41,  0, 15,1200,  0,  0,  0,,,,,,,,,,,,,,,,,,,,,
0726210607, 43,1400,  1, 16, 94,  7,  0,  0,  0, 43,1400,  1,  3,  0, 43,1400,  1,  4,  0, 43,1400,  1,  3,  0, 23,1400,  1,  6,  0, 23,1400,  1,  3,  0, 23,1200,  1,  3,  0, 23,1200,  1, 10,  0,
0726210608, 43,1400,  1, 16,107,  8,  0,  0,  0, 43,1400,  1, 10,  0, 23,1400,  1, 10,  0, 23,1400,  1,  4,  0, 23,1400,  1,  3,  0, 23,1400,  1,  9,  0, 23,1400,  1, 13,  0, 23,1400,  1,  3,  0,
0726210609, 43,1400,  1, 16,127, 16,  0,  0,  0, 43,1400,  1, 11,  0, 43,1400,  1, 10,  0, 43,1400,  1,  9,  0, 23,1400,  1, 48,  0, 23,1400,  0,  5,  0,163,1200,  0, 12,  0, 15,1200,  0,  0,  0,
0726210610, 43,1400,  1, 16,104, 16,  0,  0,  0, 43,1400,  1,  4,  0, 43,1400,  1,  3,  0, 23,1400,  1,  1,  0, 23,1700,  1, 17,  0, 23,1400,  1,  3,  0, 23,1400,  1,  3,  0, 23,1400,  1,  3,  0,
0726210611, 43,1400,  1, 16,119, 17,  0,  0,  0, 43,1400,  1,  3,  0, 43,1400,  1,  3,  0, 43,1600,  1, 12,  0, 43,1600,  1,  4,  0, 23,1600,  1,  2,  0, 23,1400,  1, 19,  0, 23,1400,  1,  3,  0,
0726210612, 43,1400,  1, 16,122, 12,  0,  0,  0,179,1400,  1,  4,  0,131,1400,  1,  9,  0, 23,1400,  1,  9,  0,131,1600,  1,  6,  0, 15,1400,  1,  0,  0,,,,,,,,,,,
0726210613, 43,1400,  1, 16,111,  9,  0,  0,  0, 23,1400,  1,  3,  0, 23,1400,  1,  7,  0,131,1400,  1, 12,  0, 23,1400,  1,  7,  0,  7,1400,  1,  4,  0,  7,1400,  1,  4,  0,  7,1200,  1, 10,  0,
0726210614, 43,1400,  1, 16,114, 18,  0,  0,  0, 43,1400,  1,  4,  0, 23,1400,  1,  3,  0, 23,1400,  1, 43,  0,  7,1400,  1,  3,  0,  7,1400,  1,  3,  0,  7,1400,  1, 13,  0,  7,1800,  1,  2,  0,
0726210615, 43,1400,  1, 16, 96,  7,  0,  0,  0, 43,1800,  1,  3,  0, 23,1800,  1,  6,  0, 23,1800,  1,  3,  0, 23,1800,  1,  9,  0, 23,1800,  1,  3,  0, 23,1800,  1,  8,  0, 23,1800,  1, 12,  0,
0726210616, 43,1400,  1, 16,100, 22,  0,  0,  0, 43,1400,  1,  3,  0, 43,1400,  1, 10,  0, 43,1400,  1,  4,  0, 43,1400,  1,  5,  0, 43,1400,  1, 70,  0, 23,1400,  1, 13,  0,  7,1400,  1,  3,  0,
0726210701, 67,2200,  0, 11,108, 12,  0,  0,  0, 67,2000,  0,  5,  0, 67,2400,  0,  4,  0, 67,2000,  0, 11,  0, 67,2200,  0,  3,  0, 43,2000,  0, 21,  0, 43,1800,  0, 14,  0,115,2000,  0,  8,  0,
0726210702, 67,2200,  0, 11, 97, 10,  0,  0,  0, 67,2400,  0, 11,  0, 67,3000,  0,  5,  0, 67,1800,  0,  4,  0, 67,2000,  0,  2,  0, 67,2200,  0,  5,  0, 67,2000,  0, 25,  0, 67,2400,  0, 12,  0,
0726210703, 67,2200,  0, 11, 97, 10,  0,  0,  0, 67,2400,  0,  7,  0, 67,2400,  0,  3,  0, 67,2500,  0, 50,  0,179,3000,  0,  3,  0, 67,3000,  0, 15,  0, 67,2400,  0,  5,  0, 43,2500,  0,  3,  0,
0726210704, 67,2200,  0, 11,108,  5,  0,  0,  0, 67,2200,  0,  4,  0, 67,2000,  0, 26,  0, 67,2400,  0,  3,  0, 67,3000,  0,  6,  0, 67,2200,  0,  3,  0, 67,2200,  0, 11,  0, 67,2400,  0,  5,  0,
0726210705, 67,2200,  0, 11,118,  5,  0,  0,  0, 67,2200,  0,  6,  0, 67,2400,  0,  7,  0, 43,2600,  0,  4,  0, 43,2600,  0,  6,  0, 43,2400,  0,  7,  0, 23,2400,  0,  8,  0, 43,2400,  0,  4,  0,
0726210706, 67,2200,  0, 11,106,  5,  0,  0,  0, 67,2200,  0,  6,  0, 67,2400,  0,  4,  0, 67,2000,  0,  6,  0, 67,2000,  0, 14,  0, 67,2400,  0,  7,  0, 67,2000,  0,  9,  0, 67,2000,  0,  5,  0,
0726210707, 67,2200,  0, 11,111,  8,  0,  0,  0,179,2500,  0,  2,  0, 67,2400,  0, 24,  0, 67,2000,  0, 42,  0, 67,2400,  0, 35,  0, 67,2400,  0,  4,  0, 67,2400,  0, 11,  0,179,2100,  0,  6,  0,
0726210708, 67,2200,  0, 11, 99,  5,  0,  0,  0, 67,2200,  0,  5,  0, 67,1900,  1, 10,  0, 67,1800,  1,  3,  0, 67,1800,  1,  5,  0, 67,1800,  1,  2,  0, 67,1800,  1, 17,  0, 67,1900,  1,  3,  0,
0726210709, 67,2200,  0, 11,127,  7,  0,  0,  0, 67,2000,  0,  8,  0, 67,2000,  0,  8,  0, 67,2000,  0,  7,  0, 43,2000,  0, 17,  0, 43,2200,  0,  8,  0, 23,2000,  0,  7,  0, 23,2000,  0,  4,  0,
0726210710, 67,2200,  0, 11,119,  5,  0,  0,  0, 67,2200,  0,  6,  0, 67,2400,  0, 15,  0, 67,1800,  0,  8,  0, 67,2000,  0,  5,  0, 67,2000,  0,  8,  0, 67,2200,  0,  4,  0, 43,2000,  0, 11,  0,
0726210711, 67,2200,  0, 11, 92,  5,  0,  0,  0, 67,2200,  0,  6,  0, 67,2400,  0,  6,  0, 67,2400,  0,  2,  0, 67,1800,  0, 14,  0, 67,1800,  0,  3,  0, 67,1800,  0, 12,  0, 67,2000,  0,  3,  0,
0726210801, 23,2000,  0,  8,110,  9,  0,  0,  0,  7,2000,  0,  3,  0,  7,1800,  0,  0,  0,,,,,,,,,,,,,,,,,,,,,,,,,,
0726210802, 23,2000,  0,  8,124,  9,  0,  0,  0, 23,2400,  0,  3,  0, 23,2000,  0,  9,  0, 23,2600,  0,  5,  0, 23,2600,  0,  3,  0, 23,1800,  1, 10,  0, 23,1800,  0, 11,  0, 23,2000,  0,  5,  0,
0726210803, 23,2000,  0,  8,106,  4,  0,  0,  0,  7,1800,  0,  5,  0,  7,1800,  0,  4,  0,  7,1800,  0, 15,  0,  7,1600,  0, 13,  0,  7,1600,  0, 10,  0, 15,1500,  0,  0,  0,,,,,,
0726210804, 23,2000,  0,  8, 98,  6,  0,  0,  0, 23,2000,  0,  3,  0, 23,1800,  0,  3,  0, 23,2000,  0,  3,  0, 23,2000,  0,  3,  0, 23,2000,  0,  3,  0, 23,1800,  0, 10,  0, 23,2000,  0,  7,  0,
0726210805, 23,2000,  0,  8,128,  7,  0,  0,  0, 23,1800,  0,  6,  0, 23,1800,  0, 10,  0,  7,1800,  0,  9,  0, 15,2000,  0,  0,  0,,,,,,,,,,,,,,,,
0726210806, 23,2000,  0,  8,110, 11,  0,  0,  0,  7,2000,  0,  3,  0,  7,2200,  0,  0,  0,,,,,,,,,,,,,,,,,,,,,,,,,,
0726210807, 23,2000,  0,  8,114,  4,  0,  0,  0,163,1800,  0,  6,  0, 23,2000,  0,  4,  0, 23,2000,  0,  3,  0,  7,2000,  0,  2,  0,  7,2000,  0, 10,  0,  7,2000,  0,  2,  0,  7,2000,  0,  2,  0,
0726210808, 23,2000,  0,  8,103, 14,  0,  0,  0,195,2000,  0,  4,  0,115,2000,  0, 32,  0,  7,2000,  0,  3,  0, 15,1800,  0,  0,  0,,,,,,,,,,,,,,,,
0726210901, 23,1400,  1, 16,105, 10,  0,  0,  0, 23,1600,  1,  3,  0, 23,1400,  1,  9,  0, 23,1400,  1,  3,  0, 23,1400,  1,  6,  0, 23,1400,  1,  3,  0, 23,1600,  0,  7,  0,  7,1400,  1,  2,  0,
0726210902, 23,1400,  1, 16,106, 17,  0,  0,  0,  7,1400,  1,  2,  0,  7,1400,  1, 11,  0,  7,1600,  0,  3,  0,  7,1600,  0, 10,  0, 15,1600,  0,  0,  0,,,,,,,,,,,
0726210903, 23,1400,  1, 16, 93,  8,  0,  0,  0,  3,1600,  1, 19,  0,  3,1600,  1,  6,  0,  3,1500,  1,  7,  0, 23,1600,  1,  5,  0,  7,1800,  1,  2,  0,  7,1800,  1, 12,  0,  7,1600,  1,  3,  0,
0726210904, 23,1400,  1, 16, 92, 13,  0,  0,  0, 23,1400,  1,  1,  0, 23,1200,  1,  4,  0,  3,1500,  1, 14,  0,  7,1400,  1,  8,  0,  7,1400,  1,  3,  0,  7,1400,  0,  2,  0, 15,1600,  0,  0,  0,
0726210905, 23,1400,  1, 16, 83, 12,  0,  0,  0, 23,1400,  0,  3,  0,  3,1400,  1, 11,  0,  7,1700,  1,  3,  0,  7,1200,  1, 13,  0,  7,1400,  1,  3,  0,  7,1600,  0,  2,  0, 15,1400,  0,  0,  0,
0726210906, 23,1400,  1, 16,108, 11,  0,  0,  0, 23,1400,  1,  6,  0, 23,1400,  1,  2,  0, 23,1200,  1,  6,  0, 23,1400,  1, 12,  0,  3,1400,  1,  2,  0,  3,1400,  1,  3,  0,  3,1400,  1,  6,  0,
0726210907, 23,1400,  1, 16,103,  2,  0,  0,  0, 23,1700,  1,  7,  0, 23,1800,  1,  2,  0, 23,1800,  1, 12,  0, 23,1400,  1,  7,  0,  3,1400,  1,  3,  0,  3,1400,  1,  2,  0,  3,1400,  1,  4,  0,
0726210908, 23,1400,  1, 16, 87, 11,  0,  0,  0, 23,1400,  1, 10,  0, 23,1200,  1,  2,  0, 23,1400,  1,  5,  0, 23,1400,  0,  3,  0, 23,1600,  0,  6,  0, 23,1200,  0,  3,  0, 23,1600,  0, 24,  0,
0726210909, 23,1400,  1, 16, 91, 11,  0,  0,  0, 23,1400,  1, 12,  0, 23,1400,  1,  3,  0, 23,1400,  1, 10,  0, 23,1700,  1, 10,  0, 23,1400,  1,  7,  0, 23,1200,  0,  3,  0, 23,1700,  1,  8,  0,
0726210910, 23,1400,  1, 16, 71, 15,  0,  0,  0,  3,1400,  1, 15,  0,  3,1400,  1,  2,  0,  3,1600,  1,  2,  0,  3,1400,  1, 11,  0,  7,1200,  1,  4,  0,  7,1200,  1,  7,  0,  7,1200,  0,  4,  0,
0726210911, 23,1400,  1, 16, 85, 11,  0,  0,  0, 23,1200,  1,  4,  0,  7,1200,  1,  4,  0,  7,1200,  1,  4,  0,  7,1200,  1,  3,  0,  7,1000,  1, 10,  0,  7,1400,  1,  3,  0, 15,1400,  1,  0,  0,
0726210912, 23,1400,  1, 16,107, 15,  0,  0,  0, 23,1400,  1,  2,  0, 23,1800,  0,  4,  0,179,1600,  0,  4,  0, 23,1400,  1,  8,  0,  7,1400,  1,  3,  0,  7,1400,  1,  3,  0,  7,1400,  0,  9,  0,
0726210913, 23,1400,  1, 16, 95, 21,  0,  0,  0, 23,1400,  1,  2,  0, 23,1700,  1,  3,  0, 23,1400,  1, 20,  0, 23,1400,  1,  3,  0, 23,1400,  1,  3,  0, 23,1400,  1, 45,  0,  7,1400,  1,  1,  0,
0726210914, 23,1400,  1, 16,104, 26,  0,  0,  0, 23,1400,  1,  2,  0, 23,1400,  1,  3,  0, 23,1400,  1, 14,  0, 23,1400,  1,  3,  0,  7,1400,  1,  9,  0,  7,1600,  0, 22,  0, 15,1600,  0,  0,  0,
0726210915, 23,1400,  1, 16,  0,  3,  0,  0,  0,147,1500,  1,  4,  0,147,2000,  1,  4,  0,147,1700,  1,  3,  0,  3,1400,  1,  4,  0,  3,1400,  1,  1,  0,  3,1400,  1,  5,  0,  7,1400,  1,  6,  0,
0726210916, 23,1400,  1, 16,103, 13,  0,  0,  0, 23,1400,  1,  2,  0,  7,1400,  1,  0,  0,,,,,,,,,,,,,,,,,,,,,,,,,,
0726211001, 23,1800,  1, 13,107,  4,  0,  0,  0, 23,1700,  1, 15,  0,  7,1800,  1,  4,  0,  7,1800,  0,  7,  0, 15,2000,  0,  0,  0,,,,,,,,,,,,,,,,
0726211002, 23,1800,  1, 13,111,  7,  0,  0,  0, 23,1800,  1,  5,  0,163,1900,  1, 11,  0,  7,1800,  1,  3,  0,  7,1900,  1,  3,  0,  7,1900,  1, 18,  0,  7,1800,  1,  4,  0, 15,1800,  1,  0,  0,
0726211003, 23,1800,  1, 13, 65,  3,  0,  0,  0,  7,2860,  2,  6,  0,  7,2890,  2, 13,  0,  7,2860,  2, 15,  0, 23,1800,  1,  4,  0, 23,1400,  1,  6,  0,  3,1750,  1,  2,  0,  3,1400,  1,  7,  0,
0726211004, 23,1800,  1, 13, 98, 12,  0,  0,  0, 23,1800,  1, 16,  0, 23,1800,  1,  4,  0,  7,1800,  1,  2,  0,  7,1800,  1, 13,  0, 15,1700,  1,  0,  0,,,,,,,,,,,
0726211005, 23,1800,  1, 13, 83,  3,  0,  0,  0,  3,1500,  1,  9,  0,  7,1800,  1,  3,  0,  7,1200,  0, 12,  0,  7,1200,  1,  2,  0, 15,1200,  1,  0,  0,,,,,,,,,,,
0726211006, 23,1800,  1, 13,104, 11,  0,  0,  0, 23,1900,  1,  3,  0, 23,1800,  1,  7,  0, 23,1800,  1,  8,  0, 23,1800,  1, 12,  0, 23,1400,  1, 13,  0, 23,1700,  1, 14,  0, 23,1800,  1, 11,  0,
0726211007, 23,1800,  1, 13,116,  2,  0,  0,  0, 23,1700,  1, 16,  0,  7,1800,  1,  4,  0, 15,1800,  1,  0,  0,,,,,,,,,,,,,,,,,,,,,
0726211008, 23,1800,  1, 13, 83,  2,  0,  0,  0, 23,1800,  0, 13,  0, 23,1400,  1,  4,  0,  3,1400,  1, 18,  0,  7,1700,  1,  4,  0,  7,1400,  1,  2,  0, 15,1600,  0,  0,  0,,,,,,
0726211009, 23,1800,  1, 13,119,  5,  0,  0,  0, 23,1800,  1, 11,  0, 23,1800,  1,  9,  0,  7,1900,  1,  4,  0,  7,1900,  1,  2,  0,  7,2000,  0,  8,  0,  7,2000,  0,  2,  0,  7,2000,  0,  2,  0,
0726211010, 23,1800,  1, 13, 94, 18,  0,  0,  0, 23,1800,  1,  2,  0, 23,2000,  1,  2,  0, 23,1800,  1,  2,  0, 23,1800,  1,  1,  0, 23,1800,  1,  1,  0, 23,2400,  1,  2,  0, 23,1900,  1,  3,  0,
0726211011, 23,1800,  1, 13, 91,  2,  0,  0,  0, 23,1700,  1, 30,  0, 23,1800,  1,  1,  0, 23,1800,  1,  4,  0, 23,1800,  1,  2,  0, 23,1800,  1, 19,  0, 23,1800,  1,  3,  0, 23,1800,  1,  2,  0,
0726211012, 23,1800,  1, 13,117,  3,  0,  0,  0, 23,1700,  1,  3,  0, 23,1800,  1, 10,  0, 23,1800,  1,  3,  0, 23,1800,  1,  7,  0, 23,1800,  1,  3,  0, 23,1800,  1,  9,  0, 23,1800,  1,  8,  0,
0726211013, 23,1800,  1, 13,116,  3,  0,  0,  0, 23,1700,  1,  5,  0,115,1800,  1,  4,  0,163,1900,  1,  3,  0, 23,1800,  1,  6,  0, 23,1800,  1,  3,  0,  7,1900,  1,  1,  0,  7,1800,  1,  3,  0,
0726211101, 23,1200,  0,  8, 81,  2,  0,  0,  0,  7,1800,  0,  1,  0,  7,1800,  0,  3,  0,  7,1600,  0,  1,  0,  7,1600,  0,  2,  0,  3,1400,  1,  4,  0,  7,1200,  0,  9,  0,  7,1800,  0,  4,  0,
0726211102, 23,1200,  0,  8, 95, 11,  0,  0,  0, 23,1400,  1,  8,  0, 23,1800,  1,  3,  0, 23,1200,  0, 17,  0, 23,1800,  0,  2,  0, 23,1800,  0, 11,  0, 23,1400,  0, 17,  0, 23,1600,  0, 15,  0,
0726211103, 23,1200,  0,  8,106,  5,  0,  0,  0,  7,1400,  0,  3,  0,  7,1600,  0,  0,  0,,,,,,,,,,,,,,,,,,,,,,,,,,
0726211104, 23,1200,  0,  8, 89, 10,  0,  0,  0, 23,1600,  0,  4,  0, 23,1200,  0,  5,  0, 23,1400,  0,  7,  0, 23,1200,  0, 10,  0, 23,1200,  0,  4,  0, 23,1200,  0,  9,  0, 23,1200,  0,  3,  0,
0726211105, 23,1200,  0,  8,106,  3,  0,  0,  0,  7,1200,  0, 12,  0,  3,1400,  1,  9,  0,  7,2000,  0,  8,  0,  7,1800,  1,  3,  0, 15,1800,  0,  0,  0,,,,,,,,,,,
0726211106, 23,1200,  0,  8, 93, 15,  0,  0,  0, 23,1200,  0,  3,  0, 23,1200,  0,  6,  0, 23,1400,  1,  4,  0, 23,1400,  1, 14,  0,  7,1400,  1,  4,  0,  7,1400,  1,  3,  0, 15,1400,  1,  0,  0,
0726211107, 23,1200,  0,  8,118, 11,  0,  0,  0,115,1400,  0, 10,  0,115,1200,  0,  7,  0,  7,1400,  0,  6,  0, 15,1200,  0,  0,  0,,,,,,,,,,,,,,,,
0726211108, 23,1200,  0,  8,105,  4,  0,  0,  0, 23,1200,  0,  8,  0, 23,1000,  0,  7,  0, 23,1400,  0, 10,  0, 23,1600,  0,  4,  0, 23,1400,  0,  7,  0, 23,1400,  0,  5,  0, 23,1400,  0,  9,  0,
0726211201,  7,1600,  0, 16,109,  2,  0,  0,  0,  7,1200,  0, 10,  0,  7,1400,  0, 13,  0,  7,1600,  0,  3,  0, 15,1600,  0,  0,  0,,,,,,,,,,,,,,,,
0726211202,  7,1600,  0, 16, 90,  5,  0,  0,  0,  7,1800,  1,  0,  0,,,,,,,,,,,,,,,,,,,,,,,,,,,,,,,
0726211203,  7,1600,  0, 16,112,  5,  0,  0,  0,  7,1600,  0,  3,  0,  7,1600,  0,  8,  0,  7,1400,  0,  0,  0,,,,,,,,,,,,,,,,,,,,,
0726211204,  7,1600,  0, 16,121,  7,  0,  0,  0,  7,1400,  1,  4,  0,  7,1600,  0,  7,  0,  7,1600,  0,  3,  0,  7,1800,  0, 15,  0,  7,1800,  0,  8,  0,  7,1600,  0,  4,  0,  7,1600,  0,  9,  0,
0726211205,  7,1600,  0, 16,116,  5,  0,  0,  0,  7,1600,  0,  3,  0,  7,1600,  0,  2,  0,  7,1600,  0, 18,  0,  7,1800,  1,  3,  0,  7,1800,  0,  2,  0,  7,1600,  0, 13,  0,  7,1600,  0,  3,  0,
0726211206,  7,1600,  0, 16, 94,  2,  0,  0,  0,  7,1200,  0,  4,  0,  7,1400,  1,  5,  0,  7,1400,  1,  0,  0,,,,,,,,,,,,,,,,,,,,,
0726211207,  7,1600,  0, 16, 96, 12,  0,  0,  0,  7,1800,  0, 10,  0,  7,1600,  0,  9,  0,  7,1600,  0,  2,  0, 15,1600,  0,  0,  0,,,,,,,,,,,,,,,,
0726211208,  7,1600,  0, 16,113,  3,  0,  0,  0,  7,1800,  0,  3,  0,  7,1600,  0, 22,  0,  7,1400,  0,  2,  0,  7,1400,  0,  2,  0, 15,1400,  0,  0,  0,,,,,,,,,,,
0726211209,  7,1600,  0, 16,101,  9,  0,  0,  0,  7,1900,  1,  8,  0,  7,1800,  1,  2,  0,  7,1800,  1,  9,  0,  7,1800,  0,  4,  0,  7,1800,  0,  2,  0,  7,1800,  0, 22,  0, 15,1800,  0,  0,  0,
0726211210,  7,1600,  0, 16,122,  7,  0,  0,  0,  7,1600,  0,  1,  0,  7,1600,  0,  4,  0,  7,1800,  0,  4,  0,  7,1400,  0, 10,  0,  7,1400,  0,  5,  0,  7,1400,  1,  6,  0,  7,1400,  1,  3,  0,
0726211211,  7,1600,  0, 16,107,  4,  0,  0,  0,  7,1700,  1,  3,  0,  7,1400,  1,  8,  0,  7,1400,  1,  0,  0,,,,,,,,,,,,,,,,,,,,,
0726211212,  7,1600,  0, 16, 98, 11,  0,  0,  0,  7,2000,  0,  2,  0,  7,1800,  0,  0,  0,,,,,,,,,,,,,,,,,,,,,,,,,,
0726211213,  7,1600,  0, 16,122, 33,  0,  0,  0,  7,1600,  0,  9,  0,  7,1600,  0,  8,  0, 15,1400,  0,  0,  0,,,,,,,,,,,,,,,,,,,,,
0726211214,  7,1600,  0, 16, 98,  3,  0,  0,  0,  7,1700,  1,  7,  0,  7,1800,  0,  4,  0,  7,1800,  0,  3,  0,  7,1600,  0,  0,  0,,,,,,,,,,,,,,,,
0726211215,  7,1600,  0, 16, 87,  5,  0,  0,  0,  7,1400,  1,  0,  0,,,,,,,,,,,,,,,,,,,,,,,,,,,,,,,
0726211216,  7,1600,  0, 16,108,  2,  0,  0,  0,  7,1800,  0, 10,  0,  7,1800,  0, 15,  0,  7,1600,  0,  3,  0,  7,1600,  0, 13,  0, 15,2000,  0,  0,  0,,,,,,,,,,,
