年,月,日,場所,R,略レース名,条件表記,芝・ダート,距離,頭数,レース印１
2026,07,25,札幌,1,未勝利,３歳・未勝利(馬齢)(混)[指定],ダート,1000,8,
枠番,B,番,印,M2,M3,M4,  馬名,Ｃ,性別,年齢,替,騎手,斤量,減M, 単勝,所属,調教師,馬記号, 馬主, 生産者,毛色,誕生
1,,1,,,,,カプリースカラー,,牝,3,*,丹内祐次,55,,10.9,(美),金成貴史,,藤沼利夫,リトルブルーファーム,鹿毛,3月 7日
2,B,2,,,,,テイクマイハート,,牝,3,*,池添謙一,55,,27.3,(栗),森田直行,,三田昌宏,社台ファーム,芦毛,5月 6日
3,,3,,,,,カッサンドラ,,牝,3,,横山琉人,55,,1.5,(栗),高橋義忠,,加藤徹,大狩部牧場,鹿毛,4月 8日
4,,4,,,,,クリコイーコ,,牝,3,*,吉田隼人,55,,22.5,(栗),荒川義之,,栗本依利子,木村牧場,黒鹿,3月28日
5,B,5,,,,,アイビーミャーオ,,牝,3,*,舟山瑠泉,54,☆,6.3,(栗),小林真也,,石坂茂ラボ,高昭牧場,鹿毛,3月10日
6,,6,,,,,ロングフルスペック,,牝,3,,古川吉洋,55,,16.9,(栗),大根田裕,,中井敏雄,フジワラフアーム,鹿毛,3月23日
7,,7,,,,,カレンココナ,,牝,3,*,小林美駒,52,▲,6.2,(栗),小林真也,,鈴木隆司,高柳隆男,栗毛,4月14日
8,B,8,,,,,レヴヴィ,,牝,3,*,松本大輝,55,,18.3,(栗),新谷功一,(外),前田幸治,"Russell Jones",鹿毛,2月22日
年,月,日,場所,R,略レース名,条件表記,芝・ダート,距離,頭数,レース印１
2026,07,25,札幌,2,未勝利*,２歳・未勝利(馬齢)(混)[指定],芝,1200,8,
枠番,B,番,印,M2,M3,M4,  馬名,Ｃ,性別,年齢,替,騎手,斤量,減M,所属,調教師,馬記号, 馬主, 生産者,毛色,誕生
1,,1,,,,,サノノベリー,,牝,2,,舟山瑠泉,54,☆,(美),天間昭一,,佐野信幸,新井昭二牧場,芦毛,2月16日
2,,2,,,,,ヴィヴィアンリーチ,,牝,2,,小林美駒,52,▲,(栗),東田明士,,ヒダカ・ブリーダーズ・ユニオン,辻牧場,鹿毛,5月 8日
3,,3,,,,,テイクケア,,牝,2,,横山琉人,55,,(美),和田正一,,阿津昌弘,上水牧場,黒鹿,2月18日
4,,4,,,,,コックニー,,牡,2,*,丹内祐次,55,,(美),田中剛,,ゴドルフィン,ダーレー・ジャパン・ファーム,鹿毛,2月10日
5,,5,,,,,ヌーンベルク,,牝,2,,横山武史,55,,(美),武井亮,,KHレーシング,ハクレイファーム,鹿毛,2月17日
6,,6,,,,,ライフイズアート,,牝,2,,岩田康誠,55,,(美),青木孝文,,石川秀守,白井吉美,栗毛,4月29日
7,,7,,,,,シガレス,,牝,2,,和田陽希,52,▲,(栗),武幸四郎,,中村祐子,田湯牧場,栗毛,5月28日
8,,8,,,,,トーセンルルド,,牝,2,,佐々木大,55,,(美),杉浦宏昭,,島川隆哉,エスティファーム,栗毛,1月28日
年,月,日,場所,R,略レース名,条件表記,芝・ダート,距離,頭数,レース印１
2026,07,25,札幌,3,未勝利,３歳・未勝利(馬齢)[指定],ダート,1700,10,
枠番,B,番,印,M2,M3,M4,  馬名,Ｃ,性別,年齢,替,騎手,斤量,減M,所属,調教師,馬記号, 馬主, 生産者,毛色,誕生
1,B,1,,,,,ゴーントゥファー,,セ,3,,長浜鴻緒,56,☆,(美),小島茂之,,日下部勝徳,ホース・マネジメント・ボス,黒鹿,2月15日
2,,2,,,,,クロームクロス,,牡,3,*,鮫島克駿,57,,(栗),西園翔太,,山田侑司,千代田牧場,黒鹿,4月28日
3,B,3,,,,,ヤマメイッカ,,牡,3,,佐々木大,57,,(美),久保田貴,,越村哲男,社台ファーム,鹿毛,4月24日
4,,4,,,,,ダンツアラーム,,牝,3,*,池添謙一,55,,(栗),本田優,,山元哲二,カミイスタット,鹿毛,3月10日
5,,5,,,,,メイショウシンガン,,牡,3,*,横山琉人,57,,(栗),高橋義忠,,松本好隆,まるとみ冨岡牧場,黒鹿,3月23日
6,B,6,,,,,アオイミズホ,,牡,3,*,横山和生,57,,(美),古賀慎明,,みずほ,中村雅明,黒鹿,4月29日
7,,7,,,,,メイショウノヴァス,,牡,3,*,小沢大仁,57,,(栗),大橋勇樹,,松本好隆,辻牧場,鹿毛,4月13日
7,,8,,,,,ブルーフレア,,牡,3,*,横山武史,57,,(美),辻哲英,,蕭敬意,田中春美,青鹿,3月28日
8,,9,,,,,ワンダーゾルダート,,牡,3,*,松本大輝,57,,(栗),羽月友彦,,山本能行,高昭牧場,鹿毛,4月27日
8,,10,,,,,マクローリン,,牡,3,*,和田陽希,54,▲,(栗),加藤公太,,風早信昭,カナイシスタッド,鹿毛,3月 7日
年,月,日,場所,R,略レース名,条件表記,芝・ダート,距離,頭数,レース印１
2026,07,25,札幌,4,未勝利・牝,３歳・未勝利(馬齢)(牝)[指定],芝,1500,14,
枠番,B,番,印,M2,M3,M4,  馬名,Ｃ,性別,年齢,替,騎手,斤量,減M,所属,調教師,馬記号, 馬主, 生産者,毛色,誕生
1,,1,,,,,レイナデルアイレ,,牝,3,*,石川倭,55,,(美),矢嶋大樹,,ライオンレースホース,社台ファーム,鹿毛,3月 8日
2,,2,,,,,サンエンジェルス,,牝,3,,浜中俊,55,,(栗),谷潔,,加藤信之,日高大洋牧場,栗毛,4月 8日
3,,3,,,,,アロハ,,牝,3,*,丹内祐次,55,,(栗),橋田宜長,転厩初戦,田畑利彦,チャンピオンズファーム,鹿毛,5月18日
3,,4,,,,,エアヴァイブス,,牝,3,,武豊,55,,(栗),福永祐一,,ラッキーフィールド,ノーザンファーム,鹿毛,2月 9日
4,,5,,,,,スパークルレイ,,牝,3,*,松本大輝,55,,(美),的場均,,木部厳生,木部ファーム,栗毛,3月10日
4,,6,,,,,ペカリーナ,,牝,3,*,小林美駒,52,▲,(美),竹内正洋,,由井健太郎,新冠橋本牧場,黒鹿,3月25日
5,,7,,,,,ビップジョワ,,牝,3,,遠藤汰月,52,▲,(美),高柳瑞樹,,鈴木邦英,カタオカステーブル,鹿毛,6月 2日
5,,8,,,,,サンセリテ,,牝,3,*,舟山瑠泉,54,☆,(美),鹿戸雄一,,シルクレーシング,ノーザンファーム,青鹿,3月19日
6,,9,,,,,イノリ,,牝,3,*,和田陽希,52,▲,(栗),高橋康之,,ローレルレーシング,武田牧場,鹿毛,3月13日
6,,10,,,,,フローズンクイーン,,牝,3,,鮫島克駿,55,,(栗),藤岡健一,,中村祐子,ケイアイファーム,青鹿,2月25日
7,,11,,,,,フレッチャアズーラ,,牝,3,*,横山和生,55,,(栗),四位洋文,,社台レースホース,社台ファーム,鹿毛,3月14日
7,,12,,,,,イヌボウノシオカゼ,,牝,3,*,横山琉人,55,,(美),大和田成,,岡田隆寛,岡田牧場,鹿毛,2月19日
8,,13,,,,,カスタニッチャ,,牝,3,*,小沢大仁,55,,(栗),高柳大輔,,栗山良子,橋本牧場,栗毛,4月25日
8,,14,,,,,ロジマギー,,牝,3,*,佐々木大,55,,(美),宮田敬介,,久米田正明,ノーザンファーム,鹿毛,3月 7日
年,月,日,場所,R,略レース名,条件表記,芝・ダート,距離,頭数,レース印１
2026,07,25,札幌,5,新馬,２歳・新馬(馬齢)(混)[指定],ダート,1700,6,
枠番,B,番,印,M2,M3,M4,  馬名,Ｃ,性別,年齢,替,騎手,斤量,減M,所属,調教師,馬記号, 馬主, 生産者,毛色,誕生
1,,1,,,,,レガメデルヴェント,,牡,2,,横山和生,55,,(美),伊坂重信,,街風隆雄,追分ファーム,鹿毛,2月18日
2,,2,,,,,アンバーバレット,,牡,2,,長浜鴻緒,54,☆,(美),矢嶋大樹,,下河辺隆行,下河辺牧場,鹿毛,2月 9日
3,,3,,,,,ホウオウシュウ,,牡,2,,舟山瑠泉,54,☆,(美),田中博康,,小笹芳央,ノーザンファーム,栗毛,3月 1日
4,,4,,,,,カナデ,,牝,2,,河原田菜,51,★,(栗),中村直也,,野崎宗信,絵笛牧場,鹿毛,4月10日
5,B,5,,,,,トロフィアス,,牡,2,,武豊,55,,(美),加藤征弘,,阿部友弘,アスラン,青鹿,3月13日
6,,6,,,,,ディアファザー,,牡,2,,横山琉人,55,,(美),中川公成,,山崎康,前田牧場,鹿毛,4月26日
年,月,日,場所,R,略レース名,条件表記,芝・ダート,距離,頭数,レース印１
2026,07,25,札幌,6,未勝利,３歳・未勝利(馬齢)(混)[指定],芝,1800,14,
枠番,B,番,印,M2,M3,M4,  馬名,Ｃ,性別,年齢,替,騎手,斤量,減M,所属,調教師,馬記号, 馬主, 生産者,毛色,誕生
1,,1,,,,,インフィオラータ,,牝,3,,浜中俊,55,,(栗),須貝尚介,,飯田正剛,千代田牧場,黒鹿,4月16日
2,,2,,,,,フォルストランキル,,牝,3,*,小林美駒,52,▲,(栗),池江泰寿,,キャロットファーム,ノーザンファーム,黒鹿,2月17日
3,B,3,,,,,トランスマリーン,,牡,3,*,和田陽希,54,▲,(栗),平田修,,G1レーシング,ノーザンファーム,芦毛,5月17日
3,,4,,,,,ケナゲ,,牝,3,,河原田菜,51,★,(美),和田雄二,,金岡信康,日本中央競馬会日高育成牧場,栗毛,4月12日
4,B,5,,,,,グランフルス,,牡,3,*,鮫島克駿,57,,(美),矢野英一,,森岡大河,岡田スタツド,鹿毛,3月 3日
4,,6,,,,,ヘクセンハウス,,牝,3,*,丹内祐次,55,,(栗),吉田直弘,,サラブレッドクラブ・ラフィアン,ビッグレッドファーム,青鹿,4月 7日
5,,7,,,,,アート,,牡,3,*,横山武史,57,,(栗),杉山晴紀,,石川達絵,橋本牧場,青鹿,3月23日
5,,8,,,,,ウインアベリア,,牝,3,*,遠藤汰月,52,▲,(美),和田正一,,ウイン,コスモヴューファーム,鹿毛,5月20日
6,B,9,,,,,テンレディーゴー,,牡,3,,佐々木大,57,,(美),菊川正達,,天白泰司,千代田牧場,鹿毛,3月27日
6,,10,,,,,コワンニシタガウ,,牡,3,,武豊,57,,(栗),庄野靖志,,幅田京子,大栄牧場,栗毛,3月24日
7,,11,,,,,ルナティックブルー,,牝,3,,小沢大仁,55,,(栗),今野貞一,,KHレーシング,大北牧場,黒鹿,2月 1日
7,,12,,,,,ギルランダ,,牝,3,*,舟山瑠泉,54,☆,(美),中舘英二,,キャロットファーム,社台コーポレーション白老ファーム,青鹿,4月20日
8,,13,,,,,ルージュアイラ,,牝,3,*,古川奈穂,53,◇,(栗),池江泰寿,,東京ホースレーシング,ノーザンファーム,栗毛,2月18日
8,,14,,,,,セイントクーヤ,,牡,3,,長浜鴻緒,56,☆,(美),黒岩陽一,,小島章義,フジワラフアーム,鹿毛,4月 1日
年,月,日,場所,R,略レース名,条件表記,芝・ダート,距離,頭数,レース印１
2026,07,25,札幌,7,１勝ｸﾗｽ,３歳以上・１勝クラス/500万下(定量)[指定],芝,1200,15,
枠番,B,番,印,M2,M3,M4,  馬名,Ｃ,性別,年齢,替,騎手,斤量,減M,所属,調教師,馬記号, 馬主, 生産者,毛色,誕生
1,,1,,,,,ペイシャアーサー,,牡,4,,遠藤汰月,55,▲,(美),本間忍,,北所直人,友田牧場,栗毛,3月14日
2,,2,,,,,ハッピーラッキー,,牡,3,,横山和生,55,,(美),武市康男,,井山登,藤沢牧場,黒鹿,2月 4日
2,B,3,,,,,ナンナンプー,,牝,4,*,石川倭,56,,(美),水野貴広,(地),友水達也,田中スタッド,鹿毛,4月24日
3,,4,,,,,シュークリーム,,牝,5,*,鮫島克駿,56,,(栗),西村真幸,,安原浩司,フジワラフアーム,鹿毛,3月 1日
3,,5,,,,,ランプローグ,,牝,3,*,佐々木大,53,,(美),矢野英一,,ディアレストクラブ,武田牧場,鹿毛,3月 8日
4,,6,,,,,セガンティーニ,,牝,4,*,舟山瑠泉,55,☆,(栗),坂口智康,(地),畑佐博,プログレスファーム,栗毛,2月27日
4,,7,,,,,ニシノサリーナ,,牝,3,,池添謙一,53,,(栗),橋口慎介,,西山茂行,鮫川啓一,黒鹿,4月10日
5,B,8,,,,,サトノカスターニャ,,牝,3,*,北村友一,53,,(栗),吉岡辰弥,,里見治,ノーザンファーム,鹿毛,3月 6日
5,,9,,,,,カイショー,,牝,3,*,横山武史,53,,(栗),長谷川浩,,嶽崎元彦,三嶋牧場,黒鹿,1月28日
6,,10,,,,,アイアムステキ,,牝,3,*,武豊,53,,(美),奥平雅士,,ワイズマン,まるとみ冨岡牧場,黒鹿,3月29日
6,,11,,,,,ペガサスノース,,牝,4,*,小林美駒,53,▲,(栗),高柳大輔,,天羽牧場,天羽牧場,黒鹿,5月15日
7,,12,,,,,ジーティーエスピ,,牡,4,,丹内祐次,58,,(栗),中村直也,,田畑利彦,タイヘイ牧場,鹿毛,1月28日
7,,13,,,,,グランテレーズ,,牝,5,,小沢大仁,56,,(栗),渡辺薫彦,,シルクレーシング,坂東牧場,鹿毛,3月23日
8,,14,,,,,イズルード,,牡,4,*,長浜鴻緒,57,☆,(美),田島俊明,,レッドマジック,春木ファーム,栗毛,4月16日
8,,15,,,,,マティンデ,,牝,3,*,横山琉人,53,,(栗),清水久詞,,中辻明,杵臼牧場,鹿毛,3月 6日
年,月,日,場所,R,略レース名,条件表記,芝・ダート,距離,頭数,レース印１
2026,07,25,札幌,8,１勝ｸﾗｽ,３歳以上・１勝クラス/500万下(定量)[指定],ダート,1700,12,
枠番,B,番,印,M2,M3,M4,  馬名,Ｃ,性別,年齢,替,騎手,斤量,減M,所属,調教師,馬記号, 馬主, 生産者,毛色,誕生
1,,1,,,,,ビービーバザーク,,牡,4,,和田陽希,55,▲,(栗),武幸四郎,,坂東牧場,坂東牧場,黒鹿,3月17日
2,B,2,,,,,マーベリックシチー,,牡,5,,鮫島克駿,58,,(栗),岡田稲男,,友駿ホースクラブ,幌村牧場,栗毛,2月 3日
3,,3,,,,,カフェブーケット,,牡,4,*,長浜鴻緒,57,☆,(美),柄崎将寿,,西川光一,三嶋牧場,青鹿,4月 5日
4,,4,,,,,リュミナーズ,,牝,4,*,佐々木大,56,,(美),堀内岳志,,下河辺牧場,下河辺牧場,栗毛,2月 1日
5,,5,,,,,ジェネラスキング,,牡,3,*,横山武史,55,,(美),久保田貴,,G1レーシング,社台コーポレーション白老ファーム,黒鹿,1月24日
5,B,6,,,,,ザハント,,セ,4,*,小沢大仁,58,,(栗),田中克典,,今村明浩,谷口牧場,黒鹿,4月 2日
6,,7,,,,,オンザムービー,,牡,3,,横山和生,55,,(栗),牧田和弥,,安原浩司,岡田牧場,栗毛,3月23日
6,,8,,,,,タイキルッジェーロ,,牡,3,*,北村友一,55,,(栗),高野友和,,大樹ファーム,ビクトリーホースランチ,黒鹿,5月 5日
7,,9,,,,,ハイライトニング,,セ,3,*,池添謙一,55,,(美),嘉藤貴行,,TNレースホース,千代田牧場,鹿毛,2月11日
7,,10,,,,,ファンタイムギフト,,セ,4,,丹内祐次,58,,(美),相沢郁,,星野祐介,二風谷ファーム,黒鹿,4月18日
8,B,11,,,,,アルニラム,,セ,5,*,古川吉洋,58,,(美),伊藤大士,,STレーシング,恵比寿興業株式会社那須野牧場,鹿毛,2月18日
8,B,12,,,,,ピエナオルカ,,牡,3,*,小林美駒,52,▲,(栗),谷潔,,本谷兼三,沖田牧場,芦毛,3月25日
年,月,日,場所,R,略レース名,条件表記,芝・ダート,距離,頭数,レース印１
2026,07,25,札幌,9,１勝ｸﾗｽ・牝,３歳以上・１勝クラス/500万下(定量)(牝)[指定],芝,1800,10,
枠番,B,番,印,M2,M3,M4,  馬名,Ｃ,性別,年齢,替,騎手,斤量,減M,所属,調教師,馬記号, 馬主, 生産者,毛色,誕生
1,,1,,,,,ガーネットフレア,,牝,3,*,北村友一,53,,(栗),杉山佳明,,キャロットファーム,ノーザンファーム,鹿毛,1月18日
2,,2,,,,,ニシノエピカリ,,牝,4,*,河原田菜,52,★,(美),秋本大介,,西山茂行,田上徹,青鹿,2月 4日
3,,3,,,,,ルーチェフィオーレ,,牝,3,,横山和生,53,,(美),嘉藤貴行,,ロードホースクラブ,ケイアイファーム,鹿毛,3月25日
4,,4,,,,,ジェルブロア,,牝,4,*,古川奈穂,54,◇,(栗),矢作芳人,,ノースヒルズ,ノースヒルズ,黒鹿,5月14日
5,,5,,,,,シニャンガ,,牝,3,*,横山武史,53,,(美),鹿戸雄一,,サンデーレーシング,ノーザンファーム,芦毛,3月 4日
6,,6,,,,,ラコンチャビエン,,牝,3,*,武豊,53,,(栗),藤原英昭,,モンレーヴ,グランド牧場,黒鹿,2月23日
7,,7,,,,,ジャストビート,,牝,3,,鮫島克駿,53,,(栗),安達昭夫,,"Him Rock Racingホールディングス",タバタファーム,鹿毛,4月 4日
7,,8,,,,,ディヒターリーベ,,牝,4,*,石川倭,56,,(美),高橋文雅,(地),ディアレストクラブ,ノーザンファーム,黒鹿,2月 9日
8,,9,,,,,キタノサリスカ,,牝,3,,和田陽希,50,▲,(栗),羽月友彦,,北所直人,高山牧場,鹿毛,5月 7日
8,,10,,,,,ナムラヒナギク,,牝,3,,小沢大仁,53,,(栗),大橋勇樹,,奈村睦弘,ヒダカシーサイドファーム,鹿毛,5月13日
年,月,日,場所,R,略レース名,条件表記,芝・ダート,距離,頭数,レース印１
2026,07,25,札幌,10,ライラッ･2勝,３歳以上・２勝クラス/1000万下(定量)(混)(特指),芝,2600,11,
枠番,B,番,印,M2,M3,M4,  馬名,Ｃ,性別,年齢,替,騎手,斤量,減M,所属,調教師,馬記号, 馬主, 生産者,毛色,誕生
1,B,1,,,,,ヴァイザーバルコ,,セ,6,*,石川倭,58,,(美),水野貴広,(地),ディアレストクラブ,ディアレストクラブ,栗毛,4月10日
2,,2,,,,,リギーロ,,牡,4,*,佐々木大,58,,(美),栗田徹,,前田幸貴,ノースヒルズ,黒鹿,4月 2日
3,,3,,,,,ライフセービング,,牡,5,,古川吉洋,58,,(栗),宮徹,,吉田照哉,社台ファーム,黒鹿,4月23日
4,,4,,,,,レイデラルース,,牡,5,*,丹内祐次,58,,(美),西田雄一,,DMMドリームクラブ,ノーザンファーム,青鹿,1月31日
5,,5,,,,,ボンドロア,,牡,4,*,横山武史,58,,(栗),松永幹夫,,寺田寿男,社台ファーム,鹿毛,2月19日
6,,6,,,,,アスクデッドヒート,,牡,4,,古川奈穂,58,,(栗),矢作芳人,,廣崎利洋HD,社台コーポレーション白老ファーム,鹿毛,1月30日
6,,7,,,,,ジュンツバメガエシ,,牡,6,,岩田康誠,58,,(栗),友道康夫,,河合純二,ノーザンファーム,黒鹿,3月22日
7,,8,,,,,レイヤードレッド,,牡,4,,長浜鴻緒,58,,(美),手塚貴久,,ミルファーム,ミルファーム,鹿毛,3月19日
7,,9,,,,,バースライト,,牡,4,,浜中俊,58,,(栗),武幸四郎,,キャロットファーム,ノーザンファーム,鹿毛,2月27日
8,,10,,,,,ドッビアーコ,,セ,5,*,小沢大仁,58,,(栗),奥村豊,(外),吉田和美,"Bonne Chance Farm LLC",芦毛,4月15日
8,,11,,,,,ウェイクフィールド,,牡,3,,横山和生,55,,(美),嘉藤貴行,,社台レースホース,社台ファーム,鹿毛,2月19日
年,月,日,場所,R,略レース名,条件表記,芝・ダート,距離,頭数,レース印１
2026,07,25,札幌,11,ＴＶｈ賞･3勝,３歳以上・３勝クラス/1600万下(定量)(混)(特指),芝,1200,12,
枠番,B,番,印,M2,M3,M4,  馬名,Ｃ,性別,年齢,替,騎手,斤量,減M,所属,調教師,馬記号, 馬主, 生産者,毛色,誕生
1,,1,,,,,エヴァンスウィート,,牝,5,*,鮫島克駿,56,,(栗),友道康夫,,佐々木主浩,ノーザンファーム,栗毛,3月24日
2,,2,,,,,シカゴスティング,,牝,5,*,浜中俊,56,,(栗),庄野靖志,,辻川弘,社台ファーム,黒鹿,4月17日
3,,3,,,,,サウスバンク,,牝,4,*,横山武史,56,,(栗),吉岡辰弥,,下河辺隆行,下河辺牧場,鹿毛,4月 5日
4,,4,,,,,ルーフ,,牝,6,,佐々木大,56,,(栗),清水久詞,,白日光,坂本智広,鹿毛,3月19日
5,B,5,,,,,メルトユアハート,,牝,5,,横山和生,56,,(栗),長谷川浩,,ロードホースクラブ,ケイアイファーム,鹿毛,4月20日
5,,6,,,,,ウィルオレオール,,牡,4,,石川倭,58,,[地],小国博行,[地],前田良平,風ノ丘ファーム,鹿毛,4月29日
6,,7,,,,,ロジケープ,,牡,3,,丹内祐次,55,,(美),尾形和幸,,久米田正平,オリエント牧場,鹿毛,3月12日
6,,8,,,,,アンジュプロミス,,牝,3,,古川奈穂,53,,(栗),矢作芳人,,竹下浩一,グランド牧場,鹿毛,3月27日
7,,9,,,,,クリエープキー,,牝,3,*,古川吉洋,53,,(美),牧光二,,中平和宏,社台ファーム,鹿毛,4月 6日
7,,10,,,,,アスクケンタッキー,,牡,3,,武豊,55,,(栗),藤原英昭,(外),廣崎利洋HD,"Bedouin Bloodstock LLC",栗毛,3月24日
8,,11,,,,,ゴールドサーベル,,牡,5,*,荻野琢真,58,,(栗),大久保龍,,インゼルレーシング,社台ファーム,鹿毛,2月17日
8,,12,,,,,パクスロマーナ,,牝,6,,舟山瑠泉,56,,(栗),加藤公太,(地),酒井孝敏,野表篤夫,栗毛,3月16日
年,月,日,場所,R,略レース名,条件表記,芝・ダート,距離,頭数,レース印１
2026,07,25,札幌,12,桑園特別･2勝,３歳以上・２勝クラス/1000万下(定量)(混)(特指),ダート,1700,11,
枠番,B,番,印,M2,M3,M4,  馬名,Ｃ,性別,年齢,替,騎手,斤量,減M,所属,調教師,馬記号, 馬主, 生産者,毛色,誕生
1,,1,,,,,リメンバーヒム,,牡,4,*,鮫島克駿,58,,(栗),浜田多実,,宮田美恵子,中神牧場,栗毛,3月17日
2,,2,,,,,フェスタリア,,牡,4,*,和田陽希,58,,(美),矢野英一,,市川ファーム,市川フアーム,鹿毛,6月 3日
3,,3,,,,,ショウナンヤッホー,,牡,4,*,池添謙一,58,,(美),栗田徹,,湘南,ノーザンファーム,鹿毛,2月16日
4,,4,,,,,ギマール,,牡,5,*,石川倭,58,,(栗),岡田稲男,,カナヤマホールディングス,橋本牧場,栃栗,2月 9日
5,,5,,,,,セボンサデッセ,,牡,4,,武豊,58,,(栗),橋口慎介,,フィールドレーシング,ノーザンファーム,栗毛,1月15日
6,B,6,,,,,ジュンラトゥール,,牡,5,*,小沢大仁,58,,(栗),浜田多実,,河合純二,田中裕之,黒鹿,3月14日
6,B,7,,,,,ハイクオリティ,,牡,4,*,佐々木大,58,,(栗),今野貞一,,KHレーシング,松浦牧場,鹿毛,5月13日
7,,8,,,,,ベラジオワールド,,牡,4,,横山和生,57,,(美),伊藤大士,(外),ベラジオレーシング,"Vinery Stud (Australia) Pty Ltd",鹿毛,10月11日
7,B,9,,,,,ライフゲート,,セ,4,,丹内祐次,58,,(美),伊藤圭三,,斉藤三寛,グランド牧場,栗毛,5月 5日
8,,10,,,,,マッスルバック,,牡,5,,黛弘人,58,,(栗),秋山真一,,菊地温以,坂本智広,鹿毛,5月 2日
8,,11,,,,,ヒルノピレネー,,牡,6,*,浜中俊,58,,(栗),北出成人,,ヒルノ,桑田牧場,黒鹿,2月25日
年,月,日,場所,R,略レース名,条件表記,芝・ダート,距離,頭数,レース印１
2026,07,25,新潟,1,未勝利*,２歳・未勝利(馬齢)(混)[指定],芝,1800,10,
枠番,B,番,印,M2,M3,M4,  馬名,Ｃ,性別,年齢,替,騎手,斤量,減M,所属,調教師,馬記号, 馬主, 生産者,毛色,誕生
1,,1,,,,,コスモバルムンク,,牡,2,*,菊沢一樹,55,,(美),小手川準,,ビッグレッドファーム,ビッグレッドファーム,黒鹿,4月 1日
2,,2,,,,,フルーツバスケット,,牡,2,,吉田豊,55,,(栗),前川恭子,,鈴木剛史,タイヘイ牧場,鹿毛,4月16日
3,,3,,,,,ソラニワラエバ,,牡,2,,今村聖奈,53,◇,(美),武井亮,,石瀬浩三,漆木康一,栗毛,4月23日
4,,4,,,,,コルサロ,,牡,2,,杉原誠人,55,,(栗),中竹和也,,飯田貴大,千代田牧場,栗毛,5月 5日
5,,5,,,,,トリプティーク,,牝,2,,柴田大知,55,,(美),和田雄二,,本田恒雄,グランデファーム,鹿毛,4月 2日
6,,6,,,,,ローグアン,,牡,2,*,石川裕紀,55,,(美),浅利英明,,TURFレーシング,木村牧場,鹿毛,3月11日
7,,7,,,,,ノシェリー,,牡,2,,原優介,55,,(美),鈴木慎太,,中山栄一,社台ファーム,青鹿,4月15日
7,,8,,,,,ランドジャイアンツ,,牡,2,,大野拓弥,55,,(美),本間忍,,木村昌三,細川牧場,鹿毛,3月17日
8,,9,,,,,ワンコール,,牝,2,,石橋脩,55,,(美),牧光二,,平田修,社台コーポレーション白老ファーム,鹿毛,3月 2日
8,,10,,,,,レゾルーティオ,,牡,2,*,斎藤新,55,,(栗),坂口智康,,サンデーレーシング,ノーザンファーム,鹿毛,1月25日
年,月,日,場所,R,略レース名,条件表記,芝・ダート,距離,頭数,レース印１
2026,07,25,新潟,2,新馬,２歳・新馬(馬齢)(混)[指定],ダート,1200,14,
枠番,B,番,印,M2,M3,M4,  馬名,Ｃ,性別,年齢,替,騎手,斤量,減M,所属,調教師,馬記号, 馬主, 生産者,毛色,誕生
1,,1,,,,,エレクトス,,牡,2,,石川裕紀,55,,(美),池上昌和,,ヒダカ・ブリーダーズ・ユニオン,矢野牧場,栗毛,3月 5日
2,,2,,,,,リコルディオーロ,,牡,2,,佐藤翔馬,52,▲,(美),伊藤圭三,,ノルマンディーサラブレッドレーシング,鮫川啓一,鹿毛,2月 5日
3,,3,,,,,モミスケ,,牡,2,,武藤雅,55,,(美),水野貴広,,助川啓一,本桐村田牧場,鹿毛,1月24日
3,,4,,,,,ピウモッソ,,牝,2,,斎藤新,55,,(美),斎藤誠,,キャロットファーム,社台コーポレーション白老ファーム,鹿毛,1月27日
4,,5,,,,,ランズエンド,,牡,2,,今村聖奈,53,◇,(栗),野中賢二,,グリーンファーム,那須野,栗毛,3月19日
4,,6,,,,,ユイチャンファイト,,牝,2,,菊沢一樹,55,,(美),竹内正洋,,由井健太郎,藤沢牧場,栗毛,3月 4日
5,,7,,,,,サザンキンレンカ,,牝,2,,丸山元気,55,,(美),畠山吉宏,,サザンホールディング,平野牧場,黒鹿,5月 1日
5,,8,,,,,アレックスケー,,牡,2,,石橋脩,55,,(美),小野次郎,,小田健太,浦河小林牧場,鹿毛,5月 5日
6,,9,,,,,スクワミッシュ,,牝,2,,戸崎圭太,55,,(栗),梅田智之,,吉田勝己,ノーザンファーム,鹿毛,4月24日
6,,10,,,,,ライヴバーボン,,牝,2,,石田拓郎,52,▲,(美),尾形和幸,,澤田孝之,大島牧場,鹿毛,2月18日
7,,11,,,,,イニシャルポイント,,牝,2,,原優介,55,,(美),高木登,(外),ビッグレッドファーム,"Coffee Pot Stable",黒鹿,4月22日
7,,12,,,,,ミカミッチー,,牝,2,,横山典弘,55,,(美),田中勝春,,道永幸治,レイクヴィラファーム,鹿毛,3月 8日
8,,13,,,,,オンアロール,,牝,2,,田口貫太,55,,(栗),高野友和,,飯田正剛,千代田牧場,鹿毛,4月 5日
8,,14,,,,,コパノフラメンコ,,牝,2,,柴田大知,55,,(美),上原博之,,小林祥晃,大北牧場,栗毛,3月18日
年,月,日,場所,R,略レース名,条件表記,芝・ダート,距離,頭数,レース印１
2026,07,25,新潟,3,新馬・牝,２歳・新馬(馬齢)(牝)[指定],芝,1600,8,
枠番,B,番,印,M2,M3,M4,  馬名,Ｃ,性別,年齢,替,騎手,斤量,減M,所属,調教師,馬記号, 馬主, 生産者,毛色,誕生
1,,1,,,,,トルタパスカリーナ,,牝,2,,戸崎圭太,55,,(美),黒岩陽一,,吉田勝己,ノーザンファーム,鹿毛,2月21日
2,,2,,,,,リーベラーリア,,牝,2,,今村聖奈,53,◇,(栗),高橋義忠,,OHEレーシング,ノーザンファーム,栗毛,2月24日
3,,3,,,,,スターマイン,,牝,2,,菊沢一樹,55,,(美),大竹正博,,飯田正剛,千代田牧場,鹿毛,3月27日
4,,4,,,,,セプタードアイル,,牝,2,,荻野極,55,,(美),矢嶋大樹,,吉田勝己,ノーザンファーム,鹿毛,2月22日
5,,5,,,,,サトノスプレマシー,,牝,2,,田辺裕信,55,,(美),久保田貴,,里見治,千代田牧場,黒鹿,4月14日
6,,6,,,,,スイートアリッサム,,牝,2,,杉原誠人,55,,(美),大和田成,,ミルファーム,静内フアーム,鹿毛,1月30日
7,,7,,,,,プレママドンナ,,牝,2,,丸山元気,55,,(美),手塚貴徳,,二木英実,社台ファーム,鹿毛,4月18日
8,,8,,,,,マリアンデール,,牝,2,,斎藤新,55,,(栗),中村直也,,森永聡,森永聡,黒鹿,2月10日
年,月,日,場所,R,略レース名,条件表記,芝・ダート,距離,頭数,レース印１
2026,07,25,新潟,4,未勝利,３歳・未勝利(馬齢)[指定],ダート,1200,15,
枠番,B,番,印,M2,M3,M4,  馬名,Ｃ,性別,年齢,替,騎手,斤量,減M,所属,調教師,馬記号, 馬主, 生産者,毛色,誕生
1,,1,,,,,サンマルオブウォー,,牡,3,,上里直汰,54,▲,(美),中川公成,,相馬勇,三木田牧場,鹿毛,3月10日
2,,2,,,,,パチクリベスクリ,,牡,3,*,丸田恭介,57,,(美),清水英克,,河本尚吾,HARUNOファーム,鹿毛,4月22日
2,,3,,,,,プリプリプリン,,牝,3,,佐藤翔馬,52,▲,(美),伊藤圭三,,是枝浩平,グランド牧場,栗毛,3月 2日
3,B,4,,,,,スノーランス,,牝,3,*,石橋脩,55,,(美),上原佑紀,,堀江貞幸,追分ファーム,鹿毛,2月15日
3,B,5,,,,,シャインネージュ,,牝,3,*,谷原柚希,51,★,(美),小野次郎,,皆川博文,上野正恵,芦毛,3月 7日
4,,6,,,,,ナーシリーヤ,,牡,3,*,松岡正海,57,,(美),田中剛,,ゴドルフィン,ダーレー・ジャパン・ファーム,栗毛,4月18日
4,B,7,,,,,セイウンヤオヨロズ,,牡,3,*,石神深道,55,△,(美),上原博之,,西山茂行,稲葉牧場,鹿毛,3月 6日
5,,8,,,,,メイショウバリスタ,,牡,3,*,菊沢一樹,57,,(美),西田雄一,,松本好隆,太陽牧場,鹿毛,3月14日
5,,9,,,,,ロジザボード,,牝,3,*,斎藤新,55,,(美),古賀慎明,,久米田正明,オリエント牧場,黒鹿,3月23日
6,,10,,,,,スウィートラキ,,牝,3,,木幡初也,55,,(美),堀内岳志,,ヒダカ・ブリーダーズ・ユニオン,槇本牧場,栗毛,3月 8日
6,,11,,,,,スウェーバック,,牝,3,,野中悠太,55,,(美),天間昭一,,手嶋美季,佐竹牧場,鹿毛,4月21日
7,,12,,,,,ジョイベル,,牝,3,*,木幡育也,55,,(美),本間忍,,トール&ワイド,富塚ファーム,鹿毛,4月20日
7,,13,,,,,フジテンクウ,,牝,3,*,石田拓郎,52,▲,(美),竹内正洋,,荒木誠,中村雅明,鹿毛,3月26日
8,,14,,,,,マナイアカラニ,,牡,3,*,戸崎圭太,57,,(美),田中勝春,,吉田勝己,ノーザンファーム,鹿毛,4月13日
8,,15,,,,,オレンジキャンパス,,牝,3,,武藤雅,55,,(美),武藤善則,,ノースヒルズ,ノースヒルズ,鹿毛,3月 8日
年,月,日,場所,R,略レース名,条件表記,芝・ダート,距離,頭数,レース印１
2026,07,25,新潟,5,１勝ｸﾗｽ,３歳以上・１勝クラス/500万下(定量)(混)(特指),芝,1800,11,
枠番,B,番,印,M2,M3,M4,  馬名,Ｃ,性別,年齢,替,騎手,斤量,減M,所属,調教師,馬記号, 馬主, 生産者,毛色,誕生
1,,1,,,,,スワローシチー,,牡,4,*,田辺裕信,58,,(美),相沢郁,,友駿ホースクラブ,カミイスタット,黒鹿,4月18日
2,,2,,,,,コスモナエマ,,牝,3,*,石神深道,51,△,(美),手塚貴久,,ビッグレッドファーム,ビッグレッドファーム,黒鹿,3月20日
3,B,3,,,,,メイショウキンタイ,,牡,4,*,佐藤翔馬,55,▲,(栗),高橋亮,,松本好隆,大島牧場,黒鹿,3月19日
4,,4,,,,,ケイツールピア,,牝,5,,石田拓郎,53,▲,(美),蛯名利弘,,楠本勝美,道見牧場,栗毛,4月13日
5,,5,,,,,フィールドノート,,牡,4,*,戸崎圭太,58,,(美),木村哲也,,サンデーレーシング,ノーザンファーム,鹿毛,4月26日
6,,6,,,,,カリーン,,牝,4,*,大野拓弥,56,,(美),蛯名正義,,菅野隆志,社台ファーム,鹿毛,3月17日
6,,7,,,,,オルグジェシダ,,牝,4,*,丸山元気,56,,(美),宮田敬介,,サンデーレーシング,ノーザンファーム,青鹿,3月24日
7,,8,,,,,トラストモアリズム,,牝,4,,今村聖奈,54,◇,(美),高橋文雅,,菅波雅巳,ダーレー・ジャパン・ファーム,鹿毛,5月13日
7,,9,,,,,リアルセンター,,牝,5,,原優介,56,,(美),千葉直人,,岡田牧雄,岡田スタツド,芦毛,4月10日
8,,10,,,,,ヴァリスマリネリス,,牝,3,*,荻野極,53,,(美),中舘英二,,社台レースホース,社台ファーム,栗毛,3月19日
8,B,11,,,,,キシダンチョウ,,牡,3,*,石川裕紀,55,,(栗),吉岡辰弥,,田畑利彦,ノーザンファーム,鹿毛,1月30日
年,月,日,場所,R,略レース名,条件表記,芝・ダート,距離,頭数,レース印１
2026,07,25,新潟,6,豊栄特別･2勝,３歳以上・２勝クラス/1000万下(定量)(混)(特指),芝,1600,15,
枠番,B,番,印,M2,M3,M4,  馬名,Ｃ,性別,年齢,替,騎手,斤量,減M,所属,調教師,馬記号, 馬主, 生産者,毛色,誕生
1,,1,,,,,ゴールドスター,,牡,5,*,丸田恭介,58,,(美),奥村武,,井山登,岡田スタツド,黒鹿,3月18日
2,,2,,,,,ナファロア,,セ,5,*,小崎綾也,58,,(美),菊沢隆徳,,村野康司,社台ファーム,芦毛,4月 9日
2,,3,,,,,ラビットアイ,,牝,5,,田口貫太,56,,(栗),鈴木孝志,,ライオンレースホース,浦河日成牧場,鹿毛,3月10日
3,,4,,,,,ケイケイ,,セ,5,,木幡巧也,58,,(美),杉浦宏昭,,桑野克己,坂本智広,栗毛,2月24日
3,,5,,,,,ナグルファル,,セ,4,*,大野拓弥,58,,(美),中舘英二,転厩初戦,社台レースホース,社台ファーム,鹿毛,4月 7日
4,,6,,,,,ドリームクルーズ,,牝,5,,吉田豊,56,,(美),戸田博文,,DMMドリームクラブ,社台コーポレーション白老ファーム,栗毛,1月23日
4,,7,,,,,ガリレア,,牡,3,*,杉原誠人,55,,(美),清水英克,,井高義光,ヴェルサイユファーム,栗毛,4月18日
5,B,8,,,,,ルナルーチェット,,牝,4,,田辺裕信,56,,(美),松尾卓哉,,社台レースホース,社台ファーム,黒鹿,4月15日
5,,9,,,,,ジーネキング,,牡,3,*,斎藤新,55,,(美),斎藤誠,,山口雄司,酒井牧場,黒鹿,3月28日
6,,10,,,,,メランジェ,,牝,4,*,原優介,56,,(美),田中剛,,シルクレーシング,ノーザンファーム,鹿毛,4月17日
6,B,11,,,,,ソニックライン,,セ,5,*,石川裕紀,58,,(美),浅利英明,,サンデーレーシング,ノーザンファーム,青鹿,2月27日
7,,12,,,,,ギフテッド,,牝,4,,今村聖奈,56,,(美),武井亮,,谷川牧場,谷川牧場,黒鹿,4月18日
7,,13,,,,,ミッキースターダム,,セ,5,*,菊沢一樹,58,,(栗),前川恭子,,野田みづき,ノーザンファーム,鹿毛,2月12日
8,,14,,,,,シャンソンドール,,牝,4,*,戸崎圭太,56,,(美),奥村武,,キャロットファーム,ノーザンファーム,黒鹿,4月 7日
8,,15,,,,,コルドンブルー,,牝,4,*,石橋脩,56,,(栗),松永幹夫,,ノースヒルズ,ノースヒルズ,青鹿,4月28日
年,月,日,場所,R,略レース名,条件表記,芝・ダート,距離,頭数,レース印１
2026,07,25,新潟,7,新潟日報･3勝,３歳以上・３勝クラス/1600万下(定量)(混)(特指),芝,1400,18,
枠番,B,番,印,M2,M3,M4,  馬名,Ｃ,性別,年齢,替,騎手,斤量,減M,所属,調教師,馬記号, 馬主, 生産者,毛色,誕生
1,B,1,,,,,ポッドロワール,,牡,4,,荻野極,58,,(美),畠山吉宏,,小川眞査雄,スマイルファーム,鹿毛,4月11日
1,,2,,,,,コートアリシアン,,牝,4,*,戸崎圭太,56,,(美),伊藤大士,,吉田照哉,社台ファーム,栗毛,2月24日
2,B,3,,,,,エマヌエーレ,,牡,6,*,菊沢一樹,58,,(栗),平田修,,丸山担,ノーザンファーム,鹿毛,2月15日
2,,4,,,,,スマイルアップ,,牝,7,,松岡正海,56,,(美),萱野浩二,,馬目勇,辻牧場,芦毛,3月29日
3,,5,,,,,エイムフォーエース,,牡,5,*,木幡巧也,58,,(美),武井亮,(地),KHレーシング,千代田牧場,鹿毛,5月12日
3,,6,,,,,ピコローズ,,牝,4,*,田辺裕信,56,,(美),伊藤大士,,ビジュピコ,チャンピオンズファーム,鹿毛,5月10日
4,,7,,,,,アームテイル,,牝,6,*,大野拓弥,56,,(美),和田勇介,,三嶋牧場,三嶋牧場,鹿毛,3月 2日
4,,8,,,,,ボンヌソワレ,,牝,4,*,杉原誠人,56,,(美),宮田敬介,,社台レースホース,社台ファーム,栗毛,2月14日
5,,9,,,,,モンテシート,,牡,4,*,田口貫太,58,,(栗),牧田和弥,,吉田勝己,ノーザンファーム,鹿毛,2月25日
5,,10,,,,,チューラワンサ,,牝,4,*,今村聖奈,56,,(栗),高野友和,,キャロットファーム,ノーザンファーム,栗毛,4月14日
6,,11,,,,,ヴェサリウス,,牡,5,*,小崎綾也,58,,(美),菊沢隆徳,,福盛訓之,フジワラフアーム,栗毛,4月22日
6,,12,,,,,ミストレス,,牝,4,*,吉田豊,56,,(栗),矢作芳人,,前田晋二,グランド牧場,黒鹿,2月 2日
7,,13,,,,,スティールブルー,,牝,5,*,横山典弘,56,,(美),田中勝春,,シルクレーシング,ノーザンファーム,鹿毛,2月12日
7,,14,,,,,ルミノメテオール,,牝,6,*,江田照男,56,,(美),金成貴史,,尾上松壽,タイヘイ牧場,黒鹿,3月31日
7,,15,,,,,ウナギノボリ,,牡,7,*,石川裕紀,58,,(美),本間忍,,小田切有一,中原牧場,黒鹿,4月17日
8,,16,,,,,キタサンダムール,,牝,6,*,石橋脩,56,,(栗),清水久詞,,大野商事,ヤナガワ牧場,黒鹿,2月12日
8,,17,,,,,モジャーリオ,,牡,4,*,斎藤新,58,,(美),斎藤誠,,MOJA,錦岡牧場,青鹿,3月13日
8,,18,,,,,フライングブレード,,牡,6,*,原優介,58,,(栗),飯田祐史,,中辻明,バンブー牧場,鹿毛,4月 9日
年,月,日,場所,R,略レース名,条件表記,芝・ダート,距離,頭数,レース印１
2026,07,25,新潟,8,清津峡特･1勝,３歳以上・１勝クラス/500万下(定量)(混)[指定],ダート,1800,13,
枠番,B,番,印,M2,M3,M4,  馬名,Ｃ,性別,年齢,替,騎手,斤量,減M,所属,調教師,馬記号, 馬主, 生産者,毛色,誕生
1,,1,,,,,ヴィエントデコラ,,牡,3,*,菊沢一樹,55,,(栗),寺島良,,G1レーシング,追分ファーム,黒鹿,4月30日
2,,2,,,,,ライヴスプーン,,牝,4,*,木幡巧也,56,,(美),尾形和幸,,澤田孝之,野坂牧場,鹿毛,3月30日
3,,3,,,,,ケルピー,,セ,4,*,江田照男,58,,(美),小野次郎,(地),鈴木淳人,中川欽一,鹿毛,5月 1日
4,,4,,,,,メトロポリターナ,,牝,5,,丸田恭介,56,,(美),粕谷昌央,(外)(地),庄司修二,Godolphin,栗毛,4月 9日
4,,5,,,,,イリュストル,,牡,4,*,杉原誠人,58,,(美),大竹正博,,ライオンレースホース,ノーザンファーム,鹿毛,4月21日
5,,6,,,,,ロケットパンチ,,セ,3,,武藤雅,55,,(美),武藤善則,,子安裕樹RC,清水牧場,鹿毛,4月19日
5,,7,,,,,ハルノアラシ,,牡,4,,石川裕紀,58,,(美),相沢郁,,河内孝夫,大狩部牧場,鹿毛,3月 7日
6,,8,,,,,コッレヴェッキオ,,セ,5,*,丸山元気,58,,(美),高橋文雅,,吉田勝己,ノーザンファーム,鹿毛,3月16日
6,B,9,,,,,アヴァランチ,,牡,3,*,田辺裕信,55,,(美),加藤士津,,藤本栄史,槇本牧場,鹿毛,4月16日
7,,10,,,,,パイオニアスクエア,,牡,4,*,荻野極,58,,(栗),茶木太樹,,社台レースホース,社台ファーム,黒鹿,2月28日
7,,11,,,,,インナーパッション,,牡,3,*,斎藤新,55,,(美),斎藤誠,,平井裕,追分ファーム,黒鹿,2月11日
8,,12,,,,,バッカステソーロ,,牡,3,*,石橋脩,55,,(美),牧光二,(地),了徳寺健二ホールディングス,リョーケンファーム,鹿毛,5月 8日
8,,13,,,,,ブレスドナイル,,牝,4,*,田口貫太,56,,(美),金成貴史,(外)(地),飯田正剛,"Chiyoda Farm",鹿毛,3月16日
年,月,日,場所,R,略レース名,条件表記,芝・ダート,距離,頭数,レース印１
2026,07,25,新潟,9,障害・オープ,障害３歳以上・オープン(別定)(混),障害,2850,10,
枠番,B,番,印,M2,M3,M4,  馬名,Ｃ,性別,年齢,替,騎手,斤量,減M,所属,調教師,馬記号, 馬主, 生産者,毛色,誕生
1,,1,,,,,ウォーターリーダー,,牡,6,,高田潤,60,,(栗),藤野健太,,山岡正人,伏木田牧場,鹿毛,3月 5日
2,B,2,,,,,コスモチプリア,,牝,6,*,土田真翔,57,▲,(美),松永康利,,ビッグレッドファーム,ビッグレッドファーム,芦毛,3月13日
3,,3,,,,,スコラーリ,,牡,7,,伴啓太,60,,(美),古賀大生,転厩初戦,吉田和美,ヒカル牧場,栗毛,4月29日
4,,4,,,,,サングラデーション,,セ,6,,上野翔,60,,(美),千葉直人,(地),社台レースホース,社台ファーム,黒鹿,3月17日
5,,5,,,,,サルサロッサ,,牝,7,*,水沼元輝,57,▲,(美),高柳瑞樹,,岡田牧雄,タガミファーム,鹿毛,3月10日
6,,6,,,,,パープルアドミラル,,牡,6,,金子光希,62,,(美),堀内岳志,,岡田牧雄,聖心台牧場,鹿毛,3月25日
7,,7,,,,,ダノンロッキー,,牡,5,,五十嵐雄,60,,(美),古賀大生,転厩初戦,ダノックス,ノーザンファーム,黒鹿,1月21日
7,B,8,,,,,モンツァフレイバー,,牡,4,,草野太郎,60,,(美),久保田貴,,尾田信夫,丸幸小林牧場,鹿毛,5月25日
8,,9,,,,,ローンウルフ,,牡,5,,大江原圭,60,,(美),武市康男,,飯田正剛,千代田牧場,栗毛,3月 9日
8,,10,,,,,アメリカンピース,,セ,8,,小坂忠士,60,,(栗),東田明士,(外),吉澤ホールディングス,"Don Alberto Corporation",芦毛,4月15日
年,月,日,場所,R,略レース名,条件表記,芝・ダート,距離,頭数,レース印１
2026,07,25,新潟,10,未勝利・牝,３歳・未勝利(馬齢)(牝)[指定],ダート,1800,15,
枠番,B,番,印,M2,M3,M4,  馬名,Ｃ,性別,年齢,替,騎手,斤量,減M,所属,調教師,馬記号, 馬主, 生産者,毛色,誕生
1,,1,,,,,シェリーシュシュ,,牝,3,*,荻野極,55,,(美),大竹正博,,DMMドリームクラブ,パカパカファーム,芦毛,3月31日
2,,2,,,,,ミウ,,牝,3,,木幡巧也,55,,(美),加藤征弘,,広尾レース,木村秀則,鹿毛,2月19日
2,,3,,,,,ベアエクスプレス,,牝,3,*,田口貫太,55,,(美),柄崎将寿,,熊木浩,橋本牧場,栗毛,4月18日
3,,4,,,,,マイトリックスター,,牝,3,*,小崎綾也,55,,(美),和田勇介,,ターフ・スポート,高昭牧場,黒鹿,4月11日
3,,5,,,,,ナツミカンチャン,,牝,3,*,菊沢一樹,55,,(美),千葉直人,,河野洋平,高昭牧場,鹿毛,2月15日
4,,6,,,,,ディレクティオ,,牝,3,*,上里直汰,52,▲,(美),金成貴史,,尾上寿夫,タイヘイ牧場,栗毛,3月31日
4,B,7,,,,,ミュージックレイン,,牝,3,,江田照男,55,,(美),村田一誠,,阿南雅浩,スイートフアーム,鹿毛,4月27日
5,B,8,,,,,メジロピオラ,,牝,3,*,今村聖奈,53,◇,(美),武井亮,,フィールドレーシング,レイクヴィラファーム,青毛,3月11日
5,,9,,,,,ゴールドビリーヴ,,牝,3,*,石神深道,53,△,(美),鈴木慎太,,居城寿与,北勝ファーム,黒鹿,3月31日
6,,10,,,,,ナックレジーナ,,牝,3,,吉田豊,55,,(美),小野次郎,,小松欣也,宮内牧場,芦毛,2月26日
6,,11,,,,,オリエンタルガール,,牝,3,,石田拓郎,52,▲,(美),相沢郁,,田村彰夫,門別山際牧場,栗毛,3月17日
7,,12,,,,,カーボフリオ,,牝,3,,佐藤翔馬,52,▲,(美),高木登,,吉田千津,社台ファーム,黒鹿,4月25日
7,,13,,,,,アドバンスジェンヌ,,牝,3,*,原優介,55,,(美),小手川準,,アドバンス・サッポロ,マリオステーブル,鹿毛,4月28日
8,,14,,,,,バーヴァンシー,,牝,3,,横山典弘,55,,(美),村田一誠,,ノースヒルズ,ノースヒルズ,黒鹿,5月 4日
8,,15,,,,,アジャイブ,,牝,3,*,水沼元輝,52,▲,(美),小笠倫弘,,根岸朋弘,佐竹牧場,鹿毛,3月20日
年,月,日,場所,R,略レース名,条件表記,芝・ダート,距離,頭数,レース印１
2026,07,25,新潟,11,未勝利,３歳・未勝利(馬齢)[指定],芝,1000,18,
枠番,B,番,印,M2,M3,M4,  馬名,Ｃ,性別,年齢,替,騎手,斤量,減M,所属,調教師,馬記号, 馬主, 生産者,毛色,誕生
1,,1,,,,,ユニベールクイーン,,牝,3,*,杉原誠人,55,,(美),武市康男,,住宅データ,静内山田牧場,鹿毛,3月 3日
1,,2,,,,,ルディドゥゲンジ,,牝,3,*,嶋田純次,55,,(美),蛯名利弘,,ミルファーム,安達牧場,鹿毛,4月30日
2,,3,,,,,アリアファブラ,,牝,3,*,斎藤新,55,,(美),尾関知人,,林正道,ヤナガワ牧場,黒鹿,2月25日
2,B,4,,,,,リオクリスハーレー,,牝,3,,荻野極,55,,(美),矢野英一,,小林照弘,服部牧場,鹿毛,2月17日
3,B,5,,,,,ムーンシェイド,,牝,3,*,木幡巧也,55,,(美),牧光二,,KHレーシング,沼田照秋,鹿毛,4月10日
3,,6,,,,,マイエラ,,牡,3,*,小崎綾也,57,,(美),蛯名正義,,諸江幸祐,新井昭二牧場,黒鹿,4月27日
4,,7,,,,,アイファーアイドル,,牡,3,*,松岡正海,57,,(美),蛯名利弘,,中島稔,アースファーム,鹿毛,4月14日
4,,8,,,,,ソレム,,牝,3,*,石神深道,53,△,(美),稲垣幸雄,,シルクレーシング,ノーザンファーム,鹿毛,2月27日
5,,9,,,,,セランディア,,牝,3,*,菊沢一樹,55,,(美),小野次郎,,日下部勝徳,ディアレストクラブ,栗毛,2月24日
5,,10,,,,,ノーブルラホーヤ,,牝,3,,石田拓郎,52,▲,(美),深山雅史,,ヒダカ・ブリーダーズ・ユニオン,藤原牧場,黒鹿,4月 9日
6,,11,,,,,ミヤザキムスメ,,牝,3,*,柴田大知,55,,(美),和田雄二,,福田光博,福田米造,栗毛,6月12日
6,,12,,,,,タツナナイロ,,牝,3,*,野中悠太,55,,(美),的場均,,鈴木伸幸,ニッコウファーム,栃栗,3月24日
7,,13,,,,,ケイツーキップ,,牝,3,*,水沼元輝,52,▲,(美),清水英克,,楠本勝美,プログレスファーム,黒鹿,2月14日
7,,14,,,,,ユイノササヤキ,,牡,3,*,木幡初也,57,,(美),深山雅史,,由井健太郎,社台コーポレーション白老ファーム,栗毛,3月13日
7,,15,,,,,テラシエスタ,,牡,3,*,佐藤翔馬,54,▲,(美),黒岩陽一,,キヨタケ牧場,キヨタケ牧場,鹿毛,3月25日
8,,16,,,,,シルバーアックス,,牡,3,,横山典弘,57,,(美),村田一誠,,浅田次郎,ハクレイファーム,黒鹿,3月17日
8,,17,,,,,リオハリソンメリー,,牝,3,*,上里直汰,52,▲,(美),加藤征弘,,小林照弘,奥山ファーム,青鹿,2月17日
8,,18,,,,,ジョイアミーア,,牝,3,*,武藤雅,55,,(美),高柳瑞樹,,キャロットファーム,ノーザンファーム,黒鹿,3月16日
年,月,日,場所,R,略レース名,条件表記,芝・ダート,距離,頭数,レース印１
2026,07,25,新潟,12,１勝ｸﾗｽ・牝,３歳以上・１勝クラス/500万下(定量)(牝)[指定],芝,1400,17,
枠番,B,番,印,M2,M3,M4,  馬名,Ｃ,性別,年齢,替,騎手,斤量,減M,所属,調教師,馬記号, 馬主, 生産者,毛色,誕生
1,,1,,,,,ミスバレンシア,,牝,3,*,今村聖奈,51,◇,(美),武井亮,,吉田照哉,社台ファーム,鹿毛,4月 9日
1,,2,,,,,リラ,,牝,3,*,戸崎圭太,53,,(美),蛯名正義,,前田幸大,ノースヒルズ,黒鹿,3月15日
2,,3,,,,,クリールスル,,牝,4,*,菊沢一樹,56,,(美),矢野英一,,永見貴昭,岡田スタツド,黒鹿,2月16日
2,,4,,,,,ルージュダリア,,牝,3,,荻野極,53,,(美),林徹,,東京ホースレーシング,ノーザンファーム,黒鹿,2月 6日
3,,5,,,,,リアライズリバティ,,牝,3,*,石川裕紀,53,,(美),池上昌和,,今福洋介,長浜牧場,黒鹿,2月12日
3,,6,,,,,ショウナンマリーナ,,牝,4,,石橋脩,56,,(美),森一誠,,国本哲秀,木村牧場,鹿毛,4月12日
4,,7,,,,,ロジャリーマイン,,牝,4,*,大野拓弥,56,,(美),久保田貴,,キャロットファーム,ノーザンファーム,黒鹿,3月 7日
4,,8,,,,,ウインロゼライト,,牝,4,*,木幡巧也,56,,(美),矢嶋大樹,(地),ウイン,コスモヴューファーム,鹿毛,4月15日
5,,9,,,,,カフェラバー,,牝,3,*,石神深道,51,△,(美),和田正一,,吉田和美,ノーザンファーム,鹿毛,2月28日
5,,10,,,,,リラベガ,,牝,3,,丸山元気,53,,(美),岩戸孝樹,,川崎賢二,パカパカファーム,鹿毛,5月 5日
6,,11,,,,,ガラク,,牝,4,,田辺裕信,56,,(美),伊坂重信,,石田勇,谷岡牧場,鹿毛,4月14日
6,,12,,,,,ワディアルリヤハ,,牝,3,*,武藤雅,53,,(美),中舘英二,転厩初戦,吉田勝己,ノーザンファーム,鹿毛,4月26日
7,B,13,,,,,ジョワイユノエル,,牝,4,*,小崎綾也,56,,(栗),辻野泰之,,G1レーシング,追分ファーム,鹿毛,1月30日
7,,14,,,,,テンハートビート,,牝,3,*,杉原誠人,53,,(美),西田雄一,,天白泰司,隆栄牧場,黒鹿,2月10日
8,,15,,,,,タイセイフレッサ,,牝,3,*,斎藤新,53,,(美),斎藤誠,,田中成奉,下河辺牧場,黒鹿,2月22日
8,,16,,,,,ブルバンビーナ,,牝,4,*,石田拓郎,53,▲,(美),尾形和幸,,高田秀信,チャンピオンズファーム,黒鹿,4月20日
8,,17,,,,,メイリー,,牝,4,,吉田豊,56,,(美),鈴木慎太,,フクキタル,パカパカファーム,鹿毛,2月22日
年,月,日,場所,R,略レース名,条件表記,芝・ダート,距離,頭数,レース印１
2026,07,25,中京,1,未勝利*,２歳・未勝利(馬齢)(混)[指定],ダート,1200,9,
枠番,B,番,印,M2,M3,M4,  馬名,Ｃ,性別,年齢,替,騎手,斤量,減M,所属,調教師,馬記号, 馬主, 生産者,毛色,誕生
1,,1,,,,,レッドネビュラ,,牡,2,,吉村誠之,55,,(栗),四位洋文,,東京ホースレーシング,ノーザンファーム,栗毛,2月20日
2,,2,,,,,ワイドアイリー,,牝,2,,幸英明,55,,(栗),藤野健太,,幅田京子,宮内牧場,栗毛,4月13日
3,,3,,,,,アースグリッパー,,牝,2,*,松山弘平,55,,(栗),秋山真一,,中越達也,チャンピオンズファーム,鹿毛,2月25日
4,,4,,,,,シャインロード,,牡,2,,松若風馬,55,,(栗),井上智史,,MRS,パカパカファーム,鹿毛,3月22日
5,,5,,,,,エルダークローネ,,牡,2,,田山旺佑,54,☆,(栗),西村真幸,,京都ホースレーシング,イワミ牧場,黒鹿,3月26日
6,,6,,,,,エコロメジャー,,牡,2,*,岩田望来,55,,(栗),牧浦充徳,,原村正紀,社台ファーム,黒鹿,3月29日
7,,7,,,,,テーオージャスミン,,牝,2,*,西塚洸二,55,,(栗),藤野健太,,小笹公也,ヤナガワ牧場,鹿毛,2月28日
8,,8,,,,,クイーンズアイ,,牝,2,,太宰啓介,55,,(栗),昆貢,,高村勇一,"Blooming Farm",鹿毛,4月14日
8,,9,,,,,トム,,牡,2,*,永島まな,53,◇,(美),石栗龍彦,,江川伸夫,信岡牧場,芦毛,3月10日
年,月,日,場所,R,略レース名,条件表記,芝・ダート,距離,頭数,レース印１
2026,07,25,中京,2,新馬,２歳・新馬(馬齢)[指定],芝,1400,13,
枠番,B,番,印,M2,M3,M4,  馬名,Ｃ,性別,年齢,替,騎手,斤量,減M,所属,調教師,馬記号, 馬主, 生産者,毛色,誕生
1,,1,,,,,エアロクリスタ,,牡,2,,松山弘平,55,,(栗),池添学,,福本純,三村卓也,黒鹿,4月 9日
2,,2,,,,,タガノレクシア,,牡,2,,幸英明,55,,(栗),鈴木孝志,,八木良司,新冠タガノファーム,栗毛,4月11日
3,,3,,,,,コスモルミナ,,牡,2,,松若風馬,55,,(栗),宮地貴稔,,ブルースターズファーム,ブルースターズファーム,鹿毛,4月 2日
4,,4,,,,,リアルメッセージ,,牡,2,,城戸義政,55,,(栗),小林真也,,井内康之,社台ファーム,鹿毛,3月23日
4,,5,,,,,テーオーライガ,,牡,2,,団野大成,55,,(栗),浜田多実,,小笹公也,ヤナガワ牧場,黒鹿,3月20日
5,,6,,,,,ヤマトデュノール,,牡,2,,森田誠也,52,▲,(栗),安達昭夫,,サン,橋本牧場,栗毛,4月28日
5,,7,,,,,ノトコンゴウ,,牡,2,,角田大和,55,,(栗),中尾秀正,,吉田千津,社台ファーム,鹿毛,2月12日
6,,8,,,,,ソリドゥス,,牡,2,,秋山稔樹,55,,(栗),安達昭夫,,京都ホースレーシング,高橋フアーム,鹿毛,4月21日
6,,9,,,,,レッドレヴェリー,,牡,2,,富田暁,55,,(栗),武幸四郎,,東京ホースレーシング,社台ファーム,栗毛,4月22日
7,,10,,,,,ロンリーマン,,牡,2,,田山旺佑,54,☆,(栗),荒川義之,,酒井孝敏,大林ファーム,鹿毛,3月11日
7,,11,,,,,ブレイクアウェイ,,牡,2,,岩田望来,55,,(栗),上村洋行,,ライオンレースホース,社台ファーム,鹿毛,4月 3日
8,,12,,,,,ラインエレガント,,牝,2,,吉村誠之,55,,(栗),牧田和弥,,大澤繁昌,日高大洋牧場,黒鹿,2月20日
8,,13,,,,,ベルヴェール,,牡,2,,西村淳也,55,,(栗),石坂公一,,シルクレーシング,ノーザンファーム,栗毛,3月18日
年,月,日,場所,R,略レース名,条件表記,芝・ダート,距離,頭数,レース印１
2026,07,25,中京,3,未勝利,３歳・未勝利(馬齢)[指定],芝,2000,12,
枠番,B,番,印,M2,M3,M4,  馬名,Ｃ,性別,年齢,替,騎手,斤量,減M,所属,調教師,馬記号, 馬主, 生産者,毛色,誕生
1,,1,,,,,デルマトカチ,,牝,3,,国分優作,55,,(栗),畑端省吾,,浅沼廣幸,ファニーヒルファーム,栗毛,4月16日
2,,2,,,,,レッドブライトン,,牡,3,,西村淳也,57,,(栗),奥村豊,,東京ホースレーシング,ノーザンファーム,鹿毛,4月23日
3,,3,,,,,チュオンソン,,牡,3,,酒井学,57,,(栗),昆貢,,シンシアリー,富田牧場,芦毛,2月27日
4,,4,,,,,シンゼンイセ,,牡,3,*,団野大成,57,,(栗),荒川義之,,原司郎,社台ファーム,黒鹿,5月 1日
5,,5,,,,,スマートエラン,,牡,3,*,コレット,57,,(栗),池江泰寿,,大川徹,スマート,青鹿,3月23日
5,,6,,,,,コスモフィレンツェ,,牡,3,,幸英明,57,,(栗),北出成人,,コスモ・コスモ,ノーザンファーム,鹿毛,1月26日
6,,7,,,,,マサハヤルージュ,,牝,3,,吉村誠之,55,,(栗),千田輝彦,,ドリーム&Dream,社台ファーム,鹿毛,4月 7日
6,,8,,,,,アメジストブリエ,,牝,3,,高倉稜,55,,(栗),武英智,,インゼルレーシング,三嶋牧場,黒鹿,2月18日
7,,9,,,,,プロットシッケンズ,,牡,3,*,田山旺佑,56,☆,(栗),岡田稲男,,ゴドルフィン,ダーレー・ジャパン・ファーム,栗毛,4月14日
7,,10,,,,,プレスバーン,,牝,3,,川田将雅,55,,(栗),石坂公一,,水上千歳,笠松牧場,鹿毛,4月 3日
8,,11,,,,,ラピス,,牝,3,,Ｍ．デム,55,,(栗),安田翔伍,,寺田寿男,ノースヒルズ,黒鹿,4月27日
8,,12,,,,,フィンガーレイクス,,牡,3,*,富田暁,57,,(栗),藤原英昭,,社台レースホース,社台ファーム,鹿毛,3月26日
年,月,日,場所,R,略レース名,条件表記,芝・ダート,距離,頭数,レース印１
2026,07,25,中京,4,未勝利,３歳・未勝利(馬齢)[指定],ダート,1800,16,
枠番,B,番,印,M2,M3,M4,  馬名,Ｃ,性別,年齢,替,騎手,斤量,減M,所属,調教師,馬記号, 馬主, 生産者,毛色,誕生
1,,1,,,,,ヨシノサンキュー,,牡,3,*,柴田裕一,55,△,(栗),中竹和也,,清水義徳,嶋田牧場,鹿毛,4月20日
1,,2,,,,,ベルアズーロ,,牡,3,,吉村誠之,57,,(栗),西村真幸,,宮崎俊也,フジワラフアーム,黒鹿,3月12日
2,,3,,,,,ヴァンドゥーヴル,,牡,3,*,西村淳也,57,,(栗),石坂公一,,犬塚悠治郎,社台ファーム,鹿毛,3月17日
2,B,4,,,,,テリコス,,牡,3,*,川端海翼,54,▲,(栗),四位洋文,,平沼龍漢,シンボリ牧場,鹿毛,5月 6日
3,,5,,,,,テイクザスローン,,牡,3,,高倉稜,57,,(栗),武英智,,G1レーシング,追分ファーム,黒鹿,2月 4日
3,,6,,,,,ロードファイター,,牡,3,,団野大成,57,,(栗),東田明士,,ロードホースクラブ,山際牧場,鹿毛,3月21日
4,,7,,,,,グランピアン,,牝,3,*,幸英明,55,,(栗),森田直行,,村島聡乃,織田正敏,鹿毛,3月17日
4,B,8,,,,,ナウオアネヴァー,,牡,3,*,岩田望来,57,,(栗),寺島良,,ノースヒルズ,ノースヒルズ,黒鹿,3月24日
5,B,9,,,,,マーゴットショット,,牡,3,*,秋山稔樹,57,,(栗),小林真也,,前田良平,下河辺牧場,鹿毛,2月13日
5,,10,,,,,ワイドヴィンクルム,,セ,3,,城戸義政,57,,(栗),奥村豊,,幅田京子,日高大洋牧場,鹿毛,2月19日
6,,11,,,,,ボクサークラブ,,牡,3,*,松山弘平,57,,(栗),杉山佳明,,谷掛龍夫,社台ファーム,黒鹿,4月21日
6,,12,,,,,アステリアート,,牡,3,,富田暁,57,,(栗),高橋義忠,,OHEレーシング,富田牧場,鹿毛,2月11日
7,B,13,,,,,ジャスティンレビン,,牡,3,*,コレット,57,,(栗),吉岡辰弥,,三木正浩,グランド牧場,鹿毛,5月 1日
7,,14,,,,,タロ,,牡,3,,田山旺佑,56,☆,(栗),新谷功一,,西村健,静内フアーム,黒鹿,4月15日
8,B,15,,,,,コーディアリティ,,牡,3,*,西塚洸二,57,,(栗),牧浦充徳,,水上行雄,笠松牧場,青鹿,4月12日
8,,16,,,,,アスクハッピーマン,,牡,3,*,坂井瑠星,57,,(栗),矢作芳人,,廣崎利洋HD,藤原牧場,栗毛,3月 6日
年,月,日,場所,R,略レース名,条件表記,芝・ダート,距離,頭数,レース印１
2026,07,25,中京,5,未勝利・牝,３歳・未勝利(馬齢)(牝)[指定],芝,1600,16,
枠番,B,番,印,M2,M3,M4,  馬名,Ｃ,性別,年齢,替,騎手,斤量,減M,所属,調教師,馬記号, 馬主, 生産者,毛色,誕生
1,,1,,,,,インヴァイト,,牝,3,,加藤祥太,55,,(栗),杉山晴紀,,高昭牧場,高昭牧場,黒鹿,2月20日
1,,2,,,,,ワンダーヴァレル,,牝,3,,高倉稜,55,,(栗),杉山晴紀,,山本能成,城地牧場,栗毛,5月 8日
2,B,3,,,,,イルミナジーティー,,牝,3,*,吉村誠之,55,,(栗),西園翔太,,田畑利彦,ノーザンファーム,栗毛,1月31日
2,,4,,,,,ペガサスジルシ,,牝,3,*,西村淳也,55,,(栗),新谷功一,,後藤和成,ノーザンファーム,黒鹿,2月17日
3,,5,,,,,セコンドトゥベスト,,牝,3,*,岩田望来,55,,(栗),上村洋行,,吉田千津,社台ファーム,鹿毛,3月21日
3,,6,,,,,スレイクイーン,,牝,3,,西塚洸二,55,,(栗),吉岡辰弥,,ロードホースクラブ,ケイアイファーム,鹿毛,5月13日
4,,7,,,,,ラヴエナストロ,,牝,3,*,永島まな,53,◇,(栗),石坂公一,,村尾賢二,レイクヴィラファーム,黒鹿,2月 2日
4,,8,,,,,リアライズアリス,,牝,3,*,松若風馬,55,,(栗),杉山晴紀,,今福洋介,長谷川牧場,栃栗,3月31日
5,,9,,,,,セイロンブリーズ,,牝,3,,コレット,55,,(栗),杉山晴紀,,キャロットファーム,ノーザンファーム,栗毛,3月 4日
5,,10,,,,,ノーブルクインダム,,牝,3,,国分恭介,55,,(栗),宮本博,,吉木伸彦,橋本牧場,黒鹿,2月16日
6,,11,,,,,セルヴァジオ,,牝,3,,富田暁,55,,(栗),上村洋行,,杉山忠国,明治牧場,青鹿,1月21日
6,,12,,,,,ファルカータ,,牝,3,*,坂井瑠星,55,,(栗),友道康夫,,ロードホースクラブ,ケイアイファーム,黒鹿,3月27日
7,,13,,,,,トレッチェ,,牝,3,*,幸英明,55,,(栗),渡辺薫彦,,ノースヒルズ,ノースヒルズ,芦毛,4月 3日
7,,14,,,,,ヒーナシャム,,牝,3,*,酒井学,55,,(栗),橋口慎介,,フィールドレーシング,ノーザンファーム,黒鹿,1月19日
8,B,15,,,,,マルモリキャスター,,牝,3,,泉谷楓真,55,,(栗),大橋勇樹,,山下繁美,金石牧場,鹿毛,3月 5日
8,,16,,,,,ダーコ,,牝,3,*,田山旺佑,54,☆,(栗),長谷川浩,,増田和啓,社台ファーム,黒鹿,3月 9日
年,月,日,場所,R,略レース名,条件表記,芝・ダート,距離,頭数,レース印１
2026,07,25,中京,6,四日市特･2勝,３歳以上・２勝クラス/1000万下(定量)(混)[指定],ダート,1400,16,
枠番,B,番,印,M2,M3,M4,  馬名,Ｃ,性別,年齢,替,騎手,斤量,減M,所属,調教師,馬記号, 馬主, 生産者,毛色,誕生
1,,1,,,,,スーパージョック,,牡,4,*,松若風馬,58,,(栗),橋田宜長,,平井裕,グランド牧場,栗毛,3月24日
1,,2,,,,,モズケイスター,,牡,4,*,柴田裕一,58,,(栗),高柳大輔,,北側雅司,目黒牧場,栗毛,5月 1日
2,,3,,,,,ヤマニンバロネス,,牝,4,*,太宰啓介,56,,(栗),千田輝彦,,土井肇,錦岡牧場,黒鹿,5月18日
2,B,4,,,,,ステラスプレンダー,,牝,5,*,国分優作,56,,(栗),石坂公一,,サンデーレーシング,ノーザンファーム,鹿毛,1月29日
3,,5,,,,,アリエスキング,,牡,5,*,Ｍ．デム,58,,(栗),庄野靖志,,三宅勝俊,庄野牧場,栗毛,4月 2日
3,,6,,,,,ゼロヴィジビリティ,,牡,3,*,坂井瑠星,55,,(栗),寺島良,,ゴドルフィン,ダーレー・ジャパン・ファーム,鹿毛,3月25日
4,,7,,,,,ホウオウゴールド,,牡,4,*,田山旺佑,58,,(美),栗田徹,,小笹芳央,アサヒ牧場,鹿毛,4月20日
4,B,8,,,,,ジェミート,,牡,4,*,角田大和,58,,(栗),四位洋文,,マブレーシング,中村雅明,鹿毛,4月25日
5,,9,,,,,ポートデラメール,,牝,4,*,団野大成,56,,(栗),斉藤崇史,,シルクレーシング,レイクヴィラファーム,鹿毛,4月 9日
5,,10,,,,,モズタチアガレ,,牡,4,*,西塚洸二,58,,(栗),中尾秀正,,北側雅司,アサヒ牧場,栗毛,4月29日
6,,11,,,,,チュウワチーフ,,牡,4,*,コレット,58,,(栗),小崎憲,(外),中西忍,"WinStar Farm LLC",黒鹿,3月12日
6,,12,,,,,エブリーポッシブル,,牝,3,,岩田望来,53,,(栗),新谷功一,,G1レーシング,ノーザンファーム,黒鹿,3月18日
7,,13,,,,,ヘリテージブルーム,,牡,3,*,松山弘平,55,,(美),伊藤圭三,,吉田照哉,社台ファーム,黒鹿,3月15日
7,,14,,,,,ザックザク,,牡,4,*,西村淳也,58,,(栗),渡辺薫彦,,佐伯太朗,稲葉牧場,青鹿,4月12日
8,,15,,,,,ゴルデールスカー,,牡,6,*,幸英明,58,,(栗),加藤公太,,サンデーレーシング,ノーザンファーム,栗毛,3月 9日
8,,16,,,,,アレ,,牡,5,*,川田将雅,58,,(栗),中内田充,,寺田秀樹,三嶋牧場,鹿毛,2月12日
年,月,日,場所,R,略レース名,条件表記,芝・ダート,距離,頭数,レース印１
2026,07,25,中京,7,関ケ原Ｓ･3勝,３歳以上・３勝クラス/1600万下(定量)(混)(特指),芝,2200,11,
枠番,B,番,印,M2,M3,M4,  馬名,Ｃ,性別,年齢,替,騎手,斤量,減M,所属,調教師,馬記号, 馬主, 生産者,毛色,誕生
1,,1,,,,,ミッキーゴールド,,セ,4,*,西村淳也,58,,(栗),池江泰寿,,野田みづき,ノーザンファーム,鹿毛,2月 1日
2,,2,,,,,エイカイマッケンロ,,セ,7,*,西塚洸二,58,,(栗),藤原英昭,,二木英実,社台ファーム,鹿毛,2月14日
3,,3,,,,,リンフレスカンテ,,牡,8,*,酒井学,58,,(栗),宮本博,,名古屋友豊,社台ファーム,黒鹿,5月16日
4,,4,,,,,タイセイフェリーク,,牝,6,,藤懸貴志,56,,(美),青木孝文,,田中成奉,ノーザンファーム,黒鹿,2月23日
5,,5,,,,,ウインデイジー,,牝,5,,松若風馬,56,,(栗),宮徹,,ウイン,コスモヴューファーム,黒鹿,3月24日
6,,6,,,,,サトノクローク,,牡,6,*,富田暁,58,,(栗),橋口慎介,,里見治,辻牧場,黒鹿,4月21日
6,,7,,,,,ハーツコンチェルト,,牡,6,*,松山弘平,58,,(美),武井亮,,グリーンファーム,ハシモトフアーム,鹿毛,5月 5日
7,B,8,,,,,メイショウソウタ,,牡,5,,菱田裕二,58,,(栗),岡田稲男,,松本好隆,三嶋牧場,鹿毛,4月 9日
7,,9,,,,,ミュージシャン,,牡,4,,坂井瑠星,58,,(栗),杉山晴紀,,石川達絵,三嶋牧場,黒鹿,5月21日
8,,10,,,,,サダムオプシス,,牡,5,,幸英明,58,,(栗),平田修,,大西美生子,ノーザンファーム,鹿毛,2月23日
8,,11,,,,,ナムラフッカー,,牡,5,*,田山旺佑,58,,(栗),長谷川浩,,奈村睦弘,猿倉牧場,栗毛,4月20日
年,月,日,場所,R,略レース名,条件表記,芝・ダート,距離,頭数,レース印１
2026,07,25,中京,8,香嵐渓特･1勝,３歳以上・１勝クラス/500万下(定量)(混)[指定],芝,2000,8,
枠番,B,番,印,M2,M3,M4,  馬名,Ｃ,性別,年齢,替,騎手,斤量,減M,所属,調教師,馬記号, 馬主, 生産者,毛色,誕生
1,,1,,,,,スノースケープ,,牝,3,,川田将雅,53,,(栗),中内田充,(外),S.マグニア,"Capital Bloodstock",鹿毛,1月16日
2,,2,,,,,サラコスティ,,牡,4,*,松山弘平,58,,(栗),池添学,,サンデーレーシング,ノーザンファーム,黒鹿,3月 7日
3,,3,,,,,サンダーバード,,牝,3,*,岩田望来,53,,(栗),武幸四郎,,藤田晋,ノーザンファーム,青鹿,2月28日
4,,4,,,,,アンビアンス,,牝,4,,吉村誠之,56,,(栗),清水久詞,,前田幸大,ノースヒルズ,鹿毛,3月 8日
5,,5,,,,,ブラックシャリマー,,牡,3,*,コレット,55,,(栗),杉山晴紀,,KRジャパン,前谷牧場,鹿毛,4月29日
6,,6,,,,,アトレッタ,,牡,3,*,幸英明,55,,(栗),斉藤崇史,,名古屋友豊,オリエント牧場,黒鹿,3月16日
7,,7,,,,,サイモンシャリオ,,牡,3,*,松若風馬,55,,(栗),梅田智之,,澤田昭紀,ヤナガワ牧場,鹿毛,3月14日
8,,8,,,,,ロードフィレール,,牡,3,*,坂井瑠星,55,,(栗),吉岡辰弥,,ロードホースクラブ,ケイアイファーム,鹿毛,3月18日
年,月,日,場所,R,略レース名,条件表記,芝・ダート,距離,頭数,レース印１
2026,07,25,中京,9,１勝ｸﾗｽ・牝,３歳以上・１勝クラス/500万下(定量)(牝)[指定],ダート,1400,16,
枠番,B,番,印,M2,M3,M4,  馬名,Ｃ,性別,年齢,替,騎手,斤量,減M,所属,調教師,馬記号, 馬主, 生産者,毛色,誕生
1,,1,,,,,ワイズギャング,,牝,3,,長岡禎仁,53,,(栗),河嶋宏樹,,近藤克麿,丸幸小林牧場,芦毛,5月 2日
1,,2,,,,,ルビドゥソレイユ,,牝,3,*,岩田望来,53,,(栗),田中克典,,ラ・メール,ノーザンファーム,黒鹿,1月26日
2,,3,,,,,リカード,,牝,4,*,コレット,56,,(栗),加藤公太,(地),YGGホースクラブ,マリオステーブル,栗毛,3月16日
2,,4,,,,,ナムラティアラ,,牝,3,*,西塚洸二,53,,(栗),牧田和弥,,奈村睦弘,森政巳,芦毛,4月17日
3,,5,,,,,テーオーアンジェラ,,牝,3,*,国分優作,53,,(栗),梅田智之,,小笹公也,新冠橋本牧場,鹿毛,3月30日
3,,6,,,,,ルクスコスモス,,牝,4,*,松山弘平,56,,(栗),高橋一哉,(地),ルクス,いとう牧場,黒鹿,3月26日
4,,7,,,,,オブシディアーナ,,牝,4,*,吉村誠之,56,,(栗),池添学,(地),DMMドリームクラブ,辻牧場,青鹿,3月30日
4,,8,,,,,ラウルベア,,牝,4,*,富田暁,56,,(栗),柴田卓,,社台レースホース,社台コーポレーション白老ファーム,鹿毛,2月28日
5,B,9,,,,,リンゲルブルーメ,,牝,4,*,川端海翼,53,▲,(栗),佐藤悠太,,キャロットファーム,ノーザンファーム,黒鹿,2月12日
5,,10,,,,,ニーナバイリッカ,,牝,4,*,永島まな,54,◇,(栗),松下武士,(地),村田能光,社台ファーム,栗毛,2月 7日
6,,11,,,,,ミスヘンリー,,牝,3,,幸英明,53,,(栗),羽月友彦,,サイプレスホールディングス,いとう牧場,栗毛,5月15日
6,,12,,,,,ダンシングドール,,牝,3,,森田誠也,50,▲,(栗),牧田和弥,,内田玄祥,びらとり牧場,鹿毛,3月 9日
7,,13,,,,,ヴァカンツァ,,牝,4,*,角田大和,56,,(栗),高橋亮,,カナヤマホールディングス,藤春修二,黒鹿,3月22日
7,,14,,,,,イーブンベター,,牝,4,*,国分恭介,56,,(栗),牧浦充徳,,グリーンファーム,那須野,鹿毛,5月 3日
8,,15,,,,,ドレドレ,,牝,3,*,秋山稔樹,53,,(栗),井上智史,(地),犬飼優,矢野牧場,鹿毛,3月17日
8,,16,,,,,ステライヴ,,牝,3,,西村淳也,53,,(栗),杉山晴紀,,広尾レース,桑田牧場,栗毛,2月 4日
年,月,日,場所,R,略レース名,条件表記,芝・ダート,距離,頭数,レース印１
2026,07,25,中京,10,１勝ｸﾗｽ,３歳以上・１勝クラス/500万下(定量)[指定],ダート,1800,13,
枠番,B,番,印,M2,M3,M4,  馬名,Ｃ,性別,年齢,替,騎手,斤量,減M,所属,調教師,馬記号, 馬主, 生産者,毛色,誕生
1,,1,,,,,ミランド,,牡,3,,西村淳也,55,,(栗),小林真也,,平川三津,高橋陵,青鹿,5月 9日
2,,2,,,,,ガウラディスコ,,牡,3,*,松山弘平,55,,(栗),高柳大輔,,村上憲政,岡田牧場,鹿毛,4月14日
3,,3,,,,,ルルフィーユ,,牝,5,*,永島まな,54,◇,(栗),谷潔,(地),酒井孝敏,谷川牧場,鹿毛,4月12日
4,,4,,,,,インシオン,,牡,3,*,西塚洸二,55,,(栗),藤原英昭,,シルクレーシング,ノーザンファーム,青鹿,5月 9日
4,,5,,,,,タイセイフリーデン,,牡,3,*,森田誠也,52,▲,(栗),大橋勇樹,,田中成奉,高橋義浩,鹿毛,5月20日
5,,6,,,,,ステイクオール,,セ,4,*,岩田望来,58,,(栗),上村洋行,,キャロットファーム,社台コーポレーション白老ファーム,鹿毛,3月28日
5,,7,,,,,コルヴァス,,牡,3,*,坂井瑠星,55,,(栗),矢作芳人,,寺田寿男,ノースヒルズ,黒鹿,3月18日
6,,8,,,,,タマモヒロイン,,牝,3,,長岡禎仁,53,,(栗),緒方努,,タマモ,対馬正,栗毛,5月23日
6,,9,,,,,アスクチャンスマン,,牡,3,*,川田将雅,55,,(栗),梅田智之,,廣崎利洋HD,三嶋牧場,栗毛,5月 3日
7,,10,,,,,ブルーストレイル,,牡,5,,城戸義政,58,,(栗),荒川義之,(地),加藤徹,大狩部牧場,栗毛,2月24日
7,,11,,,,,リアルペガサス,,牡,5,*,国分優作,58,,(栗),大橋勇樹,(地),水谷光太郎,宮内牧場,芦毛,2月21日
8,,12,,,,,リヒトミューレ,,牡,3,*,吉村誠之,55,,(栗),中村直也,,サンデーレーシング,ノーザンファーム,鹿毛,3月 9日
8,B,13,,,,,サイモンゼスト,,牡,3,,酒井学,55,,(栗),谷潔,,澤田昭紀,千代田牧場,鹿毛,3月 6日
年,月,日,場所,R,略レース名,条件表記,芝・ダート,距離,頭数,レース印１
2026,07,25,中京,11,１勝ｸﾗｽ,３歳以上・１勝クラス/500万下(定量)[指定],芝,1200,8,
枠番,B,番,印,M2,M3,M4,  馬名,Ｃ,性別,年齢,替,騎手,斤量,減M,所属,調教師,馬記号, 馬主, 生産者,毛色,誕生
1,,1,,,,,フェブリノ,,牝,3,,松若風馬,53,,(栗),加藤公太,,釘田義広,小泉牧場,鹿毛,3月11日
2,,2,,,,,ベランジェール,,牝,5,,Ｍ．デム,56,,(栗),西村真幸,転厩初戦,DMMドリームクラブ,ノーザンファーム,鹿毛,1月23日
3,,3,,,,,ルージュスプリヤ,,牝,3,,森田誠也,50,▲,(栗),斉藤崇史,,東京ホースレーシング,オカモトファーム,黒鹿,4月 7日
4,,4,,,,,アウクソー,,牝,6,*,秋山稔樹,56,,(栗),平田修,,大島昌也,ノーザンファーム,鹿毛,2月 3日
5,,5,,,,,ニシノトリビュート,,牡,3,,田山旺佑,54,☆,(栗),新谷功一,,西山茂行,メイタイファーム,鹿毛,3月31日
6,,6,,,,,サヨノパララックス,,牡,3,,菱田裕二,55,,(栗),羽月友彦,,吉岡泰治,鮫川啓一,鹿毛,4月18日
7,,7,,,,,ケールハイム,,牝,3,*,坂井瑠星,53,,(栗),福永祐一,,サンデーレーシング,ノーザンファーム,栗毛,3月26日
8,B,8,,,,,ビーグラッド,,牝,5,,幸英明,56,,(栗),岡田稲男,,インゼルレーシング,桑田牧場,青鹿,2月 2日
年,月,日,場所,R,略レース名,条件表記,芝・ダート,距離,頭数,レース印１
2026,07,25,中京,12,未勝利,３歳・未勝利(馬齢)(混)[指定],芝,1600,16,
枠番,B,番,印,M2,M3,M4,  馬名,Ｃ,性別,年齢,替,騎手,斤量,減M,所属,調教師,馬記号, 馬主, 生産者,毛色,誕生
1,,1,,,,,オースミサイファー,,牡,3,,幸英明,57,,(栗),宮本博,,オースミ,白井牧場,鹿毛,3月26日
1,,2,,,,,カフラー,,牡,3,*,菱田裕二,57,,(栗),矢作芳人,(外),広尾レース,"Hiroo Race Co. LTD",鹿毛,1月31日
2,,3,,,,,ムーンライトダイヤ,,牝,3,,秋山稔樹,55,,(栗),河嶋宏樹,,ヒダカ・ブリーダーズ・ユニオン,ヒダカフアーム,鹿毛,5月 1日
2,,4,,,,,ビッグヒーロー,,牡,3,,川田将雅,57,,(栗),福永祐一,,幅田昌伸,バンブー牧場,芦毛,2月24日
3,,5,,,,,オレンジフィールド,,牝,3,,亀田温心,55,,(栗),北出成人,,黒川暁子,ゴールドアップカンパニー,黒鹿,3月23日
3,,6,,,,,リザレクティア,,牝,3,*,永島まな,53,◇,(栗),高橋康之,,福盛訓之,三嶋牧場,鹿毛,4月10日
4,,7,,,,,アスクブームキセキ,,牡,3,*,西塚洸二,57,,(栗),藤原英昭,,廣崎利洋HD,"ASK STUD",青鹿,3月11日
4,,8,,,,,ララディアーブル,,牡,3,*,松山弘平,57,,(栗),松下武士,,フジイ興産,ヒダカフアーム,栗毛,4月25日
5,B,9,,,,,サーブルディアマン,,牡,3,,Ｍ．デム,57,,(栗),坂口智康,,吉田晴哉,追分ファーム,鹿毛,3月29日
5,,10,,,,,レインボーステート,,牡,3,*,坂井瑠星,57,,(栗),茶木太樹,,シルクレーシング,ノーザンファーム,鹿毛,2月 5日
6,,11,,,,,レッドピアレス,,牡,3,*,中井裕二,57,,(栗),中内田充,,東京ホースレーシング,ノーザンファーム,黒鹿,2月10日
6,,12,,,,,マーチャンシップ,,牡,3,*,吉村誠之,57,,(栗),杉山佳明,,戸佐眞弓,嶋田牧場,芦毛,6月 1日
7,,13,,,,,ミッキーラヴィータ,,牝,3,,団野大成,55,,(栗),高橋亮,,野田みづき,ノーザンファーム,栗毛,2月17日
7,,14,,,,,オーケーキュート,,牝,3,*,富田暁,55,,(栗),笹田和秀,,小野建,ヒサイファーム,鹿毛,4月 1日
8,B,15,,,,,シャンジュマン,,牡,3,*,森田誠也,54,▲,(栗),奥村豊,,幅田昌伸,フジワラフアーム,鹿毛,6月 3日
8,,16,,,,,ラミエルノムスコ,,牡,3,*,岩田望来,57,,(栗),千田輝彦,,桑畑夏美,前谷牧場,黒鹿,2月19日
