26,08,02,,札幌,,,3歳未勝利 3歳未勝利,,ダ,,1700,良,ローゾフィア,牝,3,荻野琢真,55,14,,1,,,-0.9,,,,,3,3,4,3,38.4,432,宮本博,,580.0,23104384,,,0126140105,,,シニスターミニスター,,Distorted Humor,,,31.3,,,
26,08,02,,札幌,,,3歳未勝利 3歳未勝利,,ダ,,1700,良,タガノシルフィー,牝,3,浜中俊,55,14,,2,,,0.9,,,,,1,1,1,1,40.3,466,石橋守,,230.0,23104322,,,0126140101,,,モーニン,,アイルハヴアナザー,,,2.5,,,
26,08,02,,札幌,,,3歳未勝利 3歳未勝利,,ダ,,1700,良,ストリートクイーン,牝,3,丹内祐次,55,14,,3,,,0.9,,,,,3,4,3,3,39.4,454,高橋一哉,,150.0,23101091,,,0126140108,,,ルヴァンスレーヴ,,アドマイヤムーン,,,3.1,,,
26,08,02,,札幌,,,3歳未勝利 3歳未勝利,,ダ,,1700,良,フレンチブラッサム,牝,3,横山和生,55,14,,4,,,1.1,,,,,11,11,8,6,38.5,454,柄崎将寿,,87.0,23105062,,,0126140106,,,ホッコータルマエ,,ゴールドアリュール,,,4.6,,,
26,08,02,,札幌,,,3歳未勝利 3歳未勝利,,ダ,,1700,良,ワンダーアスク,牝,3,川又賢治,55,14,,5,,,1.1,,,,,2,2,2,2,40.3,434,笹田和秀,,58.0,23103191,,,0126140103,,,オルフェーヴル,,デヒア,,,15.2,,,
26,08,02,,札幌,,,3歳未勝利 3歳未勝利,,ダ,,1700,良,ヨドノサファイア,牝,3,横山武史,55,14,,6,,,1.2,,,,,5,4,5,5,39.3,440,稲垣幸雄,,0,23101825,,,0126140112,,,ジャスタウェイ,,バゴ,,,43.8,,,
26,08,02,,札幌,,,3歳未勝利 3歳未勝利,,ダ,,1700,良,ドゥブルヴェ,牝,3,河原田菜,51,14,,7,,,2.2,,,,,13,14,13,12,38.7,480,池添学,,0,23106953,,,0126140109,,,ルヴァンスレーヴ,,ダイワメジャー,,,396.5,,,
26,08,02,,札幌,,,3歳未勝利 3歳未勝利,,ダ,,1700,良,レーヌペスカ,牝,3,吉田隼人,55,14,,8,,,2.2,,,,,11,10,10,10,39.4,420,角田晃一,,0,23103193,,,0126140113,,,クリソベリル,,チーフベアハート,,,454.7,,,
26,08,02,,札幌,,,3歳未勝利 3歳未勝利,,ダ,,1700,良,テリオスリコ,牝,3,古川吉洋,55,14,,9,,,2.5,,,,,13,12,12,10,39.4,448,松下武士,,0,23101796,,,0126140114,,,ルーラーシップ,,ハーツクライ,,,113.3,,,
26,08,02,,札幌,,,3歳未勝利 3歳未勝利,,ダ,,1700,良,ザンシュトーム,牝,3,斎藤新,55,14,,10,,,2.7,,,,,10,9,8,8,40.2,420,辻哲英,,0,23103813,,,0126140107,,,ナダル,,ネオユニヴァース,,,11.1,,,
26,08,02,,札幌,,,3歳未勝利 3歳未勝利,,ダ,,1700,良,クルサール,牝,3,富田暁,55,14,,11,,,3.2,,,,,6,6,6,7,41.0,450,武英智,,0,23105004,,,0126140111,,,コントレイル,,Medaglia d'Oro,,,31.0,,,
26,08,02,,札幌,,,3歳未勝利 3歳未勝利,,ダ,,1700,良,ヒマラヤミュサ,牝,3,石川倭,55,14,,12,,,3.5,,,,,7,6,6,8,41.3,472,畑端省吾,,0,23100699,,,0126140102,,,アジアエクスプレス,,シニスターミニスター,,,140.5,,,
26,08,02,,札幌,,,3歳未勝利 3歳未勝利,,ダ,,1700,良,ダノンルミエール,牝,3,舟山瑠泉,54,14,,13,,,3.8,,,,,9,12,14,14,39.6,462,久保田貴,,0,23107103,,,0126140104,,,ダノンスマッシュ,,ダイワメジャー,,,18.5,,,
26,08,02,,札幌,,,3歳未勝利 3歳未勝利,,ダ,,1700,良,アインプロージット,牝,3,佐々木大,55,14,,14,,,3.9,,,,,8,8,10,13,41.1,418,小笠倫弘,,0,23104415,,,0126140110,,,クリソベリル,,Shamardal,,,70.3,,,
26,08,02,,札幌,,,3歳未勝利 3歳未勝利,,芝,,1500,良,エグジスタンス,牡,3,佐々木大,57,14,,1,,,-0.1,,,,,7,6,6,0,35.3,484,奥村豊,,580.0,23103155,,,0126140208,,,フィエールマン,,Kingman,,,3.9,,,
26,08,02,,札幌,,,3歳未勝利 3歳未勝利,,芝,,1500,良,ショウナンバーボン,牡,3,西村淳也,57,14,,2,,,0.1,,,,,4,3,3,0,35.5,468,加藤士津,,230.0,23106620,,,0126140211,,,サートゥルナーリア,,ハーツクライ,,,5.7,,,
26,08,02,,札幌,,,3歳未勝利 3歳未勝利,,芝,,1500,良,グローリーバローズ,セ,3,鮫島克駿,57,14,,3,,,0.3,,,,,13,13,10,0,34.9,424,辻野泰之,,150.0,23105470,,,0126140210,,,サートゥルナーリア,,ディープインパクト,,,22.5,,,
26,08,02,,札幌,,,3歳未勝利 3歳未勝利,,芝,,1500,良,ペカリーナ,牝,3,丹内祐次,55,14,,4,,,0.3,,,,,4,3,3,0,35.7,460,竹内正洋,,87.0,23106578,,,0126140203,,,ルーラーシップ,,ブラックタイド,,,2.8,,,
26,08,02,,札幌,,,3歳未勝利 3歳未勝利,,芝,,1500,良,スカイピア,牝,3,小林美駒,52,14,,5,,,0.3,,,,,1,1,1,0,35.9,444,前川恭子,,58.0,23110026,,,0126140201,,,Palace Pier,,Dubawi,,,9.9,,,
26,08,02,,札幌,,,3歳未勝利 3歳未勝利,,芝,,1500,良,シーシェル,牝,3,黛弘人,55,14,,6,,,0.7,,,,,8,10,7,0,35.8,428,武藤善則,,0,23105212,,,0126140204,,,アドマイヤマーズ,,クロフネ,,,149.0,,,
26,08,02,,札幌,,,3歳未勝利 3歳未勝利,,芝,,1500,良,ニシノマーレ,牝,3,横山武史,55,14,,7,,,1.0,,,,,2,2,2,0,36.6,400,伊藤大士,,0,23100179,,,0126140202,,,ダノンプレミアム,,キングカメハメハ,,,11.1,,,
26,08,02,,札幌,,,3歳未勝利 3歳未勝利,,芝,,1500,良,ブルーエ,牝,3,原田和真,55,14,,8,,,1.1,,,,,12,12,10,0,36.0,462,中舘英二,,0,23105952,,,0126140212,,,トーセンレーヴ,,Galileo,,,16.0,,,
26,08,02,,札幌,,,3歳未勝利 3歳未勝利,,芝,,1500,良,ロックフラワー,牝,3,石川倭,55,14,,9,,,1.1,,,,,14,14,13,0,35.5,462,西田雄一,,0,2023102425,,,0126140206,,,ゴールドシップ,,ローエングリン,,,141.2,,,
26,08,02,,札幌,,,3歳未勝利 3歳未勝利,,芝,,1500,良,ポセイドンテソーロ,牡,3,長浜鴻緒,56,14,,10,,,1.6,,,,,8,10,8,0,36.6,452,牧光二,,0,23106742,,,0126140207,,,シュヴァルグラン,,Shirocco,,,42.0,,,
26,08,02,,札幌,,,3歳未勝利 3歳未勝利,,芝,,1500,良,アトリ,牝,3,北村友一,55,14,,11,,,1.6,,,,,3,3,3,0,37.1,482,清水久詞,,0,23106885,,,0126140213,,,シスキン,,Congrats,,,22.7,,,
26,08,02,,札幌,,,3歳未勝利 3歳未勝利,,芝,,1500,良,ミアエッテ,牡,3,舟山瑠泉,56,14,,12,,,1.7,,,,,8,8,8,0,36.9,484,田中剛,,0,23101530,,,0126140209,,,シルバーステート,,アドマイヤムーン,,,58.5,,,
26,08,02,,札幌,,,3歳未勝利 3歳未勝利,,芝,,1500,良,モンテール,セ,3,横山琉人,57,14,,13,,,1.7,,,,,4,6,10,0,37.0,430,栗田徹,,0,23104404,,,0126140205,,,オルフェーヴル,,Gone West,,,12.9,,,
26,08,02,,札幌,,,3歳未勝利 3歳未勝利,,芝,,1500,良,メイショウタダツグ,牡,3,西塚洸二,57,14,,14,,,3.1,,,,,8,8,14,0,38.3,482,藤岡健一,,0,23105042,,,0126140214,,,シルバーステート,,Corinthian,,,265.8,,,
26,08,02,,札幌,,,3歳未勝利 3歳未勝利,,ダ,,1700,良,ワンダーブリッツ,牡,3,横山武史,57,11,,1,,,-1.5,,,,,7,6,4,1,36.8,504,久保田貴,,580.0,23102750,,,0126140303,,,クリソベリル,,ワイルドワンダー,,,1.5,,,
26,08,02,,札幌,,,3歳未勝利 3歳未勝利,,ダ,,1700,良,ゴンフィンガー,牡,3,西村淳也,57,11,,2,,,1.5,,,,,5,4,5,4,38.2,460,中内田充,,230.0,23110069,,,0126140308,,,Curlin,,Scat Daddy,,,3.2,,,
26,08,02,,札幌,,,3歳未勝利 3歳未勝利,,ダ,,1700,良,イーサンミラー,牡,3,斎藤新,57,11,,3,,,1.7,,,,,4,4,5,4,38.4,422,稲垣幸雄,,150.0,23106657,,,0126140305,,,ウインブライト,,サウスヴィグラス,,,24.3,,,
26,08,02,,札幌,,,3歳未勝利 3歳未勝利,,ダ,,1700,良,ホウオウロレンシア,牝,3,石川倭,55,11,,4,,,1.9,,,,,3,3,2,2,38.9,442,高木登,,87.0,23102396,,,0126140311,,,ゴールドシップ,,Congrats,,,10.8,,,
26,08,02,,札幌,,,3歳未勝利 3歳未勝利,,ダ,,1700,良,エースオブゴールド,牡,3,横山琉人,57,11,,5,,,2.2,,,,,9,8,9,8,38.4,484,堀内岳志,,58.0,23100784,,,0126140304,,,ブラックタイド,,ワイルドラッシュ,,,134.5,,,
26,08,02,,札幌,,,3歳未勝利 3歳未勝利,,ダ,,1700,良,ワンダーゾルダート,牡,3,松本大輝,57,11,,6,,,2.2,,,,,6,6,8,7,38.7,438,羽月友彦,,0,23101714,,,0126140302,,,ゴールドドリーム,,エイシンフラッシュ,,,40.3,,,
26,08,02,,札幌,,,3歳未勝利 3歳未勝利,,ダ,,1700,良,ハイランダー,牡,3,丹内祐次,57,11,,7,,,2.6,,,,,10,10,5,6,39.3,464,古賀大生,,0,23103504,,,0126140309,,,スワーヴリチャード,,メイショウサムソン,,,17.0,,,
26,08,02,,札幌,,,3歳未勝利 3歳未勝利,,ダ,,1700,良,ヘリオポリス,牡,3,和田陽希,54,11,,8,,,2.8,,,,,10,11,11,11,37.7,450,杉山佳明,,0,23105090,,,0126140306,,,ブリックスアンドモルタル,,ストリートセンス,,,312.3,,,
26,08,02,,札幌,,,3歳未勝利 3歳未勝利,,ダ,,1700,良,モズヴイ,牡,3,西塚洸二,57,11,,9,,,3.4,,,,,1,1,1,2,40.6,450,藤岡健一,,0,23105739,,,0126140301,,,モズアスコット,,デクラレーションオブウォー,,,14.9,,,
26,08,02,,札幌,,,3歳未勝利 3歳未勝利,,ダ,,1700,良,イントゥゴールデン,牡,3,古川奈穂,55,11,,10,,,3.6,,,,,7,8,10,9,39.3,476,和田雄二,,0,23104288,,,0126140307,,,ミスチヴィアスアレックス,,スピルバーグ,,,219.4,,,
26,08,02,,札幌,,,3歳未勝利 3歳未勝利,,ダ,,1700,良,カンフージョン,牡,3,小沢大仁,57,11,,11,,,4.3,,,,,2,2,2,9,41.3,516,吉村圭司,,0,23107544,,,0126140310,,,Frosted,,Pioneerof the Nile,,,267.1,,,
26,08,02,,札幌,,,3歳以上1勝クラス 3歳以上1勝クラス,,芝,,2600,良,レイデラティエラ,牡,4,富田暁,58,13,,1,,,-0.4,,,,,2,2,1,1,36.4,470,小崎憲,,820.0,22103070,,,0126140410,,,スワーヴリチャード,,Leroidesanimaux,,,37.5,,,
26,08,02,,札幌,,,3歳以上1勝クラス 3歳以上1勝クラス,,芝,,2600,良,クオンタムスター,牡,3,佐々木大,55,13,,2,,,0.4,,,,,3,3,2,2,36.7,492,堀宣行,,330.0,23101050,,,0126140405,,,コントレイル,,Mastercraftsman,,,1.7,,,
26,08,02,,札幌,,,3歳以上1勝クラス 3歳以上1勝クラス,,芝,,2600,良,タケルフォーカス,牡,3,古川吉洋,55,13,,3,,,1.1,,,,,5,5,4,3,37.2,436,四位洋文,,210.0,23106077,,,0126140406,,,サトノダイヤモンド,,キングカメハメハ,,,9.2,,,
26,08,02,,札幌,,,3歳以上1勝クラス 3歳以上1勝クラス,,芝,,2600,良,ワンダフルデイズ,牡,3,横山琉人,55,13,,4,,,1.4,,,,,3,4,4,3,37.5,502,高橋義忠,,120.0,23107050,,,0126140402,,,ルーラーシップ,,ディープインパクト,,,3.2,,,
26,08,02,,札幌,,,3歳以上1勝クラス 3歳以上1勝クラス,,芝,,2600,良,ペリプルス,牡,6,舟山瑠泉,57,13,,5,,,1.4,,,,,9,9,8,5,37.2,452,室井潔,,82.0,20105796,,,0126140407,,,ゴールドシップ,,コンデュイット,,,56.1,,,
26,08,02,,札幌,,,3歳以上1勝クラス 3歳以上1勝クラス,,芝,,2600,良,テイクザクラウン,牡,5,川又賢治,58,13,,6,,,1.5,,,,,12,12,8,5,37.3,452,吉村圭司,,0,21102379,,,0126140412,,,サトノクラウン,,ディープインパクト,,,22.3,,,
26,08,02,,札幌,,,3歳以上1勝クラス 3歳以上1勝クラス,,芝,,2600,良,グランアルト,牡,3,斎藤新,55,13,,7,,,2.1,,,,,6,6,6,5,38.0,508,斎藤誠,,0,23104156,,,0126140404,,,ワールドプレミア,,シャンハイボビー,,,21.0,,,
26,08,02,,札幌,,,3歳以上1勝クラス 3歳以上1勝クラス,,芝,,2600,良,サイモンイロハニー,牝,4,小沢大仁,56,13,,8,,,2.1,,,,,8,8,8,8,37.9,430,谷潔,,0,22104164,,,0126140411,,,ゴールドシップ,,ダノンシャンティ,,,37.5,,,
26,08,02,,札幌,,,3歳以上1勝クラス 3歳以上1勝クラス,,芝,,2600,良,シャインバオバブ,牡,4,遠藤汰月,55,13,,9,,,2.4,,,,,9,9,6,8,38.3,498,本田優,,0,22106180,,,0126140413,,,シルバーステート,,ルーラーシップ,,,124.5,,,
26,08,02,,札幌,,,3歳以上1勝クラス 3歳以上1勝クラス,,芝,,2600,良,ニヒトツーゼーア,牡,4,河原田菜,54,13,,10,,,2.6,,,,,11,11,12,11,38.2,522,中竹和也,,0,22102383,,,0126140409,,,リオンディーズ,,タニノギムレット,,,28.4,,,
26,08,02,,札幌,,,3歳以上1勝クラス 3歳以上1勝クラス,,芝,,2600,良,ジーティートシオー,牡,4,荻野琢真,58,13,,11,,,3.1,,,,,13,13,11,10,38.8,470,西村真幸,,0,22104661,,,0126140403,,,バゴ,,ウォーエンブレム,,,276.1,,,
26,08,02,,札幌,,,3歳以上1勝クラス 3歳以上1勝クラス,,芝,,2600,良,エナジーショット,牝,4,丹内祐次,56,13,,12,,,10.2,,,,,1,1,2,12,46.5,442,矢嶋大樹,,0,22101425,,,0126140401,,,サンダースノー,,スペシャルウィーク,,,45.6,,,
26,08,02,,札幌,,,3歳以上1勝クラス 3歳以上1勝クラス,,芝,,2600,良,ランブリングマン,牡,3,北村友一,55,13,,13,,,16.5,,,,,6,6,13,13,51.3,478,前川恭子,,0,23103837,,,0126140408,,,アポロケンタッキー,,アドマイヤムーン,,,48.7,,,
26,08,02,,札幌,,,2歳新馬 2歳新馬,,芝,,1800,良,ホウオウプレマ,牝,2,池添謙一,55,10,,1,,,-0.1,,,,,3,4,3,4,35.3,474,大竹正博,,780.0,2024106597,,,0126140502,,,キタサンブラック,,オルフェーヴル,,,2.8,,,
26,08,02,,札幌,,,2歳新馬 2歳新馬,,芝,,1800,良,ロゼプレミア,牡,2,鮫島克駿,55,10,,2,,,0.1,,,,,1,1,1,1,35.6,474,東田明士,,310.0,2024103201,,,0126140507,,,ワールドプレミア,,ゼンノロブロイ,,,8.7,,,
26,08,02,,札幌,,,2歳新馬 2歳新馬,,芝,,1800,良,オンザボー,牡,2,舟山瑠泉,54,10,,3,,,0.4,,,,,3,4,6,2,35.6,482,田中博康,,200.0,2024103472,,,0126140503,,,コントレイル,,Temple City,,,4.9,,,
26,08,02,,札幌,,,2歳新馬 2歳新馬,,芝,,1800,良,スワッグウォーク,牡,2,武豊,55,10,,4,,,1.1,,,,,8,7,3,2,36.4,510,武幸四郎,,120.0,2024106558,,,0126140504,,,コントレイル,,Speightstown,,,3.5,,,
26,08,02,,札幌,,,2歳新馬 2歳新馬,,芝,,1800,良,サーギュスターヴ,牡,2,丹内祐次,55,10,,5,,,1.3,,,,,9,9,9,9,35.9,480,杉浦宏昭,,78.0,2024106823,,,0126140505,,,New Bay,,Privately Held,,,68.5,,,
26,08,02,,札幌,,,2歳新馬 2歳新馬,,芝,,1800,良,デルマハッコウダ,牡,2,落合玄太,55,10,,6,,,1.5,,,,,9,9,8,8,36.2,468,天間昭一,,0,2024106075,,,0126140509,,,ジャスタウェイ,,American Post,,,32.2,,,
26,08,02,,札幌,,,2歳新馬 2歳新馬,,芝,,1800,良,ジューンガレン,牡,2,浜中俊,55,10,,7,,,1.5,,,,,6,6,3,6,36.8,456,長谷川浩,,0,2024107200,,,0126140501,,,グローリーヴェイズ,,フレンチデピュティ,,,9.9,,,
26,08,02,,札幌,,,2歳新馬 2歳新馬,,芝,,1800,良,チャームジュネーヴ,牝,2,原田和真,55,10,,8,,,2.1,,,,,6,8,10,10,36.4,410,蛯名利弘,,0,2024106864,,,0126140508,,,ハイランドリール,,Heatseeker,,,148.1,,,
26,08,02,,札幌,,,2歳新馬 2歳新馬,,芝,,1800,良,グラブザクラウン,牡,2,横山典弘,55,10,,9,,,2.3,,,,,2,2,6,6,37.5,488,昆貢,,0,2024104957,,,0126140510,,,サトノクラウン,,エンパイアメーカー,,,26.4,,,
26,08,02,,札幌,,,2歳新馬 2歳新馬,,芝,,1800,良,ボンジュールパリ,牡,2,横山武史,55,10,,10,,,3.6,,,,,3,2,2,5,39.0,490,加藤征弘,,0,2024106074,,,0126140506,,,ミスターメロディ,,Dubawi,,,8.7,,,
26,08,02,,札幌,,,3歳以上1勝クラス 3歳以上1勝クラス,,ダ,,1700,良,セイントホース,牡,3,河原田菜,51,11,,1,,,-0.3,,,,,7,6,7,7,36.7,490,谷潔,,820.0,23103176,,,0126140610,,,ミスターメロディ,,ダンスインザダーク,,,8.4,,,
26,08,02,,札幌,,,3歳以上1勝クラス 3歳以上1勝クラス,,ダ,,1700,良,ステイアンビシャス,牡,4,佐々木大,58,11,,2,,,0.3,,,,,6,6,8,7,36.8,494,堀内岳志,,330.0,22101255,,,0126140601,,,ドレフォン,,Distorted Humor,,,41.5,,,
26,08,02,,札幌,,,3歳以上1勝クラス 3歳以上1勝クラス,,ダ,,1700,良,アスクガンバーレ,牡,4,岩田康誠,58,11,,3,,,0.3,,,,,8,6,2,2,37.9,442,福永祐一,,210.0,22102300,,,0126140602,,,サートゥルナーリア,,マンハッタンカフェ,,,7.8,,,
26,08,02,,札幌,,,3歳以上1勝クラス 3歳以上1勝クラス,,ダ,,1700,良,ロードアマルフィ,牡,3,石川倭,55,11,,4,,,0.4,,,,,2,2,1,1,38.0,516,中村直也,,120.0,23105786,,,0126140603,,,ルヴァンスレーヴ,,クロフネ,,,4.9,,,
26,08,02,,札幌,,,3歳以上1勝クラス 3歳以上1勝クラス,,ダ,,1700,良,タイセイジェイド,牡,3,西村淳也,55,11,,5,,,0.5,,,,,5,3,5,4,37.5,482,矢作芳人,,82.0,23100612,,,0126140608,,,クリソベリル,,ロージズインメイ,,,6.1,,,
26,08,02,,札幌,,,3歳以上1勝クラス 3歳以上1勝クラス,,ダ,,1700,良,カフジクロミエ,牝,3,古川吉洋,53,11,,6,,,0.8,,,,,3,3,4,4,37.9,460,中竹和也,,0,23110034,,,0126140611,,,Omaha Beach,,Unbridled's Song,,,19.9,,,
26,08,02,,札幌,,,3歳以上1勝クラス 3歳以上1勝クラス,,ダ,,1700,良,ココデイック,牡,4,西塚洸二,58,11,,7,,,0.8,,,,,4,3,5,6,37.7,492,藤岡健一,,0,22100912,,,0126140605,,,ゴールドドリーム,,ロージズインメイ,,,11.9,,,
26,08,02,,札幌,,,3歳以上1勝クラス 3歳以上1勝クラス,,ダ,,1700,良,ステラデルークス,牡,3,横山武史,55,11,,8,,,1.2,,,,,8,9,8,9,37.7,514,鈴木伸尋,,0,23102263,,,0126140607,,,インカンテーション,,フレンチデピュティ,,,7.7,,,
26,08,02,,札幌,,,3歳以上1勝クラス 3歳以上1勝クラス,,ダ,,1700,良,マテンロウカナロア,牡,4,横山和生,58,11,,9,,,1.5,,,,,10,10,10,9,37.8,482,野中賢二,,0,22101445,,,0126140604,,,ロードカナロア,,Roi Normand,,,4.1,,,
26,08,02,,札幌,,,3歳以上1勝クラス 3歳以上1勝クラス,,ダ,,1700,良,グランセレスト,牡,3,丹内祐次,55,11,,10,,,2.7,,,,,1,1,2,2,40.3,534,竹内正洋,,0,23100953,,,0126140606,,,モーリス,,Pioneerof the Nile,,,9.3,,,
26,08,02,,札幌,,,3歳以上1勝クラス 3歳以上1勝クラス,,ダ,,1700,良,ゼルダ,牝,3,和田陽希,50,11,,除,,,,,,,,0,0,0,0,,466,鈴木孝志,,0,23103232,,,0126140609,,,モズアスコット,,マンハッタンカフェ,,,---,,,
26,08,02,,札幌,,,3歳未勝利 3歳未勝利,,芝,,2000,良,ウインベルチェーロ,牝,3,長浜鴻緒,54,12,,1,,,-0.6,,,,,4,4,3,2,36.1,466,手塚貴久,,580.0,23105879,,,0126140704,,,エピファネイア,,Fusaichi Pegasus,,,34.4,,,
26,08,02,,札幌,,,3歳未勝利 3歳未勝利,,芝,,2000,良,メイショウローゼ,牝,3,池添謙一,55,12,,2,,,0.6,,,,,10,10,7,4,36.1,408,本田優,,230.0,23101938,,,0126140709,,,ロジャーバローズ,,タニノギムレット,,,5.0,,,
26,08,02,,札幌,,,3歳未勝利 3歳未勝利,,芝,,2000,良,ヤクジョ,牡,3,和田陽希,54,12,,3,,,0.6,,,,,9,9,7,6,36.1,454,松永康利,,150.0,23102802,,,0126140712,,,リアルスティール,,"ケープブランコ
		    
		    Cape Blanco(英)",,,25.7,,,
26,08,02,,札幌,,,3歳未勝利 3歳未勝利,,芝,,2000,良,デイズインザサン,牝,3,佐々木大,55,12,,4,,,0.7,,,,,7,7,5,4,36.4,470,小野次郎,,87.0,23101812,,,0126140711,,,シルバーステート,,ダンスインザダーク,,,26.7,,,
26,08,02,,札幌,,,3歳未勝利 3歳未勝利,,芝,,2000,良,ワダツミ,牝,3,小林美駒,52,12,,5,,,0.7,,,,,2,2,2,2,37.1,438,笹田和秀,,58.0,23102669,,,0126140707,,,セイウンコウセイ,,"Sadler's Wells
		    
		    (米)",,,9.7,,,
26,08,02,,札幌,,,3歳未勝利 3歳未勝利,,芝,,2000,良,アールグレイ,牝,3,横山武史,55,12,,6,,,1.2,,,,,1,1,1,1,37.7,446,蛯名正義,,0,23105003,,,0126140701,,,スワーヴリチャード,,Giant's Causeway,,,1.8,,,
26,08,02,,札幌,,,3歳未勝利 3歳未勝利,,芝,,2000,良,フォーティンブラス,牡,3,小沢大仁,57,12,,7,,,1.3,,,,,12,12,11,8,36.4,458,池江泰寿,,0,23103776,,,0126140710,,,エピファネイア,,ディープインパクト,,,24.0,,,
26,08,02,,札幌,,,3歳未勝利 3歳未勝利,,芝,,2000,良,フクチャンブラック,牡,3,松本大輝,57,12,,8,,,1.5,,,,,7,8,10,10,36.8,480,高橋康之,,0,23103196,,,0126140702,,,キタサンブラック,,Teofilo,,,15.7,,,
26,08,02,,札幌,,,3歳未勝利 3歳未勝利,,芝,,2000,良,スリールーディカ,牝,3,丹内祐次,55,12,,9,,,1.6,,,,,5,5,5,7,37.3,450,橋田宜長,,0,23106211,,,0126140708,,,Saxon Warrior,,Due Diligence,,,7.9,,,
26,08,02,,札幌,,,3歳未勝利 3歳未勝利,,芝,,2000,良,アイアムコロンブス,牡,3,石川倭,57,12,,10,,,1.6,,,,,10,10,11,11,36.7,480,奥平雅士,,0,23103601,,,0126140703,,,スクリーンヒーロー,,シンボリクリスエス,,,17.7,,,
26,08,02,,札幌,,,3歳未勝利 3歳未勝利,,芝,,2000,良,ゴールデンボブ,牡,3,舟山瑠泉,56,12,,11,,,2.9,,,,,2,2,4,8,38.9,470,四位洋文,,0,23105044,,,0126140705,,,ゴールドシップ,,ブライアンズタイム,,,71.9,,,
26,08,02,,札幌,,,3歳未勝利 3歳未勝利,,芝,,2000,良,デルマアサマ,牡,3,河原田菜,53,12,,12,,,3.8,,,,,5,5,7,12,39.4,454,森田直行,,0,23103863,,,0126140706,,,サトノクラウン,,ロサード,,,221.7,,,
26,08,02,,札幌,,,3歳以上1勝クラス 3歳以上1勝クラス,,芝,,1200,良,サトノワーグナー,牡,3,横山武史,56,14,,1,,,-0.3,,,,,4,2,0,0,34.5,484,斎藤誠,,820.0,23100925,,,0126140802,,,ロードカナロア,,ディープインパクト,,,4.6,,,
26,08,02,,札幌,,,3歳以上1勝クラス 3歳以上1勝クラス,,芝,,1200,良,エコロハート,牝,4,鮫島克駿,56,14,,2,,,0.3,,,,,4,6,0,0,34.7,430,須貝尚介,,330.0,22105212,,,0126140801,,,ストロングリターン,,ハーツクライ,,,11.4,,,
26,08,02,,札幌,,,3歳以上1勝クラス 3歳以上1勝クラス,,芝,,1200,良,ジーティーエスピ,牡,4,丹内祐次,58,14,,3,,,0.6,,,,,4,5,0,0,35.0,464,中村直也,,210.0,22103991,,,0126140814,,,ドゥラメンテ,,Country Reel,,,4.3,,,
26,08,02,,札幌,,,3歳以上1勝クラス 3歳以上1勝クラス,,芝,,1200,良,レッドカメリア,牝,6,古川吉洋,56,14,,4,,,0.6,,,,,11,12,0,0,34.2,466,佐藤吉勝,,120.0,20100084,,,0126140812,,,レーヴミストラル,,シンボリクリスエス,,,51.0,,,
26,08,02,,札幌,,,3歳以上1勝クラス 3歳以上1勝クラス,,芝,,1200,良,ダブルチャレンジ,牝,3,吉田隼人,54,14,,5,,,0.6,,,,,13,14,0,0,34.0,448,深山雅史,,82.0,23104875,,,0126140811,,,シャンハイボビー,,キズナ,,,9.4,,,
26,08,02,,札幌,,,3歳以上1勝クラス 3歳以上1勝クラス,,芝,,1200,良,ディーズメンフィス,牝,3,横山典弘,54,14,,6,,,0.7,,,,,2,2,0,0,35.4,472,村田一誠,,0,23102812,,,0126140813,,,Sottsass,,Awtaad,,,6.7,,,
26,08,02,,札幌,,,3歳以上1勝クラス 3歳以上1勝クラス,,芝,,1200,良,ザカリナン,牡,4,斎藤新,58,14,,7,,,0.9,,,,,8,6,0,0,34.9,448,小栗実,,0,22101103,,,0126140805,,,モズアスコット,,サクラバクシンオー,,,5.0,,,
26,08,02,,札幌,,,3歳以上1勝クラス 3歳以上1勝クラス,,芝,,1200,良,シャインズオンユー,牡,5,岩田康誠,58,14,,8,,,0.9,,,,,13,8,0,0,34.3,446,藤野健太,,0,21103535,,,0126140810,,,サトノクラウン,,"ファスリエフ
		    
		    Fasliyev(米)",,,24.1,,,
26,08,02,,札幌,,,3歳以上1勝クラス 3歳以上1勝クラス,,芝,,1200,良,ブライトアゲイン,牝,5,松本大輝,56,14,,9,,,1.0,,,,,2,2,0,0,35.7,480,森秀行,,0,21110014,,,0126140803,,,Practical Joke,,Elusive Quality,,,20.3,,,
26,08,02,,札幌,,,3歳以上1勝クラス 3歳以上1勝クラス,,芝,,1200,良,ブライアーヒル,牝,4,横山琉人,56,14,,10,,,1.0,,,,,11,12,0,0,34.6,478,中尾秀正,,0,22106016,,,0126140807,,,アメリカンペイトリオット,,アドマイヤマックス,,,48.7,,,
26,08,02,,札幌,,,3歳以上1勝クラス 3歳以上1勝クラス,,芝,,1200,良,アースコーリング,牡,3,落合玄太,56,14,,11,,,1.0,,,,,8,8,0,0,35.0,494,五十嵐冬,,0,23105169,,,0126140808,,,フォーウィールドライブ,,マンハッタンカフェ,,,108.2,,,
26,08,02,,札幌,,,3歳以上1勝クラス 3歳以上1勝クラス,,芝,,1200,良,ロードクラシコ,牡,3,佐々木大,56,14,,12,,,1.2,,,,,1,1,0,0,35.9,496,斎藤誠,,0,23105797,,,0126140806,,,ダノンプレミアム,,Holy Roman Emperor,,,9.8,,,
26,08,02,,札幌,,,3歳以上1勝クラス 3歳以上1勝クラス,,芝,,1200,良,グレートスティック,牡,3,石川倭,56,14,,13,,,1.4,,,,,10,8,0,0,35.3,476,小国博行,,0,23102972,,,0126140804,,,パドトロワ,,シニスターミニスター,,,79.4,,,
26,08,02,,札幌,,,3歳以上1勝クラス 3歳以上1勝クラス,,芝,,1200,良,アートフォーム,牝,5,和田陽希,53,14,,14,,,1.5,,,,,7,8,0,0,35.6,448,畑端省吾,,0,21102433,,,0126140809,,,シュヴァルグラン,,サクラバクシンオー,,,78.3,,,
26,08,02,,札幌,,,3歳以上2勝クラス 3歳以上2勝クラス,,ダ,,1000,良,アイアムイチバン,牡,4,丹内祐次,58,12,,1,,,-0.3,,,,,3,2,0,0,35.3,522,奥平雅士,,1190.0,22103183,,,0126140908,,,パイロ,,アグネスタキオン,,,17.7,,,
26,08,02,,札幌,,,3歳以上2勝クラス 3歳以上2勝クラス,,ダ,,1000,良,パールフロント,牝,4,武豊,56,12,,2,,,0.3,,,,,9,6,0,0,34.9,536,寺島良,,480.0,22102427,,,0126140905,,,デクラレーションオブウォー,,クロフネ,,,3.3,,,
26,08,02,,札幌,,,3歳以上2勝クラス 3歳以上2勝クラス,,ダ,,1000,良,クインズシフォン,牝,4,小沢大仁,56,12,,3,,,0.5,,,,,12,9,0,0,34.3,460,和田正一,,300.0,22103857,,,0126140910,,,デクラレーションオブウォー,,トワイニング,,,37.7,,,
26,08,02,,札幌,,,3歳以上2勝クラス 3歳以上2勝クラス,,ダ,,1000,良,ビーマックス,牡,4,浜中俊,58,12,,4,,,0.6,,,,,7,6,0,0,35.5,506,藤野健太,,180.0,22100729,,,0126140912,,,サトノアラジン,,サウスヴィグラス,,,8.8,,,
26,08,02,,札幌,,,3歳以上2勝クラス 3歳以上2勝クラス,,ダ,,1000,良,デアプリームス,牝,3,横山武史,54,12,,5,,,0.7,,,,,1,1,0,0,36.1,450,田島俊明,,119.0,23107523,,,0126140902,,,Knicks Go,,マジェスティックウォリアー,,,5.6,,,
26,08,02,,札幌,,,3歳以上2勝クラス 3歳以上2勝クラス,,ダ,,1000,良,ジーベック,牡,5,古川奈穂,56,12,,6,,,0.9,,,,,11,9,0,0,35.0,460,矢作芳人,,0,21103242,,,0126140911,,,Gun Runner,,More Than Ready,,,26.2,,,
26,08,02,,札幌,,,3歳以上2勝クラス 3歳以上2勝クラス,,ダ,,1000,良,ベニシア,牝,5,原田和真,56,12,,7,,,1.5,,,,,9,8,0,0,36.1,454,粕谷昌央,,0,21100662,,,0126140904,,,ヘニーヒューズ,,ゴールドアリュール,,,197.3,,,
26,08,02,,札幌,,,3歳以上2勝クラス 3歳以上2勝クラス,,ダ,,1000,良,ヒットミー,牝,4,長浜鴻緒,55,12,,8,,,1.6,,,,,2,3,0,0,37.0,478,鹿戸雄一,,0,22104394,,,0126140901,,,シニスターミニスター,,アルデバランII,,,5.7,,,
26,08,02,,札幌,,,3歳以上2勝クラス 3歳以上2勝クラス,,ダ,,1000,良,ララアヴリル,セ,4,小林美駒,55,12,,9,,,2.1,,,,,3,4,0,0,37.4,480,坂口智康,,0,22110087,,,0126140907,,,Collected,,Medaglia d'Oro,,,9.6,,,
26,08,02,,札幌,,,3歳以上2勝クラス 3歳以上2勝クラス,,ダ,,1000,良,サベージラヴ,牝,5,河原田菜,52,12,,10,,,2.3,,,,,7,9,0,0,37.2,462,伊藤圭三,,0,21103748,,,0126140909,,,マジェスティックウォリアー,,サウスヴィグラス,,,35.5,,,
26,08,02,,札幌,,,3歳以上2勝クラス 3歳以上2勝クラス,,ダ,,1000,良,ストロングボンド,セ,3,石川倭,56,12,,11,,,2.4,,,,,3,4,0,0,37.7,440,菊川正達,,0,23105661,,,0126140906,,,リーチザクラウン,,ロードカナロア,,,80.9,,,
26,08,02,,札幌,,,3歳以上2勝クラス 3歳以上2勝クラス,,ダ,,1000,良,エコロレバン,牝,3,和田陽希,51,12,,12,,,3.1,,,,,6,12,0,0,38.1,470,大久保龍,,0,23103625,,,0126140903,,,Speightstown,,J Be K,,,4.6,,,
26,08,02,,札幌,,,ポプラステークス 3歳以上3勝クラス,,ダ,,1700,良,ヘニーガイスト,牡,4,横山武史,58,10,,1,,,-0.3,,,,,6,6,3,3,36.2,528,加藤征弘,,1893.8,22104865,,,0126141008,,,ヘニーヒューズ,,ダイワメジャー,,,1.7,,,
26,08,02,,札幌,,,ポプラステークス 3歳以上3勝クラス,,ダ,,1700,良,サムシャイン,牡,4,横山和生,58,10,,2,,,0.3,,,,,9,9,7,7,36.0,486,鈴木慎太,,756.8,22105823,,,0126141001,,,ルヴァンスレーヴ,,マンハッタンカフェ,,,4.6,,,
26,08,02,,札幌,,,ポプラステークス 3歳以上3勝クラス,,ダ,,1700,良,アイウィル,牡,5,丹内祐次,58,10,,3,,,0.5,,,,,5,4,3,5,36.7,516,高木登,,473.4,21103502,,,0126141009,,,ドレフォン,,ハーツクライ,,,33.7,,,
26,08,02,,札幌,,,ポプラステークス 3歳以上3勝クラス,,ダ,,1700,良,シーズザスローン,牡,3,武豊,55,10,,4,,,1.1,,,,,6,6,7,7,36.9,484,松永幹夫,,280.0,23104414,,,0126141005,,,キズナ,,Frankel,,,8.1,,,
26,08,02,,札幌,,,ポプラステークス 3歳以上3勝クラス,,ダ,,1700,良,チャーリー,牡,3,岩田康誠,55,10,,5,,,1.1,,,,,8,8,3,5,37.2,512,奥村武,,187.0,23105351,,,0126141006,,,クリソベリル,,War Front,,,4.7,,,
26,08,02,,札幌,,,ポプラステークス 3歳以上3勝クラス,,ダ,,1700,良,スマートケープ,牝,6,西塚洸二,56,10,,6,,,1.3,,,,,2,2,2,2,37.6,512,辻野泰之,,0,20102187,,,0126141004,,,シニスターミニスター,,ヴァーミリアン,,,82.9,,,
26,08,02,,札幌,,,ポプラステークス 3歳以上3勝クラス,,ダ,,1700,良,スマートカイロス,牡,4,古川奈穂,58,10,,7,,,1.8,,,,,1,1,1,1,38.3,510,矢作芳人,,0,22102735,,,0126141007,,,シニスターミニスター,,サウスヴィグラス,,,33.6,,,
26,08,02,,札幌,,,ポプラステークス 3歳以上3勝クラス,,ダ,,1700,良,キュールエフウジン,牡,7,横山琉人,58,10,,8,,,2.2,,,,,10,10,9,9,37.6,506,中尾秀正,,0,19102983,,,0126141002,,,ホッコータルマエ,,ウォーエンブレム,,,271.1,,,
26,08,02,,札幌,,,ポプラステークス 3歳以上3勝クラス,,ダ,,1700,良,フルールドール,牝,3,北村友一,53,10,,9,,,2.2,,,,,2,3,3,3,38.4,496,藤原英昭,,0,23103822,,,0126141010,,,エピファネイア,,キングカメハメハ,,,65.3,,,
26,08,02,,札幌,,,ポプラステークス 3歳以上3勝クラス,,ダ,,1700,良,タイセイミッション,セ,5,黛弘人,58,10,,10,,,2.7,,,,,4,4,9,10,38.1,528,伊藤圭三,,0,21101045,,,0126141003,,,キタサンブラック,,ノヴェリスト,,,40.0,,,
26,08,02,,札幌,,,クイーンステークス G3 3歳以上オープン,,芝,,1800,良,ココナッツブラウン,牝,6,北村友一,55,14,,1,,,-0.1,,,,,11,11,10,4,34.1,458,上村洋行,,3849.7,20101607,,,0126141107,,,キタサンブラック,,キングカメハメハ,,,2.9,,,
26,08,02,,札幌,,,クイーンステークス G3 3歳以上オープン,,芝,,1800,良,コガネノソラ,牝,5,丹内祐次,56,14,,2,,,0.1,,,,,9,9,8,9,34.4,468,菊沢隆徳,,1514.2,21106823,,,0126141111,,,ゴールドシップ,,ロージズインメイ,,,8.8,,,
26,08,02,,札幌,,,クイーンステークス G3 3歳以上オープン,,芝,,1800,良,ヴーレヴー,牝,4,横山典弘,55,14,,3,,,0.1,,,,,2,2,2,2,35.0,498,武幸四郎,,957.1,22104617,,,0126141114,,,サトノクラウン,,マンハッタンカフェ,,,10.7,,,
26,08,02,,札幌,,,クイーンステークス G3 3歳以上オープン,,芝,,1800,良,エリカエクスプレス,牝,4,武豊,55,14,,4,,,0.2,,,,,1,1,1,1,35.2,472,杉山晴紀,,570.0,22103205,,,0126141109,,,エピファネイア,,Galileo,,,3.5,,,
26,08,02,,札幌,,,クイーンステークス G3 3歳以上オープン,,芝,,1800,良,カテリーナ,牝,5,浜中俊,55,14,,5,,,0.5,,,,,9,9,10,9,34.6,470,田中克典,,380.0,21101485,,,0126141103,,,ホークビル,,マンハッタンカフェ,,,23.1,,,
26,08,02,,札幌,,,クイーンステークス G3 3歳以上オープン,,芝,,1800,良,ルージュソリテール,牝,4,西塚洸二,55,14,,6,,,0.6,,,,,3,4,4,3,35.3,438,藤原英昭,,0,22105157,,,0126141113,,,ロードカナロア,,ディープインパクト,,,19.1,,,
26,08,02,,札幌,,,クイーンステークス G3 3歳以上オープン,,芝,,1800,良,リラボニート,牝,5,鮫島克駿,55,14,,7,,,0.8,,,,,7,7,7,7,35.2,472,須貝尚介,,0,21103519,,,0126141104,,,スクリーンヒーロー,,アグネスデジタル,,,33.7,,,
26,08,02,,札幌,,,クイーンステークス G3 3歳以上オープン,,芝,,1800,良,ケリフレッドアスク,牝,4,横山武史,57,14,,8,,,0.9,,,,,13,12,12,9,34.7,462,藤原英昭,,0,22102296,,,0126141102,,,ドゥラメンテ,,ディープインパクト,,,13.1,,,
26,08,02,,札幌,,,クイーンステークス G3 3歳以上オープン,,芝,,1800,良,アンゴラブラック,牝,5,岩田康誠,55,14,,9,,,0.9,,,,,3,5,5,4,35.4,474,尾関知人,,0,21105738,,,0126141105,,,キズナ,,ルーラーシップ,,,15.1,,,
26,08,02,,札幌,,,クイーンステークス G3 3歳以上オープン,,芝,,1800,良,ボンドガール,牝,5,佐々木大,55,14,,10,,,1.0,,,,,11,12,12,13,34.7,464,手塚貴久,,0,21107179,,,0126141112,,,ダイワメジャー,,Tizway,,,16.4,,,
26,08,02,,札幌,,,クイーンステークス G3 3歳以上オープン,,芝,,1800,良,クリノメイ,牝,4,富田暁,56,14,,11,,,1.4,,,,,13,14,14,14,35.0,448,須貝尚介,,0,22101250,,,0126141106,,,オルフェーヴル,,プリサイスエンド,,,140.4,,,
26,08,02,,札幌,,,クイーンステークス G3 3歳以上オープン,,芝,,1800,良,フレミングフープ,牝,5,吉田隼人,55,14,,12,,,1.5,,,,,7,7,8,9,35.8,500,友道康夫,,0,21105581,,,0126141101,,,ハーツクライ,,Tale of the Cat,,,54.8,,,
26,08,02,,札幌,,,クイーンステークス G3 3歳以上オープン,,芝,,1800,良,エラトー,牝,5,舟山瑠泉,55,14,,13,,,1.7,,,,,3,3,2,4,36.5,512,上村洋行,,0,21105442,,,0126141108,,,Saxon Warrior,,Siyouni,,,106.8,,,
26,08,02,,札幌,,,クイーンステークス G3 3歳以上オープン,,芝,,1800,良,フェスティバルヒル,牝,3,西村淳也,52,14,,14,,,3.2,,,,,6,5,5,7,37.8,466,四位洋文,,0,23107265,,,0126141110,,,サートゥルナーリア,,ハーツクライ,,,15.3,,,
26,08,02,,札幌,,,苫小牧特別 3歳以上2勝クラス,,芝,,1200,良,マテンロウサン,牡,4,横山典弘,58,14,,1,,,-0.0,,,,,4,4,0,0,34.5,506,昆貢,,1612.2,22110093,,,0126141205,,,Into Mischief,,ダイワメジャー,,,5.4,,,
26,08,02,,札幌,,,苫小牧特別 3歳以上2勝クラス,,芝,,1200,良,デンプシー,牡,3,舟山瑠泉,56,14,,2,,,-0.0,,,,,10,9,0,0,33.9,464,上原佑紀,,639.2,23106190,,,0126141202,,,ビッグアーサー,,マルカシェンク,,,2.9,,,
26,08,02,,札幌,,,苫小牧特別 3歳以上2勝クラス,,芝,,1200,良,バシレウスシチー,牡,7,小沢大仁,58,14,,3,,,0.1,,,,,7,6,0,0,34.2,446,岡田稲男,,404.6,19101643,,,0126141211,,,ビッグアーサー,,ディープインパクト,,,91.7,,,
26,08,02,,札幌,,,苫小牧特別 3歳以上2勝クラス,,芝,,1200,良,サンポーニャ,牝,6,佐々木大,56,14,,4,,,0.3,,,,,1,1,0,0,35.2,456,池江泰寿,,240.0,20102050,,,0126141212,,,モーリス,,ディープインパクト,,,35.9,,,
26,08,02,,札幌,,,苫小牧特別 3歳以上2勝クラス,,芝,,1200,良,ミキノバカラ,牡,4,西塚洸二,58,14,,5,,,0.3,,,,,5,4,0,0,34.7,486,大橋勇樹,,158.0,22102594,,,0126141214,,,ジョーカプチーノ,,シニスターミニスター,,,10.3,,,
26,08,02,,札幌,,,苫小牧特別 3歳以上2勝クラス,,芝,,1200,良,ベルビースタローン,牝,4,小林美駒,56,14,,6,,,0.3,,,,,2,2,0,0,34.9,516,戸田博文,,0,22106389,,,0126141210,,,ストロングリターン,,ゼンノロブロイ,,,9.0,,,
26,08,02,,札幌,,,苫小牧特別 3歳以上2勝クラス,,芝,,1200,良,スイミーユニバンス,牝,6,鮫島克駿,56,14,,7,,,0.3,,,,,13,13,0,0,34.0,436,平田修,,0,20103632,,,0126141213,,,ドゥラメンテ,,アルデバランII,,,24.0,,,
26,08,02,,札幌,,,苫小牧特別 3歳以上2勝クラス,,芝,,1200,良,トウカイエルデ,牡,5,岩田康誠,58,14,,8,,,0.3,,,,,10,9,0,0,34.2,460,茶木太樹,,0,21100365,,,0126141201,,,オルフェーヴル,,キングカメハメハ,,,10.8,,,
26,08,02,,札幌,,,苫小牧特別 3歳以上2勝クラス,,芝,,1200,良,ピースフルナイト,牝,6,斎藤新,56,14,,9,,,0.6,,,,,10,9,0,0,34.5,414,畑端省吾,,0,20106821,,,0126141209,,,ファインニードル,,クロフネ,,,108.3,,,
26,08,02,,札幌,,,苫小牧特別 3歳以上2勝クラス,,芝,,1200,良,ベビーズブレス,牝,4,西村淳也,56,14,,10,,,0.7,,,,,5,6,0,0,35.1,430,千田輝彦,,0,22106351,,,0126141208,,,アドマイヤマーズ,,Galileo,,,15.5,,,
26,08,02,,札幌,,,苫小牧特別 3歳以上2勝クラス,,芝,,1200,良,ライツユーアップ,牝,4,丹内祐次,56,14,,11,,,0.8,,,,,7,9,0,0,34.9,450,角田晃一,,0,22103527,,,0126141207,,,スワーヴリチャード,,エアジハード,,,41.9,,,
26,08,02,,札幌,,,苫小牧特別 3歳以上2勝クラス,,芝,,1200,良,サンドロナイト,牝,5,北村友一,56,14,,12,,,0.8,,,,,13,14,0,0,34.4,474,茶木太樹,,0,21110119,,,0126141203,,,Capitalist,,Foxwedge,,,26.7,,,
26,08,02,,札幌,,,苫小牧特別 3歳以上2勝クラス,,芝,,1200,良,ニホンピロトッティ,牝,5,浜中俊,56,14,,13,,,0.8,,,,,2,2,0,0,35.5,424,緒方努,,0,21104210,,,0126141206,,,ディスクリートキャット,,サイレントディール,,,7.8,,,
26,08,02,,札幌,,,苫小牧特別 3歳以上2勝クラス,,芝,,1200,良,ホウオウヘッセン,牡,3,横山武史,56,14,,14,,,0.9,,,,,7,6,0,0,35.1,456,田島俊明,,0,23102440,,,0126141204,,,ウインブライト,,"ロージズインメイ
		    
		    Roses in May(米)",,,12.3,,,
26,08,02,,新潟,,,2歳未勝利 2歳未勝利,,芝,,1600,良,ノドゥス,牡,2,三浦皇成,55,12,,1,,,-0.2,,,,,4,5,0,0,33.5,482,斎藤誠,,590.0,24100464,,,0426240107,,,キズナ,,Roi Normand,,,4.9,,,
26,08,02,,新潟,,,2歳未勝利 2歳未勝利,,芝,,1600,良,ヴェントリナ,牝,2,津村明秀,55,12,,2,,,0.2,,,,,1,1,0,0,34.3,436,相沢郁,,240.0,24101041,,,0426240105,,,ゴールドシップ,,ノヴェリスト,,,4.4,,,
26,08,02,,新潟,,,2歳未勝利 2歳未勝利,,芝,,1600,良,サノノキセキ,牡,2,戸崎圭太,55,12,,3,,,0.2,,,,,2,2,0,0,33.9,460,尾形和幸,,150.0,24100178,,,0426240104,,,キセキ,,ジャングルポケット,,,3.0,,,
26,08,02,,新潟,,,2歳未勝利 2歳未勝利,,芝,,1600,良,デザートスピリット,牡,2,吉田豊,55,12,,4,,,0.3,,,,,8,7,0,0,33.5,426,平岩大典,,89.0,24101022,,,0426240109,,,イスラボニータ,,Oasis Dream,,,6.5,,,
26,08,02,,新潟,,,2歳未勝利 2歳未勝利,,芝,,1600,良,シュネーバレン,牝,2,木幡巧也,55,12,,5,,,0.5,,,,,4,4,0,0,34.2,426,牧光二,,59.0,24100076,,,0426240106,,,ダノンスマッシュ,,マンハッタンカフェ,,,11.5,,,
26,08,02,,新潟,,,2歳未勝利 2歳未勝利,,芝,,1600,良,エコロテラ,牡,2,菊沢一樹,55,12,,6,,,0.7,,,,,9,9,0,0,33.8,444,菊沢隆徳,,0,24104541,,,0426240103,,,ジャンダルム,,ルーラーシップ,,,15.7,,,
26,08,02,,新潟,,,2歳未勝利 2歳未勝利,,芝,,1600,良,ウィールズアップ,牡,2,田辺裕信,55,12,,7,,,0.7,,,,,6,5,0,0,34.1,462,池上昌和,,0,24105762,,,0426240110,,,ブリックスアンドモルタル,,シンボリクリスエス,,,22.7,,,
26,08,02,,新潟,,,2歳未勝利 2歳未勝利,,芝,,1600,良,エレスレイプニル,牡,2,木幡育也,55,12,,8,,,0.7,,,,,6,7,0,0,33.9,440,杉浦宏昭,,0,24106831,,,0426240102,,,ハイランドリール,,Flower Alley,,,410.4,,,
26,08,02,,新潟,,,2歳未勝利 2歳未勝利,,芝,,1600,良,タイセイルミナス,牝,2,荻野極,55,12,,9,,,0.8,,,,,2,2,0,0,34.6,484,小栗実,,0,24104363,,,0426240111,,,ロードカナロア,,ローエングリン,,,8.9,,,
26,08,02,,新潟,,,2歳未勝利 2歳未勝利,,芝,,1600,良,ホワイトフレアー,牡,2,原優介,55,12,,10,,,1.1,,,,,10,10,0,0,34.1,462,黒岩陽一,,0,24106066,,,0426240101,,,サリオス,,ロゴタイプ,,,56.0,,,
26,08,02,,新潟,,,2歳未勝利 2歳未勝利,,芝,,1600,良,センカンナガト,牡,2,石神深道,53,12,,11,,,1.3,,,,,12,12,0,0,33.9,404,和田雄二,,0,24101497,,,0426240108,,,ロジャーバローズ,,ゴールドヘイロー,,,191.2,,,
26,08,02,,新潟,,,2歳未勝利 2歳未勝利,,芝,,1600,良,キミヘノメロディー,牡,2,杉原誠人,55,12,,12,,,2.0,,,,,10,10,0,0,34.9,472,石栗龍彦,,0,24105225,,,0426240112,,,ハタノヴァンクール,,スペシャルウィーク,,,216.8,,,
26,08,02,,新潟,,,2歳新馬 2歳新馬,,ダ,,1800,良,リーチツモドライチ,牡,2,戸崎圭太,55,12,,1,,,-0.3,,,,,1,1,1,1,39.3,510,森秀行,,780.0,2024108321,,,0426240205,,,Life Is Good,,Run Away and Hide,,,5.3,,,
26,08,02,,新潟,,,2歳新馬 2歳新馬,,ダ,,1800,良,テンユメノオーロラ,牝,2,菊沢一樹,55,12,,2,,,0.3,,,,,5,5,4,4,39.2,446,平岩大典,,310.0,2024106055,,,0426240210,,,ルヴァンスレーヴ,,ロージズインメイ,,,4.2,,,
26,08,02,,新潟,,,2歳新馬 2歳新馬,,ダ,,1800,良,ラインホルト,牡,2,石川裕紀,55,12,,3,,,1.3,,,,,5,5,5,5,39.9,504,手塚貴徳,,200.0,2024106108,,,0426240206,,,ホッコータルマエ,,ヴァーミリアン,,,20.6,,,
26,08,02,,新潟,,,2歳新馬 2歳新馬,,ダ,,1800,良,ステラガーネット,牝,2,田辺裕信,55,12,,4,,,1.8,,,,,7,5,3,2,40.9,478,栗田徹,,120.0,2024106348,,,0426240202,,,アルクトス,,オルフェーヴル,,,5.8,,,
26,08,02,,新潟,,,2歳新馬 2歳新馬,,ダ,,1800,良,ゼノスフィア,牡,2,津村明秀,55,12,,5,,,2.3,,,,,11,10,9,9,39.4,468,林徹,,78.0,2024105951,,,0426240203,,,ブリックスアンドモルタル,,ヴィクトワールピサ,,,12.3,,,
26,08,02,,新潟,,,2歳新馬 2歳新馬,,ダ,,1800,良,グランシュレーム,牝,2,三浦皇成,55,12,,6,,,2.9,,,,,2,2,2,2,42.1,506,高木登,,0,2024106933,,,0426240212,,,ナダル,,Lemon Drop Kid,,,3.4,,,
26,08,02,,新潟,,,2歳新馬 2歳新馬,,ダ,,1800,良,コウユーキミガイテ,牝,2,木幡初也,55,12,,7,,,3.0,,,,,3,3,6,6,41.5,476,竹内正洋,,0,2024100913,,,0426240207,,,ウィルテイクチャージ,,シンボリクリスエス,,,7.1,,,
26,08,02,,新潟,,,2歳新馬 2歳新馬,,ダ,,1800,良,サスケソルトバーン,牡,2,柴田大知,55,12,,8,,,3.5,,,,,10,10,8,8,41.2,474,和田雄二,,0,2024102123,,,0426240211,,,アニマルキングダム,,Mizzen Mast,,,242.0,,,
26,08,02,,新潟,,,2歳新馬 2歳新馬,,ダ,,1800,良,ヴィシーチェック,牝,2,大野拓弥,55,12,,9,,,4.3,,,,,12,12,12,12,38.9,446,小手川準,,0,2024105829,,,0426240204,,,ニューイヤーズデイ,,ディープインパクト,,,17.8,,,
26,08,02,,新潟,,,2歳新馬 2歳新馬,,ダ,,1800,良,ライングラウス,牡,2,武藤雅,55,12,,10,,,4.9,,,,,9,8,9,10,42.0,480,水野貴広,,0,2024104199,,,0426240201,,,シニスターミニスター,,アグネスデジタル,,,47.8,,,
26,08,02,,新潟,,,2歳新馬 2歳新馬,,ダ,,1800,良,イチザサンダー,牡,2,木幡育也,55,12,,11,,,5.9,,,,,3,3,6,7,44.4,488,高橋文雅,,0,2024104310,,,0426240209,,,サンライズノヴァ,,タイムパラドックス,,,84.2,,,
26,08,02,,新潟,,,2歳新馬 2歳新馬,,ダ,,1800,良,ヌンエリン,牝,2,野中悠太,55,12,,12,,,12.2,,,,,7,8,11,11,48.9,430,秋本大介,,0,2024102023,,,0426240208,,,ゴールドドリーム,,ローエングリン,,,158.3,,,
26,08,02,,新潟,,,2歳新馬 2歳新馬,,芝,,1600,良,ニシノトラノスケ,牡,2,菊沢一樹,55,13,,1,,,-0.0,,,,,6,3,0,0,34.4,416,千葉直人,,780.0,2024102993,,,0426240313,,,アドマイヤマーズ,,ノヴェリスト,,,39.9,,,
26,08,02,,新潟,,,2歳新馬 2歳新馬,,芝,,1600,良,ファーストアライヴ,牡,2,荻野極,55,13,,2,,,-0.0,,,,,6,7,0,0,34.0,506,高木登,,310.0,2024106697,,,0426240305,,,シスキン,,ハーツクライ,,,2.3,,,
26,08,02,,新潟,,,2歳新馬 2歳新馬,,芝,,1600,良,ヴァルフォース,牝,2,三浦皇成,55,13,,3,,,0.3,,,,,12,11,0,0,34.4,434,加藤征弘,,200.0,2024105987,,,0426240311,,,ロードカナロア,,Successful Appeal,,,5.9,,,
26,08,02,,新潟,,,2歳新馬 2歳新馬,,芝,,1600,良,コンフィアル,牡,2,田辺裕信,55,13,,4,,,0.5,,,,,5,3,0,0,35.0,484,嘉藤貴行,,120.0,2024105763,,,0426240312,,,ダノンキングリー,,Wootton Bassett,,,6.5,,,
26,08,02,,新潟,,,2歳新馬 2歳新馬,,芝,,1600,良,クラオルグジェシダ,牝,2,丸山元気,55,13,,5,,,0.5,,,,,3,3,0,0,34.9,430,田島俊明,,78.0,2024100295,,,0426240303,,,デクラレーションオブウォー,,エイシンフラッシュ,,,50.5,,,
26,08,02,,新潟,,,2歳新馬 2歳新馬,,芝,,1600,良,マイネルリシャール,牡,2,津村明秀,55,13,,6,,,0.5,,,,,1,1,0,0,35.2,476,鹿戸雄一,,0,2024106419,,,0426240307,,,スワーヴリチャード,,Van Nistelrooy,,,8.8,,,
26,08,02,,新潟,,,2歳新馬 2歳新馬,,芝,,1600,良,スカーレットクラン,牝,2,武藤雅,55,13,,7,,,0.5,,,,,11,11,0,0,34.2,424,林徹,,0,2024106408,,,0426240309,,,ホットロッドチャーリー,,ルーラーシップ,,,24.0,,,
26,08,02,,新潟,,,2歳新馬 2歳新馬,,芝,,1600,良,ペアレンツハート,牝,2,戸崎圭太,55,13,,8,,,0.6,,,,,3,6,0,0,34.9,452,田中博康,,0,2024106925,,,0426240304,,,キタサンブラック,,Kingman,,,4.4,,,
26,08,02,,新潟,,,2歳新馬 2歳新馬,,芝,,1600,良,ベールダウン,牝,2,石神深道,53,13,,9,,,0.7,,,,,12,11,0,0,34.5,456,松尾卓哉,,0,2024105028,,,0426240301,,,フィレンツェファイア,,アドマイヤマックス,,,22.7,,,
26,08,02,,新潟,,,2歳新馬 2歳新馬,,芝,,1600,良,コイゾラ,牝,2,石川裕紀,55,13,,10,,,0.7,,,,,2,2,0,0,35.3,426,浅利英明,,0,2024103350,,,0426240308,,,インディチャンプ,,ハービンジャー,,,147.7,,,
26,08,02,,新潟,,,2歳新馬 2歳新馬,,芝,,1600,良,ビスクヴィート,牡,2,今村聖奈,53,13,,11,,,1.1,,,,,6,7,0,0,35.0,436,中舘英二,,0,2024101728,,,0426240306,,,マインドユアビスケッツ,,ダイワメジャー,,,71.0,,,
26,08,02,,新潟,,,2歳新馬 2歳新馬,,芝,,1600,良,レーゲンシャウアー,牝,2,柴田大知,55,13,,12,,,1.4,,,,,10,7,0,0,35.5,472,天間昭一,,0,2024104453,,,0426240302,,,ディーマジェスティ,,キングカメハメハ,,,365.6,,,
26,08,02,,新潟,,,2歳新馬 2歳新馬,,芝,,1600,良,アンドレイア,牡,2,木幡巧也,55,13,,13,,,1.4,,,,,6,7,0,0,35.6,442,牧光二,,0,2024102705,,,0426240310,,,ステルヴィオ,,アッミラーレ,,,206.1,,,
26,08,02,,新潟,,,3歳未勝利 3歳未勝利,,ダ,,1800,良,サトノクラシカル,牡,3,津村明秀,57,15,,1,,,-0.9,,,,,2,2,2,1,38.2,508,宮田敬介,,580.0,23106974,,,0426240409,,,リアルスティール,,Fastnet Rock,,,2.6,,,
26,08,02,,新潟,,,3歳未勝利 3歳未勝利,,ダ,,1800,良,サングラント,牡,3,三浦皇成,57,15,,2,,,0.9,,,,,4,5,3,3,38.9,468,金成貴史,,230.0,23106956,,,0426240408,,,ルヴァンスレーヴ,,キングカメハメハ,,,5.1,,,
26,08,02,,新潟,,,3歳未勝利 3歳未勝利,,ダ,,1800,良,ネイティヴプライド,牡,3,荻野極,57,15,,3,,,2.0,,,,,11,11,11,11,39.1,478,高木登,,150.0,23105319,,,0426240410,,,クリソベリル,,キングカメハメハ,,,9.4,,,
26,08,02,,新潟,,,3歳未勝利 3歳未勝利,,ダ,,1800,良,ヤマタケボニータ,牡,3,野中悠太,57,15,,4,,,2.1,,,,,8,6,5,5,39.9,470,萱野浩二,,87.0,23100739,,,0426240405,,,イスラボニータ,,ロードカナロア,,,35.3,,,
26,08,02,,新潟,,,3歳未勝利 3歳未勝利,,ダ,,1800,良,カミカクシ,牝,3,大野拓弥,55,15,,5,,,2.3,,,,,1,1,1,2,40.6,462,竹内正洋,,58.0,23104045,,,0426240404,,,アジアエクスプレス,,プリサイスエンド,,,68.7,,,
26,08,02,,新潟,,,3歳未勝利 3歳未勝利,,ダ,,1800,良,グラムエッジ,牡,3,武藤雅,57,15,,6,,,2.3,,,,,6,6,3,3,40.4,562,手塚貴久,,0,23107305,,,0426240411,,,ナダル,,ダンスインザダーク,,,21.2,,,
26,08,02,,新潟,,,3歳未勝利 3歳未勝利,,ダ,,1800,良,ウォーレーションズ,牡,3,菊沢一樹,57,15,,7,,,2.4,,,,,14,14,11,11,39.4,516,鈴木慎太,,0,23106368,,,0426240413,,,デクラレーションオブウォー,,スクリーンヒーロー,,,4.4,,,
26,08,02,,新潟,,,3歳未勝利 3歳未勝利,,ダ,,1800,良,グランフィエスタ,牡,3,原優介,57,15,,8,,,2.6,,,,,11,11,14,14,38.9,496,稲垣幸雄,,0,23105577,,,0426240402,,,サートゥルナーリア,,ハービンジャー,,,203.6,,,
26,08,02,,新潟,,,3歳未勝利 3歳未勝利,,ダ,,1800,良,チャリティチャリス,牡,3,小崎綾也,57,15,,9,,,2.7,,,,,15,15,15,14,38.8,464,浅利英明,,0,23103473,,,0426240401,,,ブリックスアンドモルタル,,Manduro,,,259.1,,,
26,08,02,,新潟,,,3歳未勝利 3歳未勝利,,ダ,,1800,良,ツインドライヴ,牡,3,石田拓郎,54,15,,10,,,2.9,,,,,4,3,5,6,40.7,522,新開幸一,,0,23103438,,,0426240403,,,ブリックスアンドモルタル,,Seattle Fitz,,,8.1,,,
26,08,02,,新潟,,,3歳未勝利 3歳未勝利,,ダ,,1800,良,ヤマメナイト,牡,3,菱田裕二,57,15,,11,,,2.9,,,,,9,9,8,7,40.4,464,田島俊明,,0,23104854,,,0426240407,,,レイデオロ,,ハービンジャー,,,20.5,,,
26,08,02,,新潟,,,3歳未勝利 3歳未勝利,,ダ,,1800,良,ブリリアンス,牡,3,佐藤翔馬,54,15,,12,,,2.9,,,,,13,13,13,13,39.5,452,大和田成,,0,23100637,,,0426240406,,,サトノクラウン,,ダイワメジャー,,,408.1,,,
26,08,02,,新潟,,,3歳未勝利 3歳未勝利,,ダ,,1800,良,ジュングロワール,牡,3,石川裕紀,57,15,,13,,,3.5,,,,,9,9,8,7,41.0,476,堀内岳志,,0,23107425,,,0426240412,,,リアルスティール,,マーベラスサンデー,,,17.4,,,
26,08,02,,新潟,,,3歳未勝利 3歳未勝利,,ダ,,1800,良,テルケンレンタッチ,牡,3,石橋脩,57,15,,14,,,4.1,,,,,3,3,5,7,41.9,520,勢司和浩,,0,23102159,,,0426240415,,,エスケンデレヤ,,ドゥラメンテ,,,159.8,,,
26,08,02,,新潟,,,3歳未勝利 3歳未勝利,,ダ,,1800,良,アルティシエル,牡,3,木幡巧也,57,15,,15,,,4.3,,,,,7,6,8,7,41.9,500,辻哲英,,0,23101970,,,0426240414,,,ヴァンゴッホ,,フジキセキ,,,126.3,,,
26,08,02,,新潟,,,3歳未勝利 3歳未勝利,,芝,,1800,良,セーヌデローヴ,牡,3,石川裕紀,57,18,,1,,,-0.1,,,,,10,9,0,0,33.0,442,黒岩陽一,,580.0,23102504,,,0426240503,,,ダノンキングリー,,ヴィクトワールピサ,,,9.5,,,
26,08,02,,新潟,,,3歳未勝利 3歳未勝利,,芝,,1800,良,ジーナグレイス,牝,3,国分恭介,55,18,,2,,,0.1,,,,,1,1,0,0,34.0,418,田中勝春,,230.0,23107385,,,0426240504,,,キセキ,,ステイゴールド,,,304.1,,,
26,08,02,,新潟,,,3歳未勝利 3歳未勝利,,芝,,1800,良,レッドレガリア,牡,3,戸崎圭太,57,18,,3,,,0.1,,,,,7,9,0,0,33.3,540,木村哲也,,150.0,23107340,,,0426240507,,,エピファネイア,,Unbridled's Song,,,2.4,,,
26,08,02,,新潟,,,3歳未勝利 3歳未勝利,,芝,,1800,良,ナイトバード,牡,3,荻野極,57,18,,4,,,0.3,,,,,7,6,0,0,33.6,438,中舘英二,,87.0,23103429,,,0426240501,,,キズナ,,ジャスタウェイ,,,18.9,,,
26,08,02,,新潟,,,3歳未勝利 3歳未勝利,,芝,,1800,良,フキョウワオン,牡,3,三浦皇成,57,18,,5,,,0.4,,,,,17,18,0,0,32.9,458,勢司和浩,,58.0,23103971,,,0426240517,,,リアルスティール,,ストロングリターン,,,11.8,,,
26,08,02,,新潟,,,3歳未勝利 3歳未勝利,,芝,,1800,良,プラネタリーアワー,牝,3,菱田裕二,55,18,,6,,,0.4,,,,,15,15,0,0,33.1,442,加藤征弘,,0,23103421,,,0426240516,,,ドレフォン,,トワイニング,,,23.6,,,
26,08,02,,新潟,,,3歳未勝利 3歳未勝利,,芝,,1800,良,キタノアヤカ,牝,3,上里直汰,52,18,,7,,,0.4,,,,,7,6,0,0,33.7,450,萱野浩二,,0,23102715,,,0426240514,,,ロゴタイプ,,ダイワメジャー,,,400.7,,,
26,08,02,,新潟,,,3歳未勝利 3歳未勝利,,芝,,1800,良,ラグアイリータ,牝,3,菊沢一樹,55,18,,8,,,0.7,,,,,10,9,0,0,33.7,424,岩戸孝樹,,0,23106463,,,0426240502,,,ウインブライト,,Crimson Tide,,,23.2,,,
26,08,02,,新潟,,,3歳未勝利 3歳未勝利,,芝,,1800,良,ニシノトップダノン,牡,3,野中悠太,57,18,,9,,,0.7,,,,,5,3,0,0,34.2,444,松山将樹,,0,23106255,,,0426240513,,,ダノンスマッシュ,,アグネスタキオン,,,113.6,,,
26,08,02,,新潟,,,3歳未勝利 3歳未勝利,,芝,,1800,良,ビップマリク,セ,3,木幡巧也,57,18,,10,,,0.7,,,,,3,3,0,0,34.2,472,高柳瑞樹,,0,23100161,,,0426240511,,,インディチャンプ,,ゼンノロブロイ,,,90.4,,,
26,08,02,,新潟,,,3歳未勝利 3歳未勝利,,芝,,1800,良,エクストラダーク,牡,3,石神深道,55,18,,11,,,0.7,,,,,5,6,0,0,34.0,430,和田雄二,,0,23101892,,,0426240506,,,シルバーステート,,キングカメハメハ,,,90.2,,,
26,08,02,,新潟,,,3歳未勝利 3歳未勝利,,芝,,1800,良,アオゾラランチ,牝,3,吉田豊,55,18,,12,,,0.9,,,,,17,15,0,0,33.6,410,戸田博文,,0,23103377,,,0426240518,,,モーリス,,ディープインパクト,,,235.4,,,
26,08,02,,新潟,,,3歳未勝利 3歳未勝利,,芝,,1800,良,レーザーキック,牝,3,原優介,55,18,,13,,,1.0,,,,,12,12,0,0,33.9,380,竹内正洋,,0,23105231,,,0426240510,,,レイデオロ,,Camelot,,,190.1,,,
26,08,02,,新潟,,,3歳未勝利 3歳未勝利,,芝,,1800,良,チルチャンプ,牝,3,津村明秀,55,18,,14,,,1.1,,,,,14,14,0,0,33.9,462,手塚貴徳,,0,23105307,,,0426240505,,,キタサンブラック,,Dandy Man,,,2.9,,,
26,08,02,,新潟,,,3歳未勝利 3歳未勝利,,芝,,1800,良,テンノルーキー,牡,3,石田拓郎,54,18,,15,,,1.1,,,,,2,2,0,0,34.8,426,中舘英二,,0,23104349,,,0426240515,,,ダイワメジャー,,Lizard Island,,,246.9,,,
26,08,02,,新潟,,,3歳未勝利 3歳未勝利,,芝,,1800,良,カルダモン,牝,3,丸山元気,55,18,,16,,,1.2,,,,,15,15,0,0,33.9,474,黒岩陽一,,0,23107051,,,0426240512,,,キズナ,,ディスクリートキャット,,,9.3,,,
26,08,02,,新潟,,,3歳未勝利 3歳未勝利,,芝,,1800,良,イバラヒメ,牝,3,今村聖奈,53,18,,17,,,1.6,,,,,3,3,0,0,35.1,446,新開幸一,,0,23101298,,,0426240509,,,サトノダイヤモンド,,ロードカナロア,,,115.9,,,
26,08,02,,新潟,,,3歳未勝利 3歳未勝利,,芝,,1800,良,ルビーサンセット,牝,3,武藤雅,55,18,,18,,,2.1,,,,,12,12,0,0,35.0,410,柄崎将寿,,0,23107338,,,0426240508,,,"マジェスティックウォリアー
		
		Majestic Warrior(米)",,キングカメハメハ,,,559.5,,,
26,08,02,,新潟,,,苗場特別 3歳以上2勝クラス,,ダ,,1800,良,ブレトワルダ,セ,4,津村明秀,58,15,,1,,,-0.3,,,,,6,7,5,6,37.6,504,新開幸一,,1612.9,22102965,,,0426240601,,,マジェスティックウォリアー,,ハーツクライ,,,5.2,,,
26,08,02,,新潟,,,苗場特別 3歳以上2勝クラス,,ダ,,1800,良,フィールオーサム,牝,4,荻野極,56,15,,2,,,0.3,,,,,2,2,2,2,38.4,448,岩戸孝樹,,639.4,22105925,,,0426240610,,,ルヴァンスレーヴ,,ブラックタイド,,,4.0,,,
26,08,02,,新潟,,,苗場特別 3歳以上2勝クラス,,ダ,,1800,良,ナイトスラッガー,牡,5,田辺裕信,58,15,,3,,,0.4,,,,,12,10,8,8,37.6,534,小手川準,,404.7,21101603,,,0426240605,,,ルーラーシップ,,フジキセキ,,,8.6,,,
26,08,02,,新潟,,,苗場特別 3歳以上2勝クラス,,ダ,,1800,良,ニシノケンタマン,牡,4,今村聖奈,58,15,,4,,,0.5,,,,,14,14,14,13,37.1,454,深山雅史,,240.0,22106427,,,0426240611,,,アポロケンタッキー,,メイショウボーラー,,,20.3,,,
26,08,02,,新潟,,,苗場特別 3歳以上2勝クラス,,ダ,,1800,良,ヘリオトロープ,牡,4,戸崎圭太,58,15,,5,,,0.8,,,,,6,4,5,4,38.4,484,古賀大生,,158.0,22105198,,,0426240606,,,ヘニーヒューズ,,ゴールドアリュール,,,4.6,,,
26,08,02,,新潟,,,苗場特別 3歳以上2勝クラス,,ダ,,1800,良,カレンワッツアップ,牡,5,丸山元気,58,15,,6,,,0.9,,,,,4,4,3,3,38.8,486,小林真也,,0,21104321,,,0426240602,,,キズナ,,Arch,,,24.9,,,
26,08,02,,新潟,,,苗場特別 3歳以上2勝クラス,,ダ,,1800,良,マッドゲイル,牡,3,石橋脩,55,15,,7,,,1.3,,,,,8,7,8,8,38.6,448,上原佑紀,,0,23103701,,,0426240604,,,ルヴァンスレーヴ,,ダイワメジャー,,,6.7,,,
26,08,02,,新潟,,,苗場特別 3歳以上2勝クラス,,ダ,,1800,良,フクチャントウメイ,セ,5,菱田裕二,58,15,,8,,,1.3,,,,,15,15,15,14,37.6,534,加藤征弘,,0,21105086,,,0426240609,,,ストロングリターン,,ハービンジャー,,,188.7,,,
26,08,02,,新潟,,,苗場特別 3歳以上2勝クラス,,ダ,,1800,良,ルーラーリッチ,セ,6,野中悠太,58,15,,9,,,1.5,,,,,11,10,10,10,38.6,498,小島茂之,,0,20102793,,,0426240607,,,ルーラーシップ,,チチカステナンゴ,,,138.3,,,
26,08,02,,新潟,,,苗場特別 3歳以上2勝クラス,,ダ,,1800,良,シーニックビュー,牡,5,原優介,58,15,,10,,,1.8,,,,,4,4,5,7,39.3,526,金成貴史,,0,21105229,,,0426240603,,,キズナ,,クロフネ,,,56.1,,,
26,08,02,,新潟,,,苗場特別 3歳以上2勝クラス,,ダ,,1800,良,エリカヴェネチア,牝,5,菊沢一樹,56,15,,11,,,1.9,,,,,12,13,12,12,38.8,510,吉岡辰弥,,0,21110106,,,0426240613,,,Curlin,,Giant's Causeway,,,119.0,,,
26,08,02,,新潟,,,苗場特別 3歳以上2勝クラス,,ダ,,1800,良,ユイノマチブセ,牡,6,木幡初也,58,15,,12,,,2.0,,,,,3,3,3,4,39.8,452,竹内正洋,,0,20105147,,,0426240612,,,シニスターミニスター,,ブラックタイド,,,8.0,,,
26,08,02,,新潟,,,苗場特別 3歳以上2勝クラス,,ダ,,1800,良,セザンワールド,セ,6,小林脩斗,58,15,,13,,,2.1,,,,,10,10,10,10,39.1,496,蛯名利弘,,0,20106051,,,0426240608,,,トゥザワールド,,ジャングルポケット,,,51.7,,,
26,08,02,,新潟,,,苗場特別 3歳以上2勝クラス,,ダ,,1800,良,ロードソルスティス,牡,4,三浦皇成,58,15,,14,,,2.5,,,,,1,1,1,1,40.7,520,斎藤誠,,0,22100650,,,0426240615,,,サートゥルナーリア,,ダイワメジャー,,,17.2,,,
26,08,02,,新潟,,,苗場特別 3歳以上2勝クラス,,ダ,,1800,良,スプレーフォール,牡,5,石田拓郎,58,15,,15,,,5.0,,,,,8,7,13,15,41.8,466,相沢郁,,0,21107266,,,0426240614,,,カリフォルニアクローム,,ハービンジャー,,,403.4,,,
26,08,02,,新潟,,,アイビスサマーD G3 3歳以上オープン,,芝,,1000,良,ピューロマジック,牝,5,田辺裕信,56,17,,1,,,-0.5,,,,,1,0,0,0,31.7,460,安田翔伍,,4160.2,21107058,,,0426240706,,,アジアエクスプレス,,ディープインパクト,,,2.7,,,
26,08,02,,新潟,,,アイビスサマーD G3 3歳以上オープン,,芝,,1000,良,ロードトレイル,牡,5,大野拓弥,57,17,,2,,,0.5,,,,,3,0,0,0,32.0,478,藤岡健一,,1617.2,21100157,,,0426240711,,,ロードカナロア,,ディープインパクト,,,89.5,,,
26,08,02,,新潟,,,アイビスサマーD G3 3歳以上オープン,,芝,,1000,良,カウスリップ,牝,4,津村明秀,55,17,,3,,,0.6,,,,,2,0,0,0,32.2,556,中舘英二,,1008.6,22100627,,,0426240704,,,ロードカナロア,,Sea The Stars,,,45.0,,,
26,08,02,,新潟,,,アイビスサマーD G3 3歳以上オープン,,芝,,1000,良,ビッグシーザー,牡,6,荻野極,57,17,,4,,,0.7,,,,,6,0,0,0,32.0,520,杉山晴紀,,620.0,20100896,,,0426240717,,,ビッグアーサー,,Tale of Ekati,,,6.8,,,
26,08,02,,新潟,,,アイビスサマーD G3 3歳以上オープン,,芝,,1000,良,アメリカンステージ,牡,4,戸崎圭太,57,17,,5,,,0.8,,,,,3,0,0,0,32.3,514,矢作芳人,,410.0,22110105,,,0426240716,,,Into Mischief,,Warrior's Reward,,,3.8,,,
26,08,02,,新潟,,,アイビスサマーD G3 3歳以上オープン,,芝,,1000,良,エコロレジーナ,牝,6,菊沢一樹,55,17,,6,,,0.9,,,,,8,0,0,0,32.1,504,菊沢隆徳,,0,20101262,,,0426240710,,,アメリカンペイトリオット,,オルフェーヴル,,,6.1,,,
26,08,02,,新潟,,,アイビスサマーD G3 3歳以上オープン,,芝,,1000,良,ウイングレイテスト,牡,9,松岡正海,58,17,,7,,,1.0,,,,,6,0,0,0,32.3,504,畠山吉宏,,0,17101423,,,0426240701,,,スクリーンヒーロー,,サクラユタカオー,,,24.1,,,
26,08,02,,新潟,,,アイビスサマーD G3 3歳以上オープン,,芝,,1000,良,ベルギューン,牝,4,菱田裕二,55,17,,8,,,1.0,,,,,10,0,0,0,32.0,500,牧浦充徳,,0,22100098,,,0426240705,,,ナダル,,ヴァーミリアン,,,53.1,,,
26,08,02,,新潟,,,アイビスサマーD G3 3歳以上オープン,,芝,,1000,良,テイエムスパーダ,牝,7,国分恭介,56,17,,9,,,1.0,,,,,5,0,0,0,32.4,500,小椋研介,,0,19103422,,,0426240713,,,レッドスパーダ,,アドマイヤコジーン,,,15.7,,,
26,08,02,,新潟,,,アイビスサマーD G3 3歳以上オープン,,芝,,1000,良,ブーケファロス,牡,6,石橋脩,57,17,,10,,,1.1,,,,,10,0,0,0,32.1,456,清水英克,,0,20101419,,,0426240714,,,ビッグアーサー,,ダンディコマンド,,,245.9,,,
26,08,02,,新潟,,,アイビスサマーD G3 3歳以上オープン,,芝,,1000,良,デュガ,セ,7,江田照男,57,17,,11,,,1.2,,,,,9,0,0,0,32.3,480,森秀行,,0,19110102,,,0426240702,,,Practical Joke,,Canadian Frontier,,,131.4,,,
26,08,02,,新潟,,,アイビスサマーD G3 3歳以上オープン,,芝,,1000,良,バグラダス,牡,6,杉原誠人,57,17,,12,,,1.2,,,,,13,0,0,0,32.0,488,嘉藤貴行,,0,20106015,,,0426240707,,,マジェスティックウォリアー,,ディープインパクト,,,48.7,,,
26,08,02,,新潟,,,アイビスサマーD G3 3歳以上オープン,,芝,,1000,良,クムシラコ,牡,8,原優介,57,17,,13,,,1.2,,,,,10,0,0,0,32.2,470,千葉直人,,0,18103205,,,0426240712,,,ディスクリートキャット,,ネオユニヴァース,,,24.3,,,
26,08,02,,新潟,,,アイビスサマーD G3 3歳以上オープン,,芝,,1000,良,カウンターセブン,牡,4,三浦皇成,57,17,,14,,,1.4,,,,,14,0,0,0,32.1,510,村田一誠,,0,22104197,,,0426240709,,,ロジャーバローズ,,War Front,,,29.5,,,
26,08,02,,新潟,,,アイビスサマーD G3 3歳以上オープン,,芝,,1000,良,ミカッテヨンデイイ,牝,6,小林脩斗,55,17,,15,,,1.4,,,,,14,0,0,0,32.1,434,室井潔,,0,20103049,,,0426240703,,,イスラボニータ,,ステイゴールド,,,217.3,,,
26,08,02,,新潟,,,アイビスサマーD G3 3歳以上オープン,,芝,,1000,良,アタリダイキチ,牡,4,武藤雅,57,17,,16,,,1.5,,,,,17,0,0,0,31.8,490,西田雄一,,0,22107138,,,0426240715,,,アルアイン,,パイロ,,,72.9,,,
26,08,02,,新潟,,,アイビスサマーD G3 3歳以上オープン,,芝,,1000,良,シュラフ,牝,4,嶋田純次,55,17,,17,,,1.8,,,,,16,0,0,0,32.2,440,佐藤吉勝,,0,22103324,,,0426240708,,,フォーウィールドライブ,,マヤノトップガン,,,25.4,,,
26,08,02,,新潟,,,五頭連峰特別 3歳以上1勝クラス,,芝,,1800,良,ファストフォワード,牝,3,小崎綾也,53,14,,1,,,-0.1,,,,,3,3,0,0,33.3,510,小林真也,,1175.7,23106362,,,0426240804,,,ハービンジャー,,Get Stormy,,,28.5,,,
26,08,02,,新潟,,,五頭連峰特別 3歳以上1勝クラス,,芝,,1800,良,キアラメンテ,牝,4,三浦皇成,56,14,,2,,,0.1,,,,,1,1,0,0,33.7,450,鹿戸雄一,,470.2,22105864,,,0426240801,,,ドゥラメンテ,,スニッツェル,,,13.3,,,
26,08,02,,新潟,,,五頭連峰特別 3歳以上1勝クラス,,芝,,1800,良,リポサンテ,牝,4,田辺裕信,56,14,,3,,,0.1,,,,,13,13,0,0,32.7,448,蛯名正義,,295.1,22105338,,,0426240808,,,ブリックスアンドモルタル,,オルフェーヴル,,,4.1,,,
26,08,02,,新潟,,,五頭連峰特別 3歳以上1勝クラス,,芝,,1800,良,ガーヴィ,牝,3,大野拓弥,53,14,,4,,,0.2,,,,,7,7,0,0,33.3,456,村田一誠,,170.0,23107330,,,0426240802,,,ブリックスアンドモルタル,,ハーツクライ,,,2.8,,,
26,08,02,,新潟,,,五頭連峰特別 3歳以上1勝クラス,,芝,,1800,良,シアブリス,牝,5,石川裕紀,56,14,,5,,,0.3,,,,,2,2,0,0,33.8,460,手塚貴徳,,114.0,21105742,,,0426240803,,,エピファネイア,,キングカメハメハ,,,35.6,,,
26,08,02,,新潟,,,五頭連峰特別 3歳以上1勝クラス,,芝,,1800,良,ゴバド,牝,3,原優介,53,14,,6,,,0.3,,,,,9,7,0,0,33.3,430,加藤征弘,,0,23105239,,,0426240807,,,トーセンラー,,ノヴェリスト,,,5.8,,,
26,08,02,,新潟,,,五頭連峰特別 3歳以上1勝クラス,,芝,,1800,良,トランスマーレ,牝,3,津村明秀,53,14,,7,,,0.4,,,,,5,5,0,0,33.6,444,高柳瑞樹,,0,23103584,,,0426240805,,,エピファネイア,,Bellamy Road,,,9.1,,,
26,08,02,,新潟,,,五頭連峰特別 3歳以上1勝クラス,,芝,,1800,良,キューティリップ,牝,4,武藤雅,56,14,,8,,,0.5,,,,,10,10,0,0,33.3,450,戸田博文,,0,22105131,,,0426240809,,,リアルスティール,,Mamool,,,53.8,,,
26,08,02,,新潟,,,五頭連峰特別 3歳以上1勝クラス,,芝,,1800,良,ノーザンタイタン,牝,3,荻野極,53,14,,9,,,0.6,,,,,11,11,0,0,33.3,464,中舘英二,,0,23105275,,,0426240812,,,モーリス,,ディープインパクト,,,9.1,,,
26,08,02,,新潟,,,五頭連峰特別 3歳以上1勝クラス,,芝,,1800,良,ルンベーラ,牝,3,木幡巧也,53,14,,10,,,0.6,,,,,7,7,0,0,33.6,458,菊川正達,,0,23102403,,,0426240811,,,ミッキーグローリー,,タイキシャトル,,,27.3,,,
26,08,02,,新潟,,,五頭連峰特別 3歳以上1勝クラス,,芝,,1800,良,ニシノコマチムスメ,牝,5,今村聖奈,56,14,,11,,,0.6,,,,,11,11,0,0,33.3,434,松山将樹,,0,21107253,,,0426240810,,,ルーラーシップ,,ディープインパクト,,,80.0,,,
26,08,02,,新潟,,,五頭連峰特別 3歳以上1勝クラス,,芝,,1800,良,ユメシルベ,牝,3,柴田大知,53,14,,12,,,0.8,,,,,5,5,0,0,34.0,426,粕谷昌央,,0,23106412,,,0426240806,,,ウインブライト,,フレンチデピュティ,,,118.6,,,
26,08,02,,新潟,,,五頭連峰特別 3歳以上1勝クラス,,芝,,1800,良,ミエノフェアリー,牝,4,菊沢一樹,56,14,,13,,,1.0,,,,,3,3,0,0,34.4,408,古賀慎明,,0,22102064,,,0426240813,,,キズナ,,タニノギムレット,,,18.2,,,
26,08,02,,新潟,,,五頭連峰特別 3歳以上1勝クラス,,芝,,1800,良,ノーブルクラウド,牝,3,吉田豊,53,14,,14,,,1.2,,,,,14,14,0,0,33.5,466,久保田貴,,0,23103069,,,0426240814,,,カレンブラックヒル,,クロフネ,,,202.2,,,
26,08,02,,新潟,,,3歳以上1勝クラス 3歳以上1勝クラス,,ダ,,1800,良,ブレゲアン,牡,4,大野拓弥,58,15,,1,,,-0.1,,,,,1,1,1,1,38.5,476,中舘英二,,820.0,22106951,,,0426240906,,,シルバーステート,,キングヘイロー,,,26.1,,,
26,08,02,,新潟,,,3歳以上1勝クラス 3歳以上1勝クラス,,ダ,,1800,良,エコロガノン,牡,3,荻野極,55,15,,2,,,0.1,,,,,6,6,2,2,38.5,464,矢野英一,,330.0,23100858,,,0426240913,,,マジェスティックウォリアー,,ハーツクライ,,,4.0,,,
26,08,02,,新潟,,,3歳以上1勝クラス 3歳以上1勝クラス,,ダ,,1800,良,ウリズンベー,牡,3,戸崎圭太,55,15,,3,,,0.6,,,,,3,3,5,4,38.8,476,古賀大生,,210.0,23103709,,,0426240902,,,ルヴァンスレーヴ,,キングカメハメハ,,,4.4,,,
26,08,02,,新潟,,,3歳以上1勝クラス 3歳以上1勝クラス,,ダ,,1800,良,サトノラポール,セ,4,津村明秀,58,15,,4,,,0.9,,,,,12,10,7,7,38.9,470,鹿戸雄一,,120.0,22104786,,,0426240905,,,サートゥルナーリア,,ディープインパクト,,,41.4,,,
26,08,02,,新潟,,,3歳以上1勝クラス 3歳以上1勝クラス,,ダ,,1800,良,セントゴーデンス,セ,3,木幡巧也,55,15,,5,,,0.9,,,,,2,2,2,2,39.4,518,黒岩陽一,,82.0,2023107296,,,0426240912,,,ロードカナロア,,Creative Cause,,,42.0,,,
26,08,02,,新潟,,,3歳以上1勝クラス 3歳以上1勝クラス,,ダ,,1800,良,メディチパワー,牡,3,菊沢一樹,55,15,,6,,,1.0,,,,,8,7,10,11,38.7,482,中川公成,,0,23100419,,,0426240907,,,フィレンツェファイア,,ハーツクライ,,,4.2,,,
26,08,02,,新潟,,,3歳以上1勝クラス 3歳以上1勝クラス,,ダ,,1800,良,スーパーホース,セ,4,武藤雅,58,15,,7,,,1.0,,,,,11,10,10,8,38.6,496,堀内岳志,,0,22100485,,,0426240901,,,ディーマジェスティ,,ルーラーシップ,,,291.7,,,
26,08,02,,新潟,,,3歳以上1勝クラス 3歳以上1勝クラス,,ダ,,1800,良,カシノスパーク,牡,3,石神深道,53,15,,8,,,1.1,,,,,5,3,7,8,39.1,468,天間昭一,,0,23105779,,,0426240915,,,ロジャーバローズ,,Hansen,,,33.2,,,
26,08,02,,新潟,,,3歳以上1勝クラス 3歳以上1勝クラス,,ダ,,1800,良,ウーバーストロング,牡,4,木幡育也,58,15,,9,,,1.1,,,,,3,3,5,4,39.3,456,杉浦宏昭,,0,22103629,,,0426240903,,,レッドベルジュール,,キンシャサノキセキ,,,263.7,,,
26,08,02,,新潟,,,3歳以上1勝クラス 3歳以上1勝クラス,,ダ,,1800,良,ヘルメスギャング,セ,3,今村聖奈,53,15,,10,,,1.8,,,,,6,7,15,12,38.9,456,武井亮,,0,23100729,,,0426240904,,,ブリックスアンドモルタル,,ハーツクライ,,,80.4,,,
26,08,02,,新潟,,,3歳以上1勝クラス 3歳以上1勝クラス,,ダ,,1800,良,タニセンドリーム,牡,5,上里直汰,55,15,,11,,,2.2,,,,,8,7,4,4,40.5,502,加藤士津,,0,21106057,,,0426240909,,,マジェスティックウォリアー,,ハーツクライ,,,22.0,,,
26,08,02,,新潟,,,3歳以上1勝クラス 3歳以上1勝クラス,,ダ,,1800,良,サトノシャムロック,セ,4,原優介,58,15,,12,,,2.3,,,,,12,10,12,12,39.8,502,古賀慎明,,0,22104967,,,0426240911,,,ニューイヤーズデイ,,Tiz Wonderful,,,24.0,,,
26,08,02,,新潟,,,3歳以上1勝クラス 3歳以上1勝クラス,,ダ,,1800,良,サトノフェンサー,牡,3,三浦皇成,55,15,,13,,,2.5,,,,,15,15,14,14,39.8,540,高柳瑞樹,,0,23103157,,,0426240910,,,デクラレーションオブウォー,,エンパイアメーカー,,,13.6,,,
26,08,02,,新潟,,,3歳以上1勝クラス 3歳以上1勝クラス,,ダ,,1800,良,イーグルロック,牡,3,石川裕紀,55,15,,14,,,3.8,,,,,14,14,9,8,41.6,560,相沢郁,,0,23106954,,,0426240908,,,ナダル,,ハービンジャー,,,7.4,,,
26,08,02,,新潟,,,3歳以上1勝クラス 3歳以上1勝クラス,,ダ,,1800,良,ベルウッドピース,牡,3,田辺裕信,55,15,,15,,,4.9,,,,,8,10,12,14,42.4,524,中舘英二,,0,23101642,,,0426240914,,,マジェスティックウォリアー,,ドゥラメンテ,,,8.6,,,
26,08,02,,新潟,,,3歳以上1勝クラス 3歳以上1勝クラス,,ダ,,1200,良,レディサン,牝,3,杉原誠人,54,14,,1,,,-0.1,,,,,14,14,0,0,36.5,462,栗田徹,,820.0,23104852,,,0426241004,,,パイロ,,キンシャサノキセキ,,,14.6,,,
26,08,02,,新潟,,,3歳以上1勝クラス 3歳以上1勝クラス,,ダ,,1200,良,カンレイスター,牝,3,石川裕紀,54,14,,2,,,0.1,,,,,3,3,0,0,38.1,442,矢野英一,,330.0,23105558,,,0426241011,,,シスキン,,ヴィクトワールピサ,,,23.8,,,
26,08,02,,新潟,,,3歳以上1勝クラス 3歳以上1勝クラス,,ダ,,1200,良,マオノクラッシュ,牝,4,木幡巧也,56,14,,3,,,0.4,,,,,1,1,0,0,38.6,500,黒岩陽一,,210.0,22101864,,,0426241003,,,リアルインパクト,,Temple City,,,20.2,,,
26,08,02,,新潟,,,3歳以上1勝クラス 3歳以上1勝クラス,,ダ,,1200,良,ハヌル,牝,5,江田照男,56,14,,4,,,0.4,,,,,12,12,0,0,37.0,496,岩戸孝樹,,120.0,21103343,,,0426241013,,,トゥザグローリー,,フレンチデピュティ,,,44.5,,,
26,08,02,,新潟,,,3歳以上1勝クラス 3歳以上1勝クラス,,ダ,,1200,良,トモジャオーリー,牝,3,津村明秀,54,14,,5,,,0.4,,,,,8,7,0,0,37.7,440,鈴木伸尋,,82.0,23103068,,,0426241010,,,モズアスコット,,ブラックタイド,,,3.3,,,
26,08,02,,新潟,,,3歳以上1勝クラス 3歳以上1勝クラス,,ダ,,1200,良,ローズブーケ,牝,3,石田拓郎,51,14,,6,,,0.5,,,,,2,2,0,0,38.7,486,鈴木伸尋,,0,23100453,,,0426241005,,,アジアエクスプレス,,ゴールドヘイロー,,,17.2,,,
26,08,02,,新潟,,,3歳以上1勝クラス 3歳以上1勝クラス,,ダ,,1200,良,ビアフォーナウ,牝,5,丸田恭介,56,14,,7,,,0.5,,,,,12,11,0,0,37.1,470,池上昌和,,0,21104481,,,0426241008,,,バトルプラン,,ダノンシャンティ,,,147.5,,,
26,08,02,,新潟,,,3歳以上1勝クラス 3歳以上1勝クラス,,ダ,,1200,良,ベルヴィヴァン,牝,4,小崎綾也,56,14,,8,,,0.7,,,,,3,3,0,0,38.6,500,戸田博文,,0,22105119,,,0426241002,,,アドマイヤマーズ,,Harlan's Holiday,,,20.6,,,
26,08,02,,新潟,,,3歳以上1勝クラス 3歳以上1勝クラス,,ダ,,1200,良,フュルスティン,牝,3,菊沢一樹,54,14,,9,,,0.7,,,,,10,9,0,0,37.8,482,加藤士津,,0,23100583,,,0426241007,,,ダノンキングリー,,クロフネ,,,11.4,,,
26,08,02,,新潟,,,3歳以上1勝クラス 3歳以上1勝クラス,,ダ,,1200,良,セイウンアインス,牝,3,武藤雅,54,14,,10,,,1.0,,,,,6,6,0,0,38.6,430,武藤善則,,0,23106256,,,0426241012,,,フォーウィールドライブ,,ベーカバド,,,71.5,,,
26,08,02,,新潟,,,3歳以上1勝クラス 3歳以上1勝クラス,,ダ,,1200,良,チームユートピア,牝,3,原優介,54,14,,11,,,1.2,,,,,3,3,0,0,39.1,480,中舘英二,,0,23105429,,,0426241001,,,Vino Rosso,,ユートピア,,,2.6,,,
26,08,02,,新潟,,,3歳以上1勝クラス 3歳以上1勝クラス,,ダ,,1200,良,レゲンデ,牝,3,荻野極,54,14,,12,,,1.7,,,,,8,7,0,0,39.0,402,斎藤誠,,0,23107255,,,0426241009,,,ルヴァンスレーヴ,,Dubawi,,,6.8,,,
26,08,02,,新潟,,,3歳以上1勝クラス 3歳以上1勝クラス,,ダ,,1200,良,アイアンソリッド,牝,4,上里直汰,53,14,,13,,,3.2,,,,,11,12,0,0,40.1,470,本間忍,,0,22100588,,,0426241006,,,スズカコーズウェイ,,シンボリクリスエス,,,53.9,,,
26,08,02,,新潟,,,3歳以上1勝クラス 3歳以上1勝クラス,,ダ,,1200,良,ゴールドシャーク,牝,4,大野拓弥,56,14,,14,,,4.3,,,,,7,9,0,0,41.7,466,水野貴広,,0,22101917,,,0426241014,,,オルフェーヴル,,クロフネ,,,127.6,,,
26,08,02,,新潟,,,3歳未勝利 3歳未勝利,,芝,,2200,良,クイーンズレイン,牝,3,石神深道,53,14,,1,,,-0.3,,,,,5,5,1,1,35.2,446,林徹,,580.0,23103686,,,0426241113,,,エピファネイア,,キングカメハメハ,,,2.8,,,
26,08,02,,新潟,,,3歳未勝利 3歳未勝利,,芝,,2200,良,ヤマメホープ,牡,3,戸崎圭太,57,14,,2,,,0.3,,,,,3,3,2,2,35.4,478,久保田貴,,230.0,23103075,,,0426241112,,,コントレイル,,ハードスパン,,,3.0,,,
26,08,02,,新潟,,,3歳未勝利 3歳未勝利,,芝,,2200,良,サヴマ,牡,3,菊沢一樹,57,14,,3,,,0.7,,,,,6,5,3,3,35.5,436,辻哲英,,150.0,23106182,,,0426241104,,,キセキ,,ステイゴールド,,,30.9,,,
26,08,02,,新潟,,,3歳未勝利 3歳未勝利,,芝,,2200,良,ソロンゴ,牝,3,木幡育也,55,14,,4,,,0.7,,,,,7,7,5,5,35.4,452,高橋文雅,,87.0,23100582,,,0426241111,,,ルーラーシップ,,ディープインパクト,,,9.1,,,
26,08,02,,新潟,,,3歳未勝利 3歳未勝利,,芝,,2200,良,フォンドルレール,牡,3,吉田豊,57,14,,5,,,0.8,,,,,9,9,7,7,35.3,426,戸田博文,,58.0,23103799,,,0426241114,,,ルヴァンスレーヴ,,Kitten's Joy,,,16.7,,,
26,08,02,,新潟,,,3歳未勝利 3歳未勝利,,芝,,2200,良,キコリータ,牝,3,石田拓郎,52,14,,6,,,0.9,,,,,12,12,10,9,35.2,426,田中勝春,,0,23103321,,,0426241101,,,レイデオロ,,ディープインパクト,,,7.8,,,
26,08,02,,新潟,,,3歳未勝利 3歳未勝利,,芝,,2200,良,マイネルオラクル,牡,3,津村明秀,57,14,,7,,,1.1,,,,,3,3,5,5,35.8,500,尾関知人,,0,23106422,,,0426241108,,,ゴールドシップ,,ルーラーシップ,,,21.1,,,
26,08,02,,新潟,,,3歳未勝利 3歳未勝利,,芝,,2200,良,ブラーヴジャン,牡,3,小崎綾也,57,14,,8,,,1.2,,,,,9,9,12,10,35.3,422,和田勇介,,0,23103238,,,0426241107,,,ダノンプレミアム,,"Singspiel
		    
		    (愛)",,,14.9,,,
26,08,02,,新潟,,,3歳未勝利 3歳未勝利,,芝,,2200,良,タイキヴィグルーズ,牡,3,丸田恭介,57,14,,9,,,1.5,,,,,7,7,7,7,36.0,458,大竹正博,,0,23102175,,,0426241106,,,ハービンジャー,,オルフェーヴル,,,188.6,,,
26,08,02,,新潟,,,3歳未勝利 3歳未勝利,,芝,,2200,良,コスモアミュレット,牡,3,上里直汰,54,14,,10,,,1.6,,,,,2,2,3,3,36.4,492,加藤士津,,0,23106489,,,0426241105,,,ゴールドシップ,,Kitten's Joy,,,19.0,,,
26,08,02,,新潟,,,3歳未勝利 3歳未勝利,,芝,,2200,良,ジーティーホクサイ,セ,3,杉原誠人,57,14,,11,,,2.3,,,,,13,13,13,13,36.1,552,大竹正博,,0,23106977,,,0426241109,,,ハービンジャー,,ディープインパクト,,,94.9,,,
26,08,02,,新潟,,,3歳未勝利 3歳未勝利,,芝,,2200,良,フロステリオン,牡,3,原優介,57,14,,12,,,2.3,,,,,14,14,13,10,36.2,450,萱野浩二,,0,23102266,,,0426241103,,,ディープブリランテ,,ダンカーク,,,307.6,,,
26,08,02,,新潟,,,3歳未勝利 3歳未勝利,,芝,,2200,良,レッドリファインド,牡,3,石川裕紀,57,14,,13,,,2.4,,,,,9,9,10,10,36.6,478,奥村武,,0,23105606,,,0426241102,,,レイデオロ,,Storm Cat,,,22.3,,,
26,08,02,,新潟,,,3歳未勝利 3歳未勝利,,芝,,2200,良,カムバックトゥミー,牝,3,嶋田純次,55,14,,中,,,,,,,,1,1,7,14,,508,佐藤吉勝,,0,23106593,,,0426241110,,,ストーミーシー,,ケイムホーム,,,154.2,,,
26,08,02,,新潟,,,3歳未勝利 3歳未勝利,,芝,,1400,良,ノーブルクロンヌ,牝,3,荻野極,55,18,,1,,,-0.1,,,,,3,3,0,0,35.0,446,高柳瑞樹,,580.0,23103657,,,0426241213,,,フィエールマン,,スウェプトオーヴァーボード,,,8.4,,,
26,08,02,,新潟,,,3歳未勝利 3歳未勝利,,芝,,1400,良,シャインアルプス,牝,3,武藤雅,55,18,,2,,,0.1,,,,,7,7,0,0,34.9,392,中川公成,,230.0,23107234,,,0426241214,,,シルバーステート,,ハービンジャー,,,2.4,,,
26,08,02,,新潟,,,3歳未勝利 3歳未勝利,,芝,,1400,良,ウインテラジーナ,牝,3,津村明秀,55,18,,3,,,0.4,,,,,10,10,0,0,34.8,468,栗田徹,,150.0,23105858,,,0426241215,,,ウインブライト,,アイルハヴアナザー,,,3.7,,,
26,08,02,,新潟,,,3歳未勝利 3歳未勝利,,芝,,1400,良,ゴッドレイ,牝,3,石田拓郎,52,18,,4,,,0.4,,,,,13,13,0,0,34.6,400,伊藤大士,,87.0,23106084,,,0426241206,,,コントレイル,,ダイワメジャー,,,6.9,,,
26,08,02,,新潟,,,3歳未勝利 3歳未勝利,,芝,,1400,良,エイシンイクサボシ,牝,3,木幡初也,55,18,,5,,,0.4,,,,,3,3,0,0,35.4,474,勢司和浩,,58.0,23105536,,,0426241204,,,エイシンヒカリ,,Unbridled's Song,,,41.9,,,
26,08,02,,新潟,,,3歳未勝利 3歳未勝利,,芝,,1400,良,ベルバード,牝,3,上里直汰,52,18,,6,,,0.5,,,,,7,7,0,0,35.2,472,武井亮,,0,23105331,,,0426241203,,,スワーヴリチャード,,シンボリクリスエス,,,42.0,,,
26,08,02,,新潟,,,3歳未勝利 3歳未勝利,,芝,,1400,良,アラムベイ,牡,3,大野拓弥,57,18,,7,,,0.5,,,,,13,13,0,0,34.7,408,池上昌和,,0,23101151,,,0426241202,,,ファインニードル,,Elusive Quality,,,39.3,,,
26,08,02,,新潟,,,3歳未勝利 3歳未勝利,,芝,,1400,良,ピコバレット,牡,3,木幡巧也,55,18,,8,,,0.7,,,,,3,5,0,0,35.6,444,牧光二,,0,23107508,,,0426241211,,,Stay Inside,,Burgundy,,,55.6,,,
26,08,02,,新潟,,,3歳未勝利 3歳未勝利,,芝,,1400,良,モントーヤ,牡,3,小崎綾也,57,18,,9,,,0.8,,,,,16,13,0,0,34.7,490,浅利英明,,0,23100043,,,0426241209,,,インディチャンプ,,ワークフォース,,,25.0,,,
26,08,02,,新潟,,,3歳未勝利 3歳未勝利,,芝,,1400,良,ヤマカンドリーミン,牡,3,原優介,57,18,,10,,,0.8,,,,,10,10,0,0,35.2,426,和田勇介,,0,23106660,,,0426241210,,,ファインニードル,,パドトロワ,,,266.7,,,
26,08,02,,新潟,,,3歳未勝利 3歳未勝利,,芝,,1400,良,ノブステップ,牡,3,丸山元気,57,18,,11,,,0.8,,,,,10,10,0,0,35.1,436,田中勝春,,0,23103955,,,0426241201,,,ダノンキングリー,,サウスヴィグラス,,,131.5,,,
26,08,02,,新潟,,,3歳未勝利 3歳未勝利,,芝,,1400,良,ニシノタチアナ,牝,3,石神深道,53,18,,12,,,1.1,,,,,1,1,0,0,36.3,368,清水英克,,0,23104714,,,0426241208,,,グレーターロンドン,,ヴィクトワールピサ,,,32.0,,,
26,08,02,,新潟,,,3歳未勝利 3歳未勝利,,芝,,1400,良,ノベンバーベイズ,牝,3,菊沢一樹,55,18,,13,,,1.3,,,,,7,7,0,0,36.0,424,岩戸孝樹,,0,23102900,,,0426241205,,,ダノンスマッシュ,,ハーツクライ,,,104.7,,,
26,08,02,,新潟,,,3歳未勝利 3歳未勝利,,芝,,1400,良,ペルシアーノ,牝,3,石川裕紀,55,18,,14,,,1.4,,,,,2,2,0,0,36.5,454,相沢郁,,0,23100653,,,0426241216,,,ダノンプレミアム,,ヴィクトワールピサ,,,12.1,,,
26,08,02,,新潟,,,3歳未勝利 3歳未勝利,,芝,,1400,良,ホウオウパーソンズ,牡,3,今村聖奈,55,18,,15,,,1.7,,,,,3,5,0,0,36.6,470,蛯名正義,,0,23105361,,,0426241218,,,キタサンブラック,,ディスクリートキャット,,,36.4,,,
26,08,02,,新潟,,,3歳未勝利 3歳未勝利,,芝,,1400,良,ブロッコロ,牝,3,小林脩斗,55,18,,16,,,1.7,,,,,13,16,0,0,35.8,436,加藤和宏,,0,23100999,,,0426241217,,,アルアイン,,ハービンジャー,,,226.1,,,
26,08,02,,新潟,,,3歳未勝利 3歳未勝利,,芝,,1400,良,セレスティアハート,牝,3,野中悠太,55,18,,17,,,2.5,,,,,17,17,0,0,34.6,444,的場均,,0,2023100186,,,0426241207,,,モズアスコット,,キングカメハメハ,,,141.9,,,
26,08,02,,新潟,,,3歳未勝利 3歳未勝利,,芝,,1400,良,スイートハイデン,牝,3,杉原誠人,55,18,,除,,,,,,,,0,0,0,0,,484,菊川正達,,0,23104025,,,0426241212,,,ロジャーバローズ,,サウスヴィグラス,,,---,,,
26,08,02,,中京,,,3歳未勝利 3歳未勝利,,芝,,2000,良,タイセイアビオン,牝,3,団野大成,55,18,,1,,,-0.2,,,,,5,4,4,4,34.8,426,浜田多実,,580.0,23105225,,,0726240108,,,ミッキーアイル,,Tejano Run,,,8.2,,,
26,08,02,,中京,,,3歳未勝利 3歳未勝利,,芝,,2000,良,ビクスバイト,牝,3,川田将雅,55,18,,2,,,0.2,,,,,5,4,4,4,35.1,462,佐藤悠太,,230.0,23106949,,,0726240104,,,サトノダイヤモンド,,Singspiel,,,3.3,,,
26,08,02,,中京,,,3歳未勝利 3歳未勝利,,芝,,2000,良,ルーチェブリラーレ,牝,3,岩田望来,55,18,,3,,,0.4,,,,,10,8,7,7,35.0,466,福永祐一,,150.0,2023107297,,,0726240117,,,コントレイル,,Danehill Dancer,,,2.4,,,
26,08,02,,中京,,,3歳未勝利 3歳未勝利,,芝,,2000,良,ゴールデンテティス,牝,3,加藤祥太,55,18,,4,,,0.4,,,,,12,11,10,10,34.7,460,庄野靖志,,87.0,23101097,,,0726240109,,,リアルスティール,,リオンディーズ,,,8.2,,,
26,08,02,,中京,,,3歳未勝利 3歳未勝利,,芝,,2000,良,ノブレスラブリエ,牝,3,田口貫太,55,18,,5,,,0.5,,,,,2,2,2,2,35.6,450,西園翔太,,58.0,23106455,,,0726240113,,,ウインブライト,,Bernstein,,,159.0,,,
26,08,02,,中京,,,3歳未勝利 3歳未勝利,,芝,,2000,良,メイショウプレマ,牝,3,太宰啓介,55,18,,6,,,0.5,,,,,7,7,7,7,35.1,476,石橋守,,0,23101585,,,0726240103,,,リオンディーズ,,ドリームジャーニー,,,17.2,,,
26,08,02,,中京,,,3歳未勝利 3歳未勝利,,芝,,2000,良,ノチェブエナ,牝,3,吉村誠之,55,18,,7,,,0.5,,,,,15,14,12,12,34.6,418,小栗実,,0,23103708,,,0726240112,,,キタサンブラック,,クロフネ,,,172.4,,,
26,08,02,,中京,,,3歳未勝利 3歳未勝利,,芝,,2000,良,オーマイラッキーン,牝,3,秋山稔樹,55,18,,8,,,0.7,,,,,8,8,7,7,35.3,492,高橋康之,,0,23102060,,,0726240115,,,マテラスカイ,,マンハッタンカフェ,,,118.4,,,
26,08,02,,中京,,,3歳未勝利 3歳未勝利,,芝,,2000,良,テンダーワーズ,牝,3,坂井瑠星,55,18,,9,,,0.8,,,,,11,11,12,12,35.0,438,中尾秀正,,0,23103359,,,0726240116,,,サートゥルナーリア,,ゼンノロブロイ,,,24.0,,,
26,08,02,,中京,,,3歳未勝利 3歳未勝利,,芝,,2000,良,レーヴドリュヌ,牝,3,松若風馬,55,18,,10,,,0.9,,,,,18,18,16,16,34.8,434,宮本博,,0,23102073,,,0726240107,,,オルフェーヴル,,キングカメハメハ,,,48.6,,,
26,08,02,,中京,,,3歳未勝利 3歳未勝利,,芝,,2000,良,オーロアルジェント,牝,3,田山旺佑,54,18,,11,,,1.2,,,,,12,13,15,12,35.3,444,高野友和,,0,23106797,,,0726240102,,,シルバーステート,,フレンチデピュティ,,,9.4,,,
26,08,02,,中京,,,3歳未勝利 3歳未勝利,,芝,,2000,良,グラディオール,牝,3,森田誠也,52,18,,12,,,1.2,,,,,12,14,18,16,35.1,430,寺島良,,0,23106877,,,0726240101,,,リオンディーズ,,ハーツクライ,,,319.7,,,
26,08,02,,中京,,,3歳未勝利 3歳未勝利,,芝,,2000,良,フィールライクユー,牝,3,角田大和,55,18,,13,,,1.3,,,,,17,17,12,12,35.4,384,森田直行,,0,23106157,,,0726240114,,,オルフェーヴル,,ジャスタウェイ,,,275.6,,,
26,08,02,,中京,,,3歳未勝利 3歳未勝利,,芝,,2000,良,ワンダーデリエール,牝,3,永島まな,53,18,,14,,,1.5,,,,,3,4,4,4,36.4,476,小崎憲,,0,23100446,,,0726240110,,,ダノンプレミアム,,Forest Wildcat,,,36.1,,,
26,08,02,,中京,,,3歳未勝利 3歳未勝利,,芝,,2000,良,ワンダースアン,牝,3,幸英明,55,18,,15,,,1.6,,,,,8,10,10,10,36.0,462,斉藤崇史,,0,23101639,,,0726240105,,,デクラレーションオブウォー,,マンハッタンカフェ,,,62.9,,,
26,08,02,,中京,,,3歳未勝利 3歳未勝利,,芝,,2000,良,リュネヴィル,牝,3,柴田裕一,53,18,,16,,,2.0,,,,,3,2,2,2,37.0,478,梅田智之,,0,23103775,,,0726240118,,,ハービンジャー,,ダイワメジャー,,,609.2,,,
26,08,02,,中京,,,3歳未勝利 3歳未勝利,,芝,,2000,良,ハギノデュア,牝,3,藤懸貴志,55,18,,17,,,2.0,,,,,16,16,16,16,35.9,424,高野友和,,0,23101882,,,0726240106,,,ブリックスアンドモルタル,,シンボリクリスエス,,,565.2,,,
26,08,02,,中京,,,3歳未勝利 3歳未勝利,,芝,,2000,良,ダンツカレン,牝,3,川端海翼,52,18,,18,,,3.5,,,,,1,1,1,1,38.7,484,四位洋文,,0,23104337,,,0726240111,,,サートゥルナーリア,,シンボリクリスエス,,,110.2,,,
26,08,02,,中京,,,2歳新馬 2歳新馬,,ダ,,1800,良,ファンビッチャン,牡,2,幸英明,55,8,,1,,,-0.2,,,,,4,5,1,1,39.8,504,長谷川浩,,780.0,2024108230,,,0726240204,,,Justify,,Exchange Rate,,,2.1,,,
26,08,02,,中京,,,2歳新馬 2歳新馬,,ダ,,1800,良,オーリエイト,牡,2,吉村誠之,55,8,,2,,,0.2,,,,,7,7,5,6,39.6,528,小栗実,,310.0,2024107041,,,0726240205,,,ナダル,,ゴールドアリュール,,,13.2,,,
26,08,02,,中京,,,2歳新馬 2歳新馬,,ダ,,1800,良,サンライズエイト,牡,2,コレット,55,8,,3,,,3.1,,,,,7,7,8,6,42.2,470,安田翔伍,,200.0,2024105728,,,0726240201,,,ロゴタイプ,,フレンチデピュティ,,,5.9,,,
26,08,02,,中京,,,2歳新馬 2歳新馬,,ダ,,1800,良,アントラヴァースト,牡,2,田山旺佑,54,8,,4,,,3.7,,,,,4,3,5,5,43.1,466,渡辺薫彦,,120.0,2024101947,,,0726240202,,,マジェスティックウォリアー,,キズナ,,,34.5,,,
26,08,02,,中京,,,2歳新馬 2歳新馬,,ダ,,1800,良,ハイウェイワン,牡,2,川田将雅,55,8,,5,,,4.1,,,,,6,6,5,4,43.5,506,高柳大輔,,78.0,2024106362,,,0726240207,,,カリフォルニアクローム,,クロフネ,,,6.1,,,
26,08,02,,中京,,,2歳新馬 2歳新馬,,ダ,,1800,良,エコログレイス,牝,2,岩田望来,55,8,,6,,,4.1,,,,,2,3,2,2,43.9,512,森秀行,,0,2024108329,,,0726240208,,,Flameaway,,Medaglia d'Oro,,,3.4,,,
26,08,02,,中京,,,2歳新馬 2歳新馬,,ダ,,1800,良,ラッキーハナコ,牝,2,団野大成,55,8,,7,,,4.5,,,,,1,1,2,2,44.3,472,浜田多実,,0,2024104655,,,0726240203,,,バンドワゴン,,ブラックタイド,,,22.4,,,
26,08,02,,中京,,,2歳新馬 2歳新馬,,ダ,,1800,良,イツマデモマツワ,牝,2,長岡禎仁,55,8,,8,,,6.8,,,,,2,2,2,6,46.5,478,深山雅史,,0,2024100480,,,0726240206,,,マテラスカイ,,ワイルドラッシュ,,,124.3,,,
26,08,02,,中京,,,2歳新馬 2歳新馬,,芝,,1600,良,スーサンコルティナ,牡,2,田口貫太,55,10,,1,,,-0.0,,,,,4,4,5,0,33.8,450,鈴木孝志,,780.0,2024102040,,,0726240308,,,シルバーステート,,Solon,,,63.5,,,
26,08,02,,中京,,,2歳新馬 2歳新馬,,芝,,1600,良,トゥーレジット,牡,2,岩田望来,55,10,,2,,,-0.0,,,,,2,2,2,0,34.1,494,池江泰寿,,310.0,2024106741,,,0726240302,,,シスキン,,キングカメハメハ,,,3.1,,,
26,08,02,,中京,,,2歳新馬 2歳新馬,,芝,,1600,良,ベルコート,牝,2,川田将雅,55,10,,3,,,0.3,,,,,9,9,9,0,33.7,468,福永祐一,,200.0,2024106187,,,0726240306,,,サートゥルナーリア,,Harlington,,,4.3,,,
26,08,02,,中京,,,2歳新馬 2歳新馬,,芝,,1600,良,アレオクール,牝,2,坂井瑠星,55,10,,4,,,0.5,,,,,1,1,1,0,34.7,454,池添学,,120.0,2024106294,,,0726240303,,,キタサンブラック,,The Wow Signal,,,2.7,,,
26,08,02,,中京,,,2歳新馬 2歳新馬,,芝,,1600,良,ミライノシャチョウ,牝,2,団野大成,55,10,,5,,,0.6,,,,,7,7,8,0,34.2,502,森秀行,,78.0,2024108324,,,0726240307,,,Liam's Map,,Bodemeister,,,15.8,,,
26,08,02,,中京,,,2歳新馬 2歳新馬,,芝,,1600,良,リボンロゼッタ,牝,2,松若風馬,55,10,,6,,,0.6,,,,,2,3,3,0,34.5,434,秋山真一,,0,2024101153,,,0726240309,,,ミッキーアイル,,ドゥラメンテ,,,17.7,,,
26,08,02,,中京,,,2歳新馬 2歳新馬,,芝,,1600,良,ムーンパッセ,牡,2,コレット,55,10,,7,,,0.6,,,,,4,4,3,0,34.6,500,杉山晴紀,,0,2024100726,,,0726240301,,,コントレイル,,キンシャサノキセキ,,,15.8,,,
26,08,02,,中京,,,2歳新馬 2歳新馬,,芝,,1600,良,サウンドファイト,牡,2,幸英明,55,10,,8,,,0.8,,,,,7,7,6,0,34.5,478,安達昭夫,,0,2024101071,,,0726240304,,,Kingman,,ワークフォース,,,24.0,,,
26,08,02,,中京,,,2歳新馬 2歳新馬,,芝,,1600,良,ジーティーマンフク,牡,2,吉村誠之,55,10,,9,,,1.0,,,,,4,6,6,0,34.7,484,四位洋文,,0,2024102891,,,0726240310,,,スワーヴリチャード,,Lope de Vega,,,11.4,,,
26,08,02,,中京,,,2歳新馬 2歳新馬,,芝,,1600,良,ヤマトクオーレ,牡,2,森田誠也,52,10,,10,,,2.7,,,,,9,10,10,0,35.4,476,安達昭夫,,0,2024104824,,,0726240305,,,ビッグアーサー,,キンシャサノキセキ,,,109.7,,,
26,08,02,,中京,,,3歳未勝利 3歳未勝利,,ダ,,1200,良,ビービーシナジー,牡,3,岩田望来,57,16,,1,,,-0.0,,,,,9,8,0,0,36.7,504,千田輝彦,,580.0,23100552,,,0726240411,,,グレーターロンドン,,ディスクリートキャット,,,6.0,,,
26,08,02,,中京,,,3歳未勝利 3歳未勝利,,ダ,,1200,良,ナムラロダン,牡,3,田山旺佑,56,16,,2,,,-0.0,,,,,2,2,0,0,37.2,476,長谷川浩,,230.0,23106223,,,0726240415,,,ミッキーアイル,,Storm Cat,,,3.8,,,
26,08,02,,中京,,,3歳未勝利 3歳未勝利,,ダ,,1200,良,チョウスター,牝,3,幸英明,55,16,,3,,,0.1,,,,,2,2,0,0,37.3,458,羽月友彦,,150.0,23104226,,,0726240410,,,エスポワールシチー,,グラスワンダー,,,64.9,,,
26,08,02,,中京,,,3歳未勝利 3歳未勝利,,ダ,,1200,良,マクアケ,牡,3,コレット,57,16,,4,,,0.3,,,,,6,5,0,0,37.2,492,杉山佳明,,87.0,23100452,,,0726240412,,,エスポワールシチー,,El Corredor,,,9.8,,,
26,08,02,,中京,,,3歳未勝利 3歳未勝利,,ダ,,1200,良,プレデンシア,牝,3,坂井瑠星,55,16,,5,,,0.5,,,,,15,14,0,0,36.4,488,中尾秀正,,58.0,23100376,,,0726240413,,,ルヴァンスレーヴ,,ダノンシャンティ,,,14.0,,,
26,08,02,,中京,,,3歳未勝利 3歳未勝利,,ダ,,1200,良,ザキノフレンズ,牡,3,団野大成,57,16,,6,,,0.5,,,,,9,8,0,0,37.2,500,東田明士,,0,23104433,,,0726240408,,,モーニン,,シンボリクリスエス,,,10.0,,,
26,08,02,,中京,,,3歳未勝利 3歳未勝利,,ダ,,1200,良,グラマラス,牝,3,松若風馬,55,16,,7,,,0.6,,,,,6,7,0,0,37.5,474,安田翔伍,,0,23107185,,,0726240406,,,ニューイヤーズデイ,,Mr. Greeley,,,37.7,,,
26,08,02,,中京,,,3歳未勝利 3歳未勝利,,ダ,,1200,良,アステルディーヴァ,牝,3,Ｍ．デム,55,16,,8,,,0.8,,,,,9,8,0,0,37.5,450,西村真幸,,0,23104883,,,0726240402,,,リオンディーズ,,ディープインパクト,,,65.8,,,
26,08,02,,中京,,,3歳未勝利 3歳未勝利,,ダ,,1200,良,リアライズガイザー,牡,3,泉谷楓真,57,16,,9,,,1.3,,,,,1,1,0,0,38.6,524,杉山晴紀,,0,23105216,,,0726240404,,,コントレイル,,City Zip,,,14.2,,,
26,08,02,,中京,,,3歳未勝利 3歳未勝利,,ダ,,1200,良,クロカミジョウ,牝,3,柴田裕一,53,16,,10,,,1.3,,,,,12,12,0,0,37.8,476,岡田稲男,,0,23101500,,,0726240409,,,ジャスタウェイ,,エスポワールシチー,,,5.1,,,
26,08,02,,中京,,,3歳未勝利 3歳未勝利,,ダ,,1200,良,モズタイシソウシ,牡,3,田口貫太,57,16,,11,,,1.5,,,,,12,12,0,0,38.0,456,平田修,,0,23105728,,,0726240405,,,モズアスコット,,Raven's Pass,,,20.7,,,
26,08,02,,中京,,,3歳未勝利 3歳未勝利,,ダ,,1200,良,ディアデムドール,牝,3,永島まな,53,16,,12,,,1.8,,,,,2,2,0,0,39.0,486,今野貞一,,0,23103285,,,0726240407,,,サートゥルナーリア,,オルフェーヴル,,,93.1,,,
26,08,02,,中京,,,3歳未勝利 3歳未勝利,,ダ,,1200,良,ラジャブルック,牡,3,亀田温心,57,16,,13,,,2.0,,,,,14,14,0,0,38.3,476,高野友和,,0,23107314,,,0726240403,,,ナダル,,ディープインパクト,,,145.7,,,
26,08,02,,中京,,,3歳未勝利 3歳未勝利,,ダ,,1200,良,メテオロイド,牡,3,吉村誠之,57,16,,14,,,2.6,,,,,5,5,0,0,39.6,454,宮地貴稔,,0,23104173,,,0726240401,,,カレンブラックヒル,,ディープインパクト,,,6.6,,,
26,08,02,,中京,,,3歳未勝利 3歳未勝利,,ダ,,1200,良,マルカスマッシュ,牡,3,森田誠也,54,16,,15,,,2.8,,,,,16,16,0,0,38.2,462,浜田多実,,0,23100540,,,0726240414,,,ダノンスマッシュ,,ワークフォース,,,510.7,,,
26,08,02,,中京,,,3歳未勝利 3歳未勝利,,ダ,,1200,良,ジーティーリボーン,牝,3,国分優作,55,16,,16,,,3.0,,,,,6,8,0,0,39.9,440,中村直也,,0,23105353,,,0726240416,,,ナダル,,Invincible Spirit,,,94.1,,,
26,08,02,,中京,,,3歳以上1勝クラス 3歳以上1勝クラス,,ダ,,1800,良,アンティスマ,牝,3,太宰啓介,53,9,,1,,,-0.4,,,,,5,5,4,4,36.8,488,石橋守,,820.0,23100989,,,0726240503,,,ベンバトル,,ハーツクライ,,,2.1,,,
26,08,02,,中京,,,3歳以上1勝クラス 3歳以上1勝クラス,,ダ,,1800,良,ブラックドレス,牝,5,永島まな,54,9,,2,,,0.4,,,,,2,2,2,2,37.4,450,谷潔,,330.0,21101391,,,0726240509,,,ブラックタイド,,ロージズインメイ,,,50.8,,,
26,08,02,,中京,,,3歳以上1勝クラス 3歳以上1勝クラス,,ダ,,1800,良,デールエルバハリ,牝,3,Ｍ．デム,53,9,,3,,,0.6,,,,,9,9,8,6,37.0,504,杉山佳明,,210.0,23106955,,,0726240502,,,クリソベリル,,War Front,,,5.1,,,
26,08,02,,中京,,,3歳以上1勝クラス 3歳以上1勝クラス,,ダ,,1800,良,アーデルリーベ,牝,4,亀田温心,56,9,,4,,,0.6,,,,,8,7,8,6,37.0,456,斉藤崇史,,120.0,22104633,,,0726240505,,,ヘニーヒューズ,,アグネスタキオン,,,14.1,,,
26,08,02,,中京,,,3歳以上1勝クラス 3歳以上1勝クラス,,ダ,,1800,良,シエーナカラー,牝,3,酒井学,53,9,,5,,,0.9,,,,,5,5,6,6,37.6,490,北出成人,,82.0,23103169,,,0726240501,,,デクラレーションオブウォー,,ディープインパクト,,,9.5,,,
26,08,02,,中京,,,3歳以上1勝クラス 3歳以上1勝クラス,,ダ,,1800,良,クイーンズホリデー,牝,3,吉村誠之,53,9,,6,,,1.0,,,,,3,3,3,2,37.9,504,清水久詞,,0,23100941,,,0726240507,,,オルフェーヴル,,キングカメハメハ,,,8.8,,,
26,08,02,,中京,,,3歳以上1勝クラス 3歳以上1勝クラス,,ダ,,1800,良,シャフメラン,牝,3,田山旺佑,52,9,,7,,,1.0,,,,,7,7,7,6,37.5,438,新谷功一,,0,23103568,,,0726240506,,,ドレフォン,,フジキセキ,,,5.6,,,
26,08,02,,中京,,,3歳以上1勝クラス 3歳以上1勝クラス,,ダ,,1800,良,シャンパンスター,牝,3,川端海翼,50,9,,8,,,1.1,,,,,3,3,4,4,37.9,418,緒方努,,0,23100112,,,0726240504,,,ダノンレジェンド,,キングカメハメハ,,,10.8,,,
26,08,02,,中京,,,3歳以上1勝クラス 3歳以上1勝クラス,,ダ,,1800,良,シャンドラテ,牝,3,森田誠也,50,9,,9,,,2.2,,,,,1,1,1,1,39.3,432,高橋康之,,0,23101082,,,0726240508,,,シャンハイボビー,,ステイゴールド,,,62.4,,,
26,08,02,,中京,,,中京スポニチ賞 3歳以上2勝クラス,,芝,,1400,良,トミーバローズ,牡,3,坂井瑠星,55,9,,1,,,-0.1,,,,,6,6,0,0,33.3,480,清水久詞,,1599.6,23103101,,,0726240606,,,ヘンリーバローズ,,チチカステナンゴ,,,1.4,,,
26,08,02,,中京,,,中京スポニチ賞 3歳以上2勝クラス,,芝,,1400,良,アイニードユー,牝,3,川田将雅,53,9,,2,,,0.1,,,,,2,2,0,0,33.9,464,吉村圭司,,635.6,23101159,,,0726240604,,,ファインニードル,,ハードスパン,,,3.4,,,
26,08,02,,中京,,,中京スポニチ賞 3歳以上2勝クラス,,芝,,1400,良,ロンドボス,牝,4,幸英明,56,9,,3,,,0.1,,,,,3,3,0,0,33.6,466,藤原英昭,,402.8,22104988,,,0726240605,,,モーリス,,ディープインパクト,,,13.9,,,
26,08,02,,中京,,,中京スポニチ賞 3歳以上2勝クラス,,芝,,1400,良,タガノアンファン,牡,4,岩田望来,58,9,,4,,,0.3,,,,,6,6,0,0,33.7,476,石坂公一,,240.0,22106555,,,0726240608,,,レッドベルジュール,,ロードカナロア,,,28.9,,,
26,08,02,,中京,,,中京スポニチ賞 3歳以上2勝クラス,,芝,,1400,良,キャッスルレイク,牝,4,田口貫太,56,9,,5,,,0.4,,,,,1,1,0,0,34.3,486,松下武士,,158.0,22100642,,,0726240609,,,サートゥルナーリア,,ディープインパクト,,,30.9,,,
26,08,02,,中京,,,中京スポニチ賞 3歳以上2勝クラス,,芝,,1400,良,トライアンフパス,牝,3,松若風馬,53,9,,6,,,0.5,,,,,9,9,0,0,33.5,500,宮徹,,0,23106431,,,0726240603,,,ベンバトル,,マツリダゴッホ,,,10.4,,,
26,08,02,,中京,,,中京スポニチ賞 3歳以上2勝クラス,,芝,,1400,良,カウンティフェア,牝,4,長岡禎仁,56,9,,7,,,0.7,,,,,3,3,0,0,34.2,464,高野友和,,0,22104121,,,0726240607,,,サートゥルナーリア,,クロフネ,,,116.7,,,
26,08,02,,中京,,,中京スポニチ賞 3歳以上2勝クラス,,芝,,1400,良,スターウェーブ,セ,4,吉村誠之,58,9,,8,,,0.7,,,,,3,3,0,0,34.3,494,武井亮,,0,22104771,,,0726240601,,,Kingman,,Dubawi,,,33.3,,,
26,08,02,,中京,,,中京スポニチ賞 3歳以上2勝クラス,,芝,,1400,良,エイヨーアメジスト,牝,4,酒井学,56,9,,9,,,1.1,,,,,6,6,0,0,34.5,452,高橋康之,,0,22109145,,,0726240602,,,アレスバローズ,,タートルボウル,,,65.1,,,
26,08,02,,中京,,,名鉄杯 3歳以上オープン,,ダ,,1800,良,クールミラボー,牡,6,坂井瑠星,58,9,,1,,,-0.6,,,,,1,1,1,1,37.5,502,寺島良,,2421.0,20103387,,,0726240709,,,ドレフォン,,キングカメハメハ,,,4.5,,,
26,08,02,,中京,,,名鉄杯 3歳以上オープン,,ダ,,1800,良,ゼットリアン,牡,6,松若風馬,58,9,,2,,,0.6,,,,,5,5,4,6,37.0,444,吉田直弘,,966.0,20104760,,,0726240708,,,モーリス,,ネオユニヴァース,,,8.3,,,
26,08,02,,中京,,,名鉄杯 3歳以上オープン,,ダ,,1800,良,サイモンザナドゥ,牡,6,幸英明,58,9,,3,,,0.8,,,,,3,3,3,3,37.5,478,小林真也,,603.0,20104497,,,0726240707,,,アジアエクスプレス,,アグネスデジタル,,,10.2,,,
26,08,02,,中京,,,名鉄杯 3歳以上オープン,,ダ,,1800,良,ハビレ,牡,5,コレット,57,9,,4,,,0.9,,,,,7,7,4,5,37.3,508,武井亮,,360.0,21100561,,,0726240704,,,ヘニーヒューズ,,ブラックタイド,,,11.8,,,
26,08,02,,中京,,,名鉄杯 3歳以上オープン,,ダ,,1800,良,ブレイクフォース,牡,7,岩田望来,59,9,,5,,,1.2,,,,,9,9,8,7,37.0,496,中舘英二,,240.0,19105604,,,0726240701,,,アジアエクスプレス,,サンデーサイレンス,,,7.6,,,
26,08,02,,中京,,,名鉄杯 3歳以上オープン,,ダ,,1800,良,タイトニット,牡,6,川田将雅,59,9,,6,,,1.6,,,,,7,8,8,9,37.4,540,今野貞一,,0,20102750,,,0726240703,,,キズナ,,シンボリクリスエス,,,4.1,,,
26,08,02,,中京,,,名鉄杯 3歳以上オープン,,ダ,,1800,良,ポッドロゴ,牡,5,長岡禎仁,58,9,,7,,,1.7,,,,,3,4,4,3,38.2,480,西園翔太,,0,21104873,,,0726240706,,,ロゴタイプ,,キングカメハメハ,,,14.3,,,
26,08,02,,中京,,,名鉄杯 3歳以上オープン,,ダ,,1800,良,マリオロード,牡,7,Ｍ．デム,58,9,,8,,,3.4,,,,,5,5,7,7,39.6,494,安達昭夫,,0,19101198,,,0726240702,,,キタサンブラック,,オペラハウス,,,27.9,,,
26,08,02,,中京,,,名鉄杯 3歳以上オープン,,ダ,,1800,良,ソーニーイシュー,牡,5,団野大成,57,9,,9,,,9.4,,,,,2,2,2,2,46.6,534,千田輝彦,,0,21101705,,,0726240705,,,シニスターミニスター,,ストリートセンス,,,3.9,,,
26,08,02,,中京,,,浜松特別 3歳以上2勝クラス,,ダ,,1200,良,サンマルノヴェル,牡,4,田口貫太,58,11,,1,,,-0.1,,,,,6,6,0,0,36.7,510,大橋勇樹,,1603.1,22102716,,,0726240805,,,ノヴェリスト,,ゴールドアリュール,,,2.7,,,
26,08,02,,中京,,,浜松特別 3歳以上2勝クラス,,ダ,,1200,良,シルフズミスチーフ,牝,4,コレット,56,11,,2,,,0.1,,,,,8,8,0,0,36.6,474,池江泰寿,,636.6,22110001,,,0726240807,,,Into Mischief,,マジェスティックウォリアー,,,8.0,,,
26,08,02,,中京,,,浜松特別 3歳以上2勝クラス,,ダ,,1200,良,ルクスレイモンド,牡,3,坂井瑠星,56,11,,3,,,0.4,,,,,2,2,0,0,37.7,492,上原佑紀,,403.3,23100670,,,0726240803,,,ヘニーヒューズ,,ストラヴィンスキー,,,3.4,,,
26,08,02,,中京,,,浜松特別 3歳以上2勝クラス,,ダ,,1200,良,ジャンシ,牡,3,松若風馬,56,11,,4,,,0.9,,,,,4,4,0,0,38.0,472,森秀行,,240.0,23110088,,,0726240811,,,More Than Ready,,Forestry,,,16.7,,,
26,08,02,,中京,,,浜松特別 3歳以上2勝クラス,,ダ,,1200,良,ウィップスティッチ,牝,5,団野大成,56,11,,5,,,1.2,,,,,1,1,0,0,38.6,506,庄野靖志,,158.0,21105253,,,0726240802,,,スワーヴリチャード,,Broken Vow,,,14.9,,,
26,08,02,,中京,,,浜松特別 3歳以上2勝クラス,,ダ,,1200,良,ザウリ,牡,7,幸英明,58,11,,6,,,1.3,,,,,9,8,0,0,37.5,532,森田直行,,0,19101399,,,0726240806,,,ビッグアーサー,,バチアー,,,24.6,,,
26,08,02,,中京,,,浜松特別 3歳以上2勝クラス,,ダ,,1200,良,フレイミングパイ,牝,5,柴田裕一,56,11,,7,,,1.5,,,,,9,11,0,0,37.7,454,中竹和也,,0,21106936,,,0726240809,,,リアルインパクト,,パイロ,,,111.0,,,
26,08,02,,中京,,,浜松特別 3歳以上2勝クラス,,ダ,,1200,良,セルヴァンス,セ,4,長岡禎仁,58,11,,8,,,1.5,,,,,4,4,0,0,38.6,434,小椋研介,,0,22100654,,,0726240801,,,モーリス,,ディープインパクト,,,5.4,,,
26,08,02,,中京,,,浜松特別 3歳以上2勝クラス,,ダ,,1200,良,パルプフィクション,牝,5,酒井学,56,11,,9,,,1.6,,,,,3,2,0,0,38.8,438,飯田祐史,,0,21102562,,,0726240808,,,ミッキーアイル,,ステイゴールド,,,68.3,,,
26,08,02,,中京,,,浜松特別 3歳以上2勝クラス,,ダ,,1200,良,カツラノキサノキ,牡,5,吉村誠之,58,11,,10,,,1.7,,,,,6,7,0,0,38.4,502,庄野靖志,,0,21101461,,,0726240810,,,リオンディーズ,,ゼンノロブロイ,,,155.7,,,
26,08,02,,中京,,,浜松特別 3歳以上2勝クラス,,ダ,,1200,良,ワイノナオミ,牝,5,国分優作,56,11,,11,,,2.3,,,,,9,10,0,0,38.5,468,畑端省吾,,0,21105973,,,0726240804,,,ドレフォン,,ゴールドアリュール,,,10.6,,,
26,08,02,,中京,,,障害3歳以上未勝利 障害3歳以上未勝利,,障,,3000,良,ボールドハーテッド,牡,4,五十嵐雄,60,10,,1,,,-0.1,,,,,1,1,1,1,13.1,460,平岩大典,,840.0,22103551,,,0726240904,,,マジェスティックウォリアー,,スペシャルウィーク,,,2.8,,,
26,08,02,,中京,,,障害3歳以上未勝利 障害3歳以上未勝利,,障,,3000,良,ゴールデンステップ,牝,5,高田潤,58,10,,2,,,0.1,,,,,3,4,3,2,13.1,492,和田勇介,,340.0,21103555,,,0726240908,,,ブリックスアンドモルタル,,トーセンダンス,,,2.8,,,
26,08,02,,中京,,,障害3歳以上未勝利 障害3歳以上未勝利,,障,,3000,良,セイフウサツキ,牡,4,難波剛健,60,10,,3,,,1.4,,,,,5,6,4,3,13.2,478,松永幹夫,,210.0,22101461,,,0726240906,,,サトノクラウン,,ダンスインザダーク,,,8.6,,,
26,08,02,,中京,,,障害3歳以上未勝利 障害3歳以上未勝利,,障,,3000,良,テーオーレガシー,牡,6,小牧加矢,60,10,,4,,,3.0,,,,,3,3,5,5,13.3,516,宮徹,,130.0,20100604,,,0726240907,,,ダンカーク,,キングカメハメハ,,,5.4,,,
26,08,02,,中京,,,障害3歳以上未勝利 障害3歳以上未勝利,,障,,3000,良,メイショウヘール,牡,5,中村将之,60,10,,5,,,3.1,,,,,5,5,6,6,13.3,478,大橋勇樹,,84.0,21104622,,,0726240902,,,シュヴァルグラン,,タニノギムレット,,,21.9,,,
26,08,02,,中京,,,障害3歳以上未勝利 障害3歳以上未勝利,,障,,3000,良,トモジャシャトー,牡,5,大江原圭,60,10,,6,,,5.2,,,,,7,7,7,7,13.5,486,小笠倫弘,,0,21101041,,,0726240901,,,デクラレーションオブウォー,,ダイワメジャー,,,33.2,,,
26,08,02,,中京,,,障害3歳以上未勝利 障害3歳以上未勝利,,障,,3000,良,メラーキ,牡,9,坂口智康,57,10,,7,,,6.2,,,,,2,2,2,3,13.5,496,稲垣幸雄,,0,17105634,,,0726240909,,,ハーツクライ,,キャプテンスティーヴ,,,54.0,,,
26,08,02,,中京,,,障害3歳以上未勝利 障害3歳以上未勝利,,障,,3000,良,ガイ,セ,4,草野太郎,60,10,,8,,,6.9,,,,,8,8,8,8,13.6,468,本間忍,,0,22101140,,,0726240903,,,ラニ,,クロフネ,,,114.6,,,
26,08,02,,中京,,,障害3歳以上未勝利 障害3歳以上未勝利,,障,,3000,良,オンクラウドナイン,牡,4,水沼元輝,57,10,,9,,,18.8,,,,,9,9,9,9,14.4,520,和田正一,,0,22106754,,,0726240905,,,ラニ,,Raven's Pass,,,60.7,,,
26,08,02,,中京,,,障害3歳以上未勝利 障害3歳以上未勝利,,障,,3000,良,サスツルギ,セ,6,上野翔,60,10,,中,,,,,,,,0,0,0,0,,482,千葉直人,,0,20103439,,,0726240910,,,ハーツクライ,,Dalakhani,,,8.0,,,
26,08,02,,中京,,,3歳以上1勝クラス 3歳以上1勝クラス,,ダ,,1900,良,スターシップ,牡,3,松若風馬,55,14,,1,,,-0.2,,,,,12,12,6,6,38.4,526,高柳大輔,,820.0,23100704,,,0726241004,,,ラブリーデイ,,カジノドライヴ,,,3.4,,,
26,08,02,,中京,,,3歳以上1勝クラス 3歳以上1勝クラス,,ダ,,1900,良,カイラーサ,セ,3,鮫島良太,55,14,,2,,,0.2,,,,,2,2,1,1,39.3,500,河嶋宏樹,,330.0,23104476,,,0726241007,,,トランセンド,,Pioneerof the Nile,,,207.7,,,
26,08,02,,中京,,,3歳以上1勝クラス 3歳以上1勝クラス,,ダ,,1900,良,ブームバップビート,牡,3,坂井瑠星,55,14,,3,,,0.5,,,,,6,6,2,2,39.5,546,中内田充,,210.0,23110070,,,0726241011,,,Into Mischief,,Curlin,,,7.2,,,
26,08,02,,中京,,,3歳以上1勝クラス 3歳以上1勝クラス,,ダ,,1900,良,ロックウイズユー,セ,4,コレット,58,14,,4,,,1.1,,,,,10,9,10,10,39.2,448,橋田宜長,,120.0,22103143,,,0726241014,,,ダノンレジェンド,,マイネルラヴ,,,74.8,,,
26,08,02,,中京,,,3歳以上1勝クラス 3歳以上1勝クラス,,ダ,,1900,良,ドメイン,牡,3,田口貫太,55,14,,5,,,1.1,,,,,1,1,2,2,40.2,504,松下武士,,82.0,23105445,,,0726241002,,,リオンディーズ,,ステイゴールド,,,26.4,,,
26,08,02,,中京,,,3歳以上1勝クラス 3歳以上1勝クラス,,ダ,,1900,良,スナークシャラク,牡,3,田山旺佑,54,14,,6,,,1.1,,,,,9,9,10,8,39.2,516,今野貞一,,0,23104072,,,0726241013,,,リオンディーズ,,ハーツクライ,,,12.1,,,
26,08,02,,中京,,,3歳以上1勝クラス 3歳以上1勝クラス,,ダ,,1900,良,エアフォースワン,牡,7,幸英明,58,14,,7,,,1.1,,,,,14,14,14,14,38.6,472,大根田裕,,0,19103506,,,0726241012,,,リヤンドファミユ,,タイキシャトル,,,24.7,,,
26,08,02,,中京,,,3歳以上1勝クラス 3歳以上1勝クラス,,ダ,,1900,良,オーレアミスト,セ,4,角田大和,58,14,,8,,,1.2,,,,,6,6,5,5,39.9,488,井上智史,,0,22104841,,,0726241005,,,ゴールドドリーム,,Bernardini,,,37.3,,,
26,08,02,,中京,,,3歳以上1勝クラス 3歳以上1勝クラス,,ダ,,1900,良,アメリカンイズム,牡,3,川田将雅,55,14,,9,,,1.2,,,,,4,4,6,8,39.6,510,池江泰寿,,0,23110081,,,0726241009,,,Authentic,,Bernardini,,,3.4,,,
26,08,02,,中京,,,3歳以上1勝クラス 3歳以上1勝クラス,,ダ,,1900,良,ジーティーパワー,牡,5,国分優作,58,14,,10,,,1.3,,,,,12,12,12,10,39.2,552,中村直也,,0,21105526,,,0726241008,,,Frankel,,ストリートセンス,,,167.8,,,
26,08,02,,中京,,,3歳以上1勝クラス 3歳以上1勝クラス,,ダ,,1900,良,エコロスパーダ,牡,4,酒井学,58,14,,11,,,1.5,,,,,3,3,2,2,40.5,452,大久保龍,,0,22105602,,,0726241010,,,リアルスティール,,Captain Rio,,,5.0,,,
26,08,02,,中京,,,3歳以上1勝クラス 3歳以上1勝クラス,,ダ,,1900,良,ロードシュヴァリエ,牡,4,中井裕二,58,14,,12,,,2.3,,,,,6,6,12,13,40.2,488,森田直行,,0,22102639,,,0726241006,,,シュヴァルグラン,,アルカセット,,,43.7,,,
26,08,02,,中京,,,3歳以上1勝クラス 3歳以上1勝クラス,,ダ,,1900,良,エクストラプッシュ,牡,3,岩田望来,55,14,,13,,,2.3,,,,,11,9,6,6,40.6,538,奥村豊,,0,23105329,,,0726241003,,,ナダル,,ディープインパクト,,,10.7,,,
26,08,02,,中京,,,3歳以上1勝クラス 3歳以上1勝クラス,,ダ,,1900,良,ロックバンド,牡,3,吉村誠之,55,14,,14,,,5.7,,,,,4,4,6,10,44.0,448,茶木太樹,,0,23107150,,,0726241001,,,バンドワゴン,,フジキセキ,,,134.1,,,
26,08,02,,中京,,,3歳以上1勝クラス 3歳以上1勝クラス,,芝,,2200,良,メイショウナルカミ,牡,3,幸英明,55,6,,1,,,-0.1,,,,,2,2,2,3,33.4,496,安達昭夫,,820.0,23106560,,,0726241106,,,ゴールドシップ,,アイルハヴアナザー,,,5.2,,,
26,08,02,,中京,,,3歳以上1勝クラス 3歳以上1勝クラス,,芝,,2200,良,メイショウアゴナス,牡,4,森田誠也,55,6,,2,,,0.1,,,,,5,5,5,6,33.2,482,本田優,,330.0,22103263,,,0726241102,,,スワーヴリチャード,,フレンチデピュティ,,,20.4,,,
26,08,02,,中京,,,3歳以上1勝クラス 3歳以上1勝クラス,,芝,,2200,良,ビップヴォルフ,牡,3,Ｍ．デム,55,6,,3,,,0.1,,,,,5,5,5,5,33.4,444,小椋研介,,210.0,23105418,,,0726241105,,,シルバーステート,,Marju,,,2.2,,,
26,08,02,,中京,,,3歳以上1勝クラス 3歳以上1勝クラス,,芝,,2200,良,レッドヴァリアート,牡,4,坂井瑠星,58,6,,4,,,0.1,,,,,3,3,3,2,33.6,460,加藤公太,,120.0,22105290,,,0726241104,,,ルーラーシップ,,ディープインパクト,,,2.5,,,
26,08,02,,中京,,,3歳以上1勝クラス 3歳以上1勝クラス,,芝,,2200,良,ジュンプリメーロ,牡,3,田口貫太,55,6,,5,,,0.2,,,,,1,1,1,1,33.8,498,友道康夫,,82.0,23107059,,,0726241103,,,キタサンブラック,,ゼンノロブロイ,,,14.4,,,
26,08,02,,中京,,,3歳以上1勝クラス 3歳以上1勝クラス,,芝,,2200,良,バリオス,牡,3,岩田望来,55,6,,6,,,0.3,,,,,4,4,3,3,33.7,534,武幸四郎,,0,23105354,,,0726241101,,,キタサンブラック,,フレンチデピュティ,,,10.2,,,
26,08,02,,中京,,,3歳未勝利 3歳未勝利,,芝,,1400,良,アラビアンジョイ,牝,3,吉村誠之,55,18,,1,,,-0.0,,,,,6,6,0,0,34.2,434,高橋一哉,,580.0,23102939,,,0726241214,,,サトノアラジン,,ドゥラメンテ,,,5.9,,,
26,08,02,,中京,,,3歳未勝利 3歳未勝利,,芝,,1400,良,モンシーク,牡,3,川田将雅,57,18,,2,,,-0.0,,,,,3,3,0,0,34.4,446,橋口慎介,,230.0,23105000,,,0726241218,,,スクリーンヒーロー,,ディープインパクト,,,3.2,,,
26,08,02,,中京,,,3歳未勝利 3歳未勝利,,芝,,1400,良,ミッキーラヴィータ,牝,3,岩田望来,55,18,,3,,,-0.0,,,,,12,12,0,0,33.6,438,高橋亮,,150.0,23105346,,,0726241212,,,モーリス,,スペシャルウィーク,,,3.3,,,
26,08,02,,中京,,,3歳未勝利 3歳未勝利,,芝,,1400,良,リントゥラウル,牡,3,酒井学,57,18,,4,,,0.2,,,,,3,3,0,0,34.5,472,秋山真一,,87.0,23101735,,,0726241211,,,キズナ,,キングヘイロー,,,39.8,,,
26,08,02,,中京,,,3歳未勝利 3歳未勝利,,芝,,1400,良,モカプウイング,牝,3,コレット,55,18,,5,,,0.5,,,,,7,7,0,0,34.5,460,加藤公太,,58.0,23103334,,,0726241206,,,マインドユアビスケッツ,,シンボリクリスエス,,,37.6,,,
26,08,02,,中京,,,3歳未勝利 3歳未勝利,,芝,,1400,良,ルージュエテルナ,牝,3,田口貫太,55,18,,6,,,0.6,,,,,1,1,0,0,35.3,482,友道康夫,,0,23103330,,,0726241210,,,エピファネイア,,Tiznow,,,8.9,,,
26,08,02,,中京,,,3歳未勝利 3歳未勝利,,芝,,1400,良,チヨ,牝,3,田山旺佑,52,18,,7,,,0.7,,,,,10,10,0,0,34.5,478,鈴木孝志,,0,23107543,,,0726241202,,,Zoustar,,Lonhro,,,46.6,,,
26,08,02,,中京,,,3歳未勝利 3歳未勝利,,芝,,1400,良,ハピネスサンライズ,牝,3,松若風馬,55,18,,8,,,1.0,,,,,7,7,0,0,35.0,468,東田明士,,0,23100910,,,0726241208,,,ダノンスマッシュ,,タニノギムレット,,,12.2,,,
26,08,02,,中京,,,3歳未勝利 3歳未勝利,,芝,,1400,良,エールドリー,牝,3,藤懸貴志,55,18,,9,,,1.0,,,,,2,2,0,0,35.6,416,平田修,,0,23100375,,,0726241216,,,マインドユアビスケッツ,,ハービンジャー,,,308.9,,,
26,08,02,,中京,,,3歳未勝利 3歳未勝利,,芝,,1400,良,アルジェンテーラ,牝,3,団野大成,55,18,,10,,,1.1,,,,,10,11,0,0,34.8,442,斉藤崇史,,0,23107057,,,0726241203,,,ドレフォン,,ディープインパクト,,,7.0,,,
26,08,02,,中京,,,3歳未勝利 3歳未勝利,,芝,,1400,良,フィアレスウィル,牡,3,幸英明,57,18,,11,,,1.1,,,,,16,16,0,0,34.1,454,高橋義忠,,0,23102144,,,0726241209,,,アドマイヤマーズ,,アドマイヤムーン,,,97.2,,,
26,08,02,,中京,,,3歳未勝利 3歳未勝利,,芝,,1400,良,ケイアイブラック,牡,3,森田誠也,54,18,,12,,,1.3,,,,,14,14,0,0,34.6,472,梅田智之,,0,23105761,,,0726241217,,,ファインニードル,,ロードカナロア,,,114.6,,,
26,08,02,,中京,,,3歳未勝利 3歳未勝利,,芝,,1400,良,マルモリキャスター,牝,3,泉谷楓真,55,18,,13,,,1.6,,,,,12,12,0,0,35.1,490,大橋勇樹,,0,23104839,,,0726241213,,,ビッグアーサー,,マンハッタンカフェ,,,91.1,,,
26,08,02,,中京,,,3歳未勝利 3歳未勝利,,芝,,1400,良,ホウオウスカイハイ,牡,3,秋山稔樹,57,18,,14,,,1.6,,,,,14,14,0,0,34.8,492,宮徹,,0,23103255,,,0726241205,,,ダノンプレミアム,,グラスワンダー,,,350.3,,,
26,08,02,,中京,,,3歳未勝利 3歳未勝利,,芝,,1400,良,グランスプリント,牡,3,長岡禎仁,57,18,,15,,,1.8,,,,,3,3,0,0,36.1,430,西村真幸,,0,23104906,,,0726241207,,,ファインニードル,,トーセンホマレボシ,,,168.6,,,
26,08,02,,中京,,,3歳未勝利 3歳未勝利,,芝,,1400,良,コカボムショット,牡,3,加藤祥太,57,18,,16,,,2.1,,,,,9,9,0,0,36.0,420,庄野靖志,,0,23100984,,,0726241215,,,ファインニードル,,ブラックタイド,,,460.4,,,
26,08,02,,中京,,,3歳未勝利 3歳未勝利,,芝,,1400,良,カフラー,牡,3,坂井瑠星,57,18,,17,,,7.6,,,,,17,17,0,0,38.5,460,矢作芳人,,0,23110039,,,0726241204,,,American Pharoah,,ハードスパン,,,121.8,,,
26,08,02,,中京,,,3歳未勝利 3歳未勝利,,芝,,1400,良,ジュピターバローズ,牡,3,Ｍ．デム,57,18,,中,,,,,,,,0,0,0,0,,516,友道康夫,,0,23106961,,,0726241201,,,ドレフォン,,サクラバクシンオー,,,64.6,,,
