26,06,28,1,函館,6,10,渡島特別･2勝,43,ダ,1,1700,稍,ウインシャーガス  ,牝,4,鮫島克駿,56.0,11,10,2,2,0,0.1,2,105,"1450",0,7,7,2,2,37.5,482,杉山晴紀,栗,630,22106209,01157,01157,0226161010,ウイン,コスモヴューファーム,キズナ,ウインアキレア,コンデュイット,黒鹿,220511,,  ,    ,48.2
26,06,13,1,函館,1,10,松前特別･2勝,43,芝,0,1800,稍,ウインシャーガス  ,牝,4,鮫島克駿,56.0,16,15,3,3,0,0.6,2,106.5,"1465",0,4,4,4,5,34.5,474,杉山晴紀,栗,400,22106209,01157,01157,0226111015,ウイン,コスモヴューファーム,キズナ,ウインアキレア,コンデュイット,黒鹿,220511,,  ,    ,54.3
26,04,12,3,中山,6,08,２勝ｸﾗｽ,43,芝,0,1800,良,ウインシャーガス  ,牝,4,三浦皇成,56.0,10,01,3,3,0,0.2,2,107.6,"1476",0,4,4,4,4,34,472,杉山晴紀,栗,300,22106209,01122,01157,0626360801,ウイン,コスモヴューファーム,キズナ,ウインアキレア,コンデュイット,黒鹿,220511,,  ,    ,58.2
26,03,21,2,中山,7,09,館山特Ｈ･2勝,43,芝,0,1800,良,ウインシャーガス  ,牝,4,石川裕紀,53.0,16,05,2,2,0,0.1,4,106.7,"1467",0,4,4,4,4,34.2,474,杉山晴紀,栗,630,22106209,01150,01157,0626270905,ウイン,コスモヴューファーム,キズナ,ウインアキレア,コンデュイット,黒鹿,220511,,  ,    ,56.0
26,01,25,1,小倉,2,08,１勝ｸﾗｽ・牝,23,芝,0,1800,良,ウインシャーガス  ,牝,4,松若風馬,55.0,16,03,1,1,0,-0.2,2,106.3,"1463",0,7,5,4,3,36.2,474,杉山晴紀,栗,820,22106209,01154,01157,1026120803,ウイン,コスモヴューファーム,キズナ,ウインアキレア,コンデュイット,黒鹿,220511,,  ,    ,46.8
25,12,06,5,中京,1,08,１勝ｸﾗｽ,23,芝,0,2000,良,ウインシャーガス  ,牝,3,ジェルー,55.0,18,04,5,5,0,0.6,2,119.6,"1596",0,8,9,9,9,33.9,474,杉山晴紀,栗,80,22106209,05680,01157,0725510804,ウイン,コスモヴューファーム,キズナ,ウインアキレア,コンデュイット,黒鹿,220511,,  ,    ,58.3
25,11,09,3,福島,2,09,二本松特･1勝,23,芝,0,1800,良,ウインシャーガス  ,牝,3,小沢大仁,54.0,16,04,5,5,0,0.3,1,108,"1480",0,5,7,6,6,35.9,474,杉山晴紀,栗,111,22106209,01185,01157,0325320904,ウイン,コスモヴューファーム,キズナ,ウインアキレア,コンデュイット,黒鹿,220511,,  ,    ,50.4
25,07,13,1,函館,10,07,１勝ｸﾗｽ・牝,23,芝,0,1800,良,ウインシャーガス  ,牝,3,丹内祐次,53.0,14,08,2,2,0,0.1,3,106.7,"1467",0,4,4,4,4,34.4,470,杉山晴紀,栗,320,22106209,01091,01157,02251A0708,ウイン,コスモヴューファーム,キズナ,ウインアキレア,コンデュイット,黒鹿,220511,,  ,    ,55.1
25,06,22,1,函館,4,07,１勝ｸﾗｽ,23,芝,0,1800,重,ウインシャーガス  ,牝,3,北村友一,53.0,13,02,4,4,0,0.8,4,108.5,"1485",0,7,5,5,4,36.5,470,杉山晴紀,栗,120,22106209,01102,01157,0225140702,ウイン,コスモヴューファーム,キズナ,ウインアキレア,コンデュイット,黒鹿,220511,,  ,    ,48.6
25,06,15,1,函館,2,09,八雲特別･1勝,23,芝,0,1800,良,ウインシャーガス  ,牝,3,佐々木大,53.0,13,05,7,7,0,0.8,3,107.4,"1474",0,3,5,9,10,35.6,472,杉山晴紀,栗,0,22106209,01197,01157,0225120905,ウイン,コスモヴューファーム,キズナ,ウインアキレア,コンデュイット,黒鹿,220511,,  ,    ,50.8
25,04,12,1,福島,1,03,未勝利・牝,7,芝,0,1800,良,ウインシャーガス  ,牝,3,佐々木大,55.0,16,10,1,1,0,-0.1,1,107.9,"1479",0,3,3,3,3,35.8,468,杉山晴紀,栗,560,22106209,01197,01157,0325110310,ウイン,コスモヴューファーム,キズナ,ウインアキレア,コンデュイット,黒鹿,220511,,  ,    ,50.7
25,03,15,2,中京,1,03,未勝利・牝,7,芝,0,1600,良,ウインシャーガス  ,牝,3,松若風馬,55.0,16,09,3,3,0,0.3,3,95.6,"1356",0,0,4,3,3,34.8,472,杉山晴紀,栗,140,22106209,01154,01157,0725210309,ウイン,コスモヴューファーム,キズナ,ウインアキレア,コンデュイット,黒鹿,220511,,  ,    ,54.8
25,02,22,1,小倉,9,02,未勝利,7,芝,0,1800,良,ウインシャーガス  ,牝,3,丹内祐次,55.0,16,02,3,3,0,0.3,2,109.3,"1493",0,4,4,3,4,36,474,杉山晴紀,栗,140,22106209,01091,01157,1025190202,ウイン,コスモヴューファーム,キズナ,ウインアキレア,コンデュイット,黒鹿,220511,,  ,    ,51.8
25,02,08,1,小倉,5,02,未勝利・牝,7,芝,0,1800,稍,ウインシャーガス  ,牝,3,丹内祐次,55.0,16,10,3,3,0,0.4,3,109.9,"1499",0,8,8,9,8,36.2,474,杉山晴紀,栗,140,22106209,01091,01157,1025150210,ウイン,コスモヴューファーム,キズナ,ウインアキレア,コンデュイット,黒鹿,220511,,  ,    ,51.8
24,12,14,7,京都,5,07,未勝利・牝*,7,芝,8,1800,良,ウインシャーガス  ,牝,2,松山弘平,55.0,18,17,9,9,0,1.1,8,108.7,"1487",0,0,0,5,7,36.2,478,杉山晴紀,栗,0,22106209,01126,01157,0824750717,ウイン,コスモヴューファーム,キズナ,ウインアキレア,コンデュイット,黒鹿,220511,,  ,    ,50.1
24,11,09,6,京都,3,05,新馬,15,芝,0,1600,良,ウインシャーガス  ,牝,2,松山弘平,55.0,14,05,4,4,0,1.2,3,96.7,"1367",0,0,0,12,11,34.5,484,杉山晴紀,栗,110,22106209,01126,01157,0824630505,ウイン,コスモヴューファーム,キズナ,ウインアキレア,コンデュイット,黒鹿,220511,,  ,    ,58.2
26,06,13,1,函館,1,10,松前特別･2勝,43,芝,0,1800,稍,ヤコブセン        ,牡,4,斎藤新,58.0,16,13,12,12,0,1.5,15,107.4,"1474",0,7,7,7,8,35.2,506,斎藤誠,美,0,22103288,01178,01086,0226111013,坂口直大,宮内牧場,エピファネイア,スマッシュ,キングカメハメハ,栗毛,220403,,  ,    ,52.6
26,04,25,2,東京,1,09,石和特別･2勝,43,芝,0,1800,良,ヤコブセン        ,牡,4,岩田康誠,58.0,9,01,8,8,0,1.1,7,106.2,"1462",0,0,3,3,3,34.6,508,斎藤誠,美,0,22103288,05203,01086,0526210901,坂口直大,宮内牧場,エピファネイア,スマッシュ,キングカメハメハ,栗毛,220403,,  ,    ,53.5
26,02,07,1,小倉,5,10,ＲＫＢ賞･2勝,43,芝,0,1800,稍,ヤコブセン        ,牡,4,小林美駒,57.0,16,05,14,14,0,2.3,10,110,"1500",0,8,8,10,14,36.8,518,斎藤誠,美,0,22103288,01206,01086,1026151005,坂口直大,宮内牧場,エピファネイア,スマッシュ,キングカメハメハ,栗毛,220403,,  ,    ,49.5
26,01,25,1,小倉,2,12,１勝ｸﾗｽ,23,芝,0,2000,良,ヤコブセン        ,牡,4,斎藤新,57.0,14,08,1,1,0,0,3,120,"2000",0,2,2,2,1,34.1,514,斎藤誠,美,820,22103288,01178,01086,1026121208,坂口直大,宮内牧場,エピファネイア,スマッシュ,キングカメハメハ,栗毛,220403,,  ,    ,58.0
25,12,27,5,中山,7,07,１勝ｸﾗｽ,23,芝,8,2200,良,ヤコブセン        ,牡,3,斎藤新,56.0,18,13,9,9,0,0.4,16,135.1,"2151",0,9,9,2,3,36.2,514,斎藤誠,美,0,22103288,01178,01086,0625570713,坂口直大,宮内牧場,エピファネイア,スマッシュ,キングカメハメハ,栗毛,220403,,  ,    ,52.5
25,10,26,4,新潟,4,09,柏崎特別･1勝,23,芝,8,1600,稍,ヤコブセン        ,牡,3,斎藤新,56.0,14,14,8,8,0,1.3,9,96.1,"1361",0,0,0,14,14,34.7,512,斎藤誠,美,0,22103288,01178,01086,0425440914,坂口直大,宮内牧場,エピファネイア,スマッシュ,キングカメハメハ,栗毛,220403,,  ,    ,56.2
25,10,13,4,東京,5,07,１勝ｸﾗｽ,23,ダ,1,2100,良,ヤコブセン        ,牡,3,斎藤新,56.0,16,09,13,13,0,2,12,135.1,"2151",0,2,2,2,2,40.9,510,斎藤誠,美,0,22103288,01178,01086,0525450709,坂口直大,宮内牧場,エピファネイア,スマッシュ,キングカメハメハ,栗毛,220403,,  ,    ,42.1
25,09,28,4,中山,9,06,１勝ｸﾗｽ,23,ダ,1,1800,良,ヤコブセン        ,牡,3,横山武史,55.0,16,08,11,11,0,1.3,2,115.6,"1556",0,4,3,5,5,38.9,506,斎藤誠,美,0,22103288,01170,01086,0625490608,坂口直大,宮内牧場,エピファネイア,スマッシュ,キングカメハメハ,栗毛,220403,,  ,    ,48.6
25,09,06,2,札幌,5,09,富良野特･1勝,23,芝,0,2000,良,ヤコブセン        ,牡,3,斎藤新,55.0,15,03,8,8,0,0.9,9,122.9,"2029",0,1,1,1,1,37.2,494,斎藤誠,美,0,22103288,01178,01086,0125250903,坂口直大,宮内牧場,エピファネイア,スマッシュ,キングカメハメハ,栗毛,220403,,  ,    ,48.7
25,07,20,1,函館,12,08,１勝ｸﾗｽ,23,芝,0,2600,良,ヤコブセン        ,牡,3,鮫島克駿,55.0,9,01,4,4,0,0.7,5,159.7,"2397",0,1,1,1,1,35.7,502,斎藤誠,美,120,22103288,01157,01086,02251C0801,坂口直大,宮内牧場,エピファネイア,スマッシュ,キングカメハメハ,栗毛,220403,,  ,    ,54.2
25,07,05,1,函館,7,07,１勝ｸﾗｽ,23,芝,0,2600,稍,ヤコブセン        ,牡,3,鮫島克駿,55.0,12,05,4,4,0,0.6,3,163.7,"2437",0,3,3,2,2,38.1,502,斎藤誠,美,120,22103288,01157,01086,0225170705,坂口直大,宮内牧場,エピファネイア,スマッシュ,キングカメハメハ,栗毛,220403,,  ,    ,48.9
25,05,10,2,東京,5,06,１勝ｸﾗｽ*,23,芝,0,1800,稍,ヤコブセン        ,牡,3,鮫島克駿,57.0,9,01,3,3,0,0.7,5,107.4,"1474",0,0,2,2,2,34.6,506,斎藤誠,美,200,22103288,01157,01086,0525250601,坂口直大,宮内牧場,エピファネイア,スマッシュ,キングカメハメハ,栗毛,220403,,  ,    ,55.2
25,04,05,3,中山,3,09,山吹賞･1勝*,23,芝,8,2200,良,ヤコブセン        ,牡,3,斎藤新,57.0,7,07,6,6,0,1.1,7,133.3,"2133",0,2,2,3,3,36.2,506,斎藤誠,美,0,22103288,01178,01086,0625330907,坂口直大,宮内牧場,エピファネイア,スマッシュ,キングカメハメハ,栗毛,220403,,  ,    ,50.6
25,03,23,2,中山,8,06,１勝ｸﾗｽ*,23,芝,0,2000,良,ヤコブセン        ,牡,3,田辺裕信,57.0,12,02,3,3,0,0.6,6,120.6,"2006",0,4,4,5,4,35.9,510,斎藤誠,美,200,22103288,01075,01086,0625280602,坂口直大,宮内牧場,エピファネイア,スマッシュ,キングカメハメハ,栗毛,220403,,  ,    ,51.1
25,03,01,2,中山,1,09,水仙賞･1勝*,23,芝,8,2200,良,ヤコブセン        ,牡,3,岩田康誠,57.0,13,09,10,10,0,0.7,10,137.2,"2172",0,7,8,10,10,34.7,510,斎藤誠,美,0,22103288,05203,01086,0625210909,坂口直大,宮内牧場,エピファネイア,スマッシュ,キングカメハメハ,栗毛,220403,,  ,    ,60.8
24,11,30,5,中山,1,09,葉牡丹賞･1勝,23,芝,0,2000,良,ヤコブセン        ,牡,2,西村淳也,56.0,12,04,11,11,0,3,9,121.8,"2018",0,4,4,6,7,37.8,508,斎藤誠,美,0,22103288,01171,01086,0624510904,坂口直大,宮内牧場,エピファネイア,スマッシュ,キングカメハメハ,栗毛,220403,,  ,    ,45.2
24,09,15,4,中山,4,02,未勝利*,7,芝,0,2000,良,ヤコブセン        ,牡,2,斎藤新,55.0,14,14,1,1,0,0,5,120.2,"2002",0,3,3,3,3,35.4,490,斎藤誠,美,550,22103288,01178,01086,0624440214,坂口直大,宮内牧場,エピファネイア,スマッシュ,キングカメハメハ,栗毛,220403,,  ,    ,52.7
24,09,01,2,札幌,8,02,未勝利*,7,芝,0,2000,稍,ヤコブセン        ,牡,2,鮫島克駿,55.0,12,01,4,4,0,0.5,4,126,"2060",0,9,10,5,2,37.4,488,斎藤誠,美,83,22103288,01157,01086,0124280201,坂口直大,宮内牧場,エピファネイア,スマッシュ,キングカメハメハ,栗毛,220403,,  ,    ,51.5
24,07,27,1,札幌,3,01,未勝利*,7,芝,0,1800,良,ヤコブセン        ,牡,2,鮫島克駿,55.0,10,07,2,2,0,0.2,5,109.9,"1499",0,4,5,5,5,35.2,488,斎藤誠,美,220,22103288,01157,01086,0124130107,坂口直大,宮内牧場,エピファネイア,スマッシュ,キングカメハメハ,栗毛,220403,,  ,    ,56.1
24,07,13,1,函館,11,01,未勝利*,7,芝,0,1800,良,ヤコブセン        ,牡,2,鮫島克駿,55.0,12,08,4,4,0,0.6,4,112,"1520",0,9,9,8,6,36.3,492,斎藤誠,美,83,22103288,01157,01086,02241B0108,坂口直大,宮内牧場,エピファネイア,スマッシュ,キングカメハメハ,栗毛,220403,,  ,    ,54.3
24,06,30,1,函館,8,05,新馬,15,芝,0,1800,良,ヤコブセン        ,牡,2,鮫島克駿,55.0,11,09,8,8,0,0.9,6,111.8,"1518",0,8,8,5,6,36.5,490,斎藤誠,美,0,22103288,01157,01086,0224180509,坂口直大,宮内牧場,エピファネイア,スマッシュ,キングカメハメハ,栗毛,220403,,  ,    ,53.2
26,05,16,1,新潟,5,10,中ノ岳特･2勝,43,ダ,1,1800,良,テルアスワッド    ,セ,4,ゴンサル,58.0,9,03,4,4,0,0.1,7,114.4,"1544",0,3,3,2,2,37.6,474,須貝尚介,栗,240,22105486,05675,01105,0426151003,金子真人ホールディングス,社台ファーム,ブリックスアンドモルタル,ブルックデイル,キングカメハメハ,鹿毛,220308,,  ,    ,52.1
26,03,22,1,中京,4,07,１勝ｸﾗｽ,23,ダ,1,1800,良,テルアスワッド    ,セ,4,田山旺佑,55.0,15,13,1,1,0,-0.2,8,114.3,"1543",0,1,1,2,2,37,486,須貝尚介,栗,820,22105486,01220,01105,0726140713,金子真人ホールディングス,社台ファーム,ブリックスアンドモルタル,ブルックデイル,キングカメハメハ,鹿毛,220308,,  ,    ,54.5
25,10,13,3,京都,5,08,１勝ｸﾗｽ,23,ダ,1,1900,良,テルアスワッド    ,牡,3,大久保友,53.0,13,08,7,7,0,1.3,8,121.1,"2011",0,10,11,13,12,38.3,492,須貝尚介,栗,0,22105486,01194,01105,0825350808,金子真人ホールディングス,社台ファーム,ブリックスアンドモルタル,ブルックデイル,キングカメハメハ,鹿毛,220308,,  ,    ,49.8
25,07,26,3,中京,1,10,１勝ｸﾗｽ,23,ダ,1,1800,良,テルアスワッド    ,牡,3,酒井学,55.0,11,05,6,6,0,1.2,8,114.7,"1547",0,9,9,8,8,38.7,504,須貝尚介,栗,0,22105486,01034,01105,0725311005,金子真人ホールディングス,社台ファーム,ブリックスアンドモルタル,ブルックデイル,キングカメハメハ,鹿毛,220308,,  ,    ,48.2
25,06,29,2,小倉,2,12,１勝ｸﾗｽ,23,ダ,1,1700,良,テルアスワッド    ,牡,3,酒井学,55.0,16,16,10,10,0,1.3,9,107,"1470",0,16,16,16,16,37.8,504,須貝尚介,栗,0,22105486,01034,01105,1025221216,金子真人ホールディングス,社台ファーム,ブリックスアンドモルタル,ブルックデイル,キングカメハメハ,鹿毛,220308,,  ,    ,49.9
25,04,26,2,京都,1,07,１勝ｸﾗｽ*,23,ダ,1,1800,良,テルアスワッド    ,牡,3,坂井瑠星,57.0,12,10,12,12,0,9,7,121.7,"2017",0,4,3,11,12,45.3,498,須貝尚介,栗,0,22105486,01163,01105,0825210710,金子真人ホールディングス,社台ファーム,ブリックスアンドモルタル,ブルックデイル,キングカメハメハ,鹿毛,220308,,  ,    ,34.3
25,02,01,1,京都,1,04,未勝利,7,ダ,1,1900,良,テルアスワッド    ,牡,3,坂井瑠星,57.0,9,03,1,1,0,-0.7,3,121.4,"2014",0,2,2,2,1,37.7,504,須貝尚介,栗,560,22105486,01163,01105,0825110403,金子真人ホールディングス,社台ファーム,ブリックスアンドモルタル,ブルックデイル,キングカメハメハ,鹿毛,220308,,  ,    ,52.5
25,01,13,1,中京,5,03,未勝利,7,ダ,1,1900,良,テルアスワッド    ,牡,3,坂井瑠星,57.0,16,07,5,5,0,1.7,4,124.1,"2041",0,3,3,4,5,40.1,508,須貝尚介,栗,56,22105486,01163,01105,0725150307,金子真人ホールディングス,社台ファーム,ブリックスアンドモルタル,ブルックデイル,キングカメハメハ,鹿毛,220308,,  ,    ,46.7
24,12,28,7,京都,9,02,未勝利*,7,ダ,1,1800,良,テルアスワッド    ,牡,2,Ｍ．デム,56.0,16,16,5,5,0,2.1,3,115.9,"1559",0,13,13,11,7,39,508,須貝尚介,栗,55,22105486,05212,01105,0824790216,金子真人ホールディングス,社台ファーム,ブリックスアンドモルタル,ブルックデイル,キングカメハメハ,鹿毛,220308,,  ,    ,48.6
24,12,22,7,京都,8,04,新馬,15,ダ,1,1800,良,テルアスワッド    ,牡,2,佐々木大,56.0,13,01,2,2,0,1.9,3,116.6,"1566",0,12,12,8,6,39,504,須貝尚介,栗,290,22105486,01197,01105,0824780401,金子真人ホールディングス,社台ファーム,ブリックスアンドモルタル,ブルックデイル,キングカメハメハ,鹿毛,220308,,  ,    ,49.5
26,06,28,1,函館,6,10,渡島特別･2勝,43,ダ,1,1700,稍,ルージュマローネ  ,牝,4,佐々木大,56.0,11,07,4,4,0,0.4,8,105.3,"1453",0,3,3,2,2,37.8,476,栗田徹,美,240,22105569,01197,01127,0226161007,東京ホースレーシング,社台ファーム,ダイワメジャー,レッドアトゥ,カジノドライヴ,栗毛,220209,,  ,    ,47.4
26,05,03,1,新潟,2,09,咲花特別･2勝,43,ダ,1,1800,稍,ルージュマローネ  ,牝,4,杉原誠人,56.0,12,01,11,11,0,1.7,8,115.3,"1553",0,1,1,1,2,38.9,474,栗田徹,美,0,22105569,01135,01127,0426120901,東京ホースレーシング,社台ファーム,ダイワメジャー,レッドアトゥ,カジノドライヴ,栗毛,220209,,  ,    ,48.2
26,04,11,1,福島,1,07,１勝ｸﾗｽ・若,23,ダ,1,1700,良,ルージュマローネ  ,牝,4,小林美駒,53.0,15,02,1,1,0,-0.1,9,105.7,"1457",0,1,1,1,1,38.7,480,栗田徹,美,820,22105569,01206,01127,0326110702,東京ホースレーシング,社台ファーム,ダイワメジャー,レッドアトゥ,カジノドライヴ,栗毛,220209,,  ,    ,44.4
26,03,22,1,中京,4,07,１勝ｸﾗｽ,23,ダ,1,1800,良,ルージュマローネ  ,牝,4,杉原誠人,56.0,15,10,10,10,0,1.7,11,116,"1560",0,6,6,8,7,37.7,478,栗田徹,美,0,22105569,01135,01127,0726140710,東京ホースレーシング,社台ファーム,ダイワメジャー,レッドアトゥ,カジノドライヴ,栗毛,220209,,  ,    ,53.8
26,01,24,1,中山,8,08,１勝ｸﾗｽ・牝,23,ダ,1,1800,良,ルージュマローネ  ,牝,4,佐々木大,55.0,12,06,7,7,0,2.1,7,117,"1570",0,5,4,6,8,40,478,栗田徹,美,0,22105569,01197,01127,0626180806,東京ホースレーシング,社台ファーム,ダイワメジャー,レッドアトゥ,カジノドライヴ,栗毛,220209,,  ,    ,46.2
25,11,16,3,福島,4,02,１勝ｸﾗｽ・牝,23,ダ,1,1700,良,ルージュマローネ  ,牝,3,舟山瑠泉,51.0,15,10,10,10,0,1.7,4,107.9,"1479",0,14,14,12,13,39.2,484,栗田徹,美,0,22105569,01221,01127,0325340210,東京ホースレーシング,社台ファーム,ダイワメジャー,レッドアトゥ,カジノドライヴ,栗毛,220209,,  ,    ,45.6
25,10,18,4,新潟,1,04,１勝ｸﾗｽ・牝,23,ダ,1,1800,良,ルージュマローネ  ,牝,3,舟山瑠泉,51.0,14,08,2,2,0,0.1,8,113.7,"1537",0,12,12,9,9,38,478,栗田徹,美,320,22105569,01221,01127,0425410408,東京ホースレーシング,社台ファーム,ダイワメジャー,レッドアトゥ,カジノドライヴ,栗毛,220209,,  ,    ,49.6
25,08,17,1,札幌,8,07,１勝ｸﾗｽ・牝,23,芝,0,1500,稍,ルージュマローネ  ,牝,3,横山和生,53.0,14,04,9,9,0,1.1,9,91,"1310",0,0,1,1,2,36.7,476,栗田徹,美,0,22105569,01140,01127,0125180704,東京ホースレーシング,社台ファーム,ダイワメジャー,レッドアトゥ,カジノドライヴ,栗毛,220209,,  ,    ,48.6
25,07,12,2,福島,5,12,１勝ｸﾗｽ,23,ダ,1,1700,良,ルージュマローネ  ,牝,3,三浦皇成,53.0,15,15,14,14,0,2.5,7,108.7,"1487",0,12,11,10,11,39.8,476,栗田徹,美,0,22105569,01122,01127,0325251215,東京ホースレーシング,社台ファーム,ダイワメジャー,レッドアトゥ,カジノドライヴ,栗毛,220209,,  ,    ,44.4
25,05,24,2,東京,9,06,１勝ｸﾗｽ*,23,ダ,1,1600,良,ルージュマローネ  ,牝,3,横山和生,55.0,14,13,11,11,0,1.4,6,99.3,"1393",0,0,0,10,9,37,476,栗田徹,美,0,22105569,01140,01127,0525290613,東京ホースレーシング,社台ファーム,ダイワメジャー,レッドアトゥ,カジノドライヴ,栗毛,220209,,  ,    ,51.0
24,11,03,6,京都,2,09,もちの木･1勝,23,ダ,1,1800,重,ルージュマローネ  ,牝,2,浜中俊,55.0,12,01,9,9,0,3.7,8,115.3,"1553",0,3,3,3,5,41.1,466,栗田徹,美,0,22105569,01115,01127,0824620901,東京ホースレーシング,社台ファーム,ダイワメジャー,レッドアトゥ,カジノドライヴ,栗毛,220209,,  ,    ,40.3
24,08,17,2,札幌,3,02,未勝利*,7,ダ,1,1700,良,ルージュマローネ  ,牝,2,横山和生,55.0,14,03,1,1,0,-0.2,3,108,"1480",0,1,1,1,1,37.8,468,栗田徹,美,550,22105569,01140,01127,0124230203,東京ホースレーシング,社台ファーム,ダイワメジャー,レッドアトゥ,カジノドライヴ,栗毛,220209,,  ,    ,51.3
24,07,07,1,函館,10,05,新馬,15,芝,0,1800,稍,ルージュマローネ  ,牝,2,横山和生,55.0,10,01,3,3,0,0.4,4,114.4,"1544",0,1,1,1,1,36,474,栗田徹,美,180,22105569,01140,01127,02241A0501,東京ホースレーシング,社台ファーム,ダイワメジャー,レッドアトゥ,カジノドライヴ,栗毛,220209,,  ,    ,58.9
26,02,28,1,小倉,11,10,早鞆特Ｈ･2勝,43,ダ,1,1700,重,キングベルベット  ,セ,5,鷲頭虎太,56.0,16,06,8,8,0,1,4,103.5,"1435",0,2,2,1,1,38.8,484,国枝栄,美,0,21104320,01202,00399,10261B1006,嶋田一成,服部牧場,カリフォルニアクローム,ホワイトエレガンス,クロフネ,鹿毛,210311,,  ,    ,41.0
26,02,07,1,小倉,5,08,１勝ｸﾗｽ,23,ダ,1,1700,良,キングベルベット  ,セ,5,鷲頭虎太,56.0,12,06,1,1,0,-0.6,6,105.2,"1452",0,1,1,1,1,38.1,490,国枝栄,美,820,21104320,01202,00399,1026150806,嶋田一成,服部牧場,カリフォルニアクローム,ホワイトエレガンス,クロフネ,鹿毛,210311,,  ,    ,46.1
25,12,27,5,中山,7,08,１勝ｸﾗｽ,23,ダ,1,1800,稍,キングベルベット  ,セ,4,横山武史,58.0,16,13,10,10,0,1.8,4,115.7,"1557",0,2,2,2,5,40,500,国枝栄,美,0,21104320,01170,00399,0625570813,嶋田一成,服部牧場,カリフォルニアクローム,ホワイトエレガンス,クロフネ,鹿毛,210311,,  ,    ,44.6
25,11,24,3,福島,6,03,１勝ｸﾗｽ・若,23,ダ,1,1700,良,キングベルベット  ,セ,4,永島まな,56.0,15,02,7,7,0,0.7,9,107.6,"1476",0,15,15,15,14,38,494,国枝栄,美,0,21104320,01187,00399,0325360302,嶋田一成,服部牧場,カリフォルニアクローム,ホワイトエレガンス,クロフネ,鹿毛,210311,,  ,    ,49.9
25,07,20,1,函館,12,12,１勝ｸﾗｽ,23,ダ,1,1700,良,キングベルベット  ,セ,4,キング,58.0,13,12,11,11,0,1.7,3,107.3,"1473",0,7,7,9,10,39.1,490,国枝栄,美,0,21104320,05643,00399,02251C1212,嶋田一成,服部牧場,カリフォルニアクローム,ホワイトエレガンス,クロフネ,鹿毛,210311,,  ,    ,45.1
24,11,10,3,福島,4,03,１勝ｸﾗｽ,23,ダ,1,1700,良,キングベルベット  ,セ,3,丹内祐次,56.0,15,13,13,13,0,4.1,3,109.8,"1498",0,4,5,4,8,42.3,490,国枝栄,美,0,21104320,01091,00399,0324340313,嶋田一成,服部牧場,カリフォルニアクローム,ホワイトエレガンス,クロフネ,鹿毛,210311,,  ,    ,37.0
24,03,31,3,中山,4,07,１勝ｸﾗｽ*,23,ダ,1,1800,稍,キングベルベット  ,牡,3,丹内祐次,57.0,16,07,5,5,0,0.8,2,114.1,"1541",0,2,2,2,2,38.8,490,国枝栄,美,78,21104320,01091,00399,0624340707,嶋田一成,服部牧場,カリフォルニアクローム,ホワイトエレガンス,クロフネ,鹿毛,210311,,  ,    ,47.0
24,02,24,2,小倉,5,01,未勝利,7,ダ,1,1700,重,キングベルベット  ,牡,3,丹内祐次,57.0,16,08,1,1,0,-1.2,1,104.4,"1444",0,3,3,2,2,38,490,国枝栄,美,550,21104320,01091,00399,1024250108,嶋田一成,服部牧場,カリフォルニアクローム,ホワイトエレガンス,クロフネ,鹿毛,210311,,  ,    ,45.3
24,02,11,2,小倉,2,01,未勝利,7,ダ,1,1700,良,キングベルベット  ,牡,3,丹内祐次,57.0,15,14,2,2,0,0.1,2,106.5,"1465",0,3,1,1,1,39.2,488,国枝栄,美,220,21104320,01091,00399,1024220114,嶋田一成,服部牧場,カリフォルニアクローム,ホワイトエレガンス,クロフネ,鹿毛,210311,,  ,    ,43.6
23,11,19,5,東京,6,03,未勝利*,7,芝,0,2000,良,キングベルベット  ,牡,2,菅原明良,56.0,15,07,5,5,0,1.3,2,120.8,"2008",0,0,1,1,1,36.8,490,国枝栄,美,55,21104320,01179,00399,0523560307,嶋田一成,服部牧場,カリフォルニアクローム,ホワイトエレガンス,クロフネ,鹿毛,210311,,  ,    ,47.8
23,10,22,4,東京,7,05,新馬,15,芝,0,1800,良,キングベルベット  ,牡,2,菅原明良,56.0,16,15,2,2,0,0.1,10,109.4,"1494",0,0,2,2,2,34.5,490,国枝栄,美,290,21104320,01179,00399,0523470515,嶋田一成,服部牧場,カリフォルニアクローム,ホワイトエレガンス,クロフネ,鹿毛,210311,,  ,    ,58.6
26,06,14,1,函館,2,10,津軽海Ｈ･2勝,43,ダ,1,1700,良,レイザリオ        ,牡,4,岩田康誠,55.0,12,09,10,10,0,2.6,9,106.8,"1468",0,3,2,2,5,39.9,486,橋口慎介,栗,0,22104910,05203,01154,0226121009,ケイズジャパン,ノーザンファーム,アドマイヤマーズ,テルアケリー,Tapit,栗毛,220430,,  ,    ,41.5
26,04,12,1,福島,2,12,１勝ｸﾗｽ,23,ダ,1,1700,良,レイザリオ        ,牡,4,斎藤新,58.0,15,13,1,1,0,-0.1,5,106.6,"1466",0,1,1,1,1,38.4,480,橋口慎介,栗,820,22104910,01178,01154,0326121213,ケイズジャパン,ノーザンファーム,アドマイヤマーズ,テルアケリー,Tapit,栗毛,220430,,  ,    ,46.9
26,02,15,1,小倉,8,12,１勝ｸﾗｽ,23,ダ,1,1700,稍,レイザリオ        ,牡,4,斎藤新,57.0,13,13,7,7,0,1.4,5,107.8,"1478",0,2,3,2,3,40.5,478,橋口慎介,栗,0,22104910,01178,01154,1026181213,ケイズジャパン,ノーザンファーム,アドマイヤマーズ,テルアケリー,Tapit,栗毛,220430,,  ,    ,40.6
25,12,13,5,中京,3,08,１勝ｸﾗｽ,23,ダ,1,1400,良,レイザリオ        ,牡,3,斎藤新,57.0,16,05,13,13,0,1.6,4,86.1,"1261",0,0,0,3,3,38.7,478,橋口慎介,栗,0,22104910,01178,01154,0725530805,ケイズジャパン,ノーザンファーム,アドマイヤマーズ,テルアケリー,Tapit,栗毛,220430,,  ,    ,41.9
25,11,24,3,福島,6,03,１勝ｸﾗｽ・若,23,ダ,1,1700,良,レイザリオ        ,牡,3,斎藤新,56.0,15,04,3,3,0,0.4,8,107.3,"1473",0,1,1,1,2,38.8,480,橋口慎介,栗,200,22104910,01178,01154,0325360304,ケイズジャパン,ノーザンファーム,アドマイヤマーズ,テルアケリー,Tapit,栗毛,220430,,  ,    ,46.3
25,09,13,4,阪神,3,09,１勝ｸﾗｽ,23,芝,0,1400,良,レイザリオ        ,牡,3,鮫島克駿,56.0,18,15,10,10,0,0.6,16,80.9,"1209",0,0,0,11,10,34.9,464,橋口慎介,栗,0,22104910,01157,01154,0925430915,ケイズジャパン,ノーザンファーム,アドマイヤマーズ,テルアケリー,Tapit,栗毛,220430,,  ,    ,48.9
25,08,03,3,中京,4,12,１勝ｸﾗｽ,23,芝,0,1400,良,レイザリオ        ,牡,3,田口貫太,55.0,18,04,14,14,0,1,11,80.8,"1208",0,0,0,14,15,34,466,橋口慎介,栗,0,22104910,01208,01154,0725341204,ケイズジャパン,ノーザンファーム,アドマイヤマーズ,テルアケリー,Tapit,栗毛,220430,,  ,    ,53.2
25,06,08,3,阪神,2,12,１勝ｸﾗｽ,23,芝,0,1400,良,レイザリオ        ,牡,3,鮫島克駿,55.0,16,09,7,7,0,0.8,10,81.1,"1211",0,0,0,10,9,35.3,468,橋口慎介,栗,0,22104910,01157,01154,0925321209,ケイズジャパン,ノーザンファーム,アドマイヤマーズ,テルアケリー,Tapit,栗毛,220430,,  ,    ,47.3
25,04,13,2,阪神,6,05,１勝ｸﾗｽ*,23,ダ,1,1400,良,レイザリオ        ,牡,3,和田竜二,57.0,16,14,15,15,0,2.4,16,87.1,"1271",0,0,0,7,10,39.9,468,橋口慎介,栗,0,22104910,01018,01154,0925260514,ケイズジャパン,ノーザンファーム,アドマイヤマーズ,テルアケリー,Tapit,栗毛,220430,,  ,    ,38.7
25,02,09,1,京都,4,03,未勝利,7,ダ,1,1400,稍,レイザリオ        ,牡,3,鮫島克駿,57.0,16,06,1,1,0,-0.2,2,86.5,"1265",0,0,0,2,1,37.5,472,橋口慎介,栗,560,22104910,01157,01154,0825140306,ケイズジャパン,ノーザンファーム,アドマイヤマーズ,テルアケリー,Tapit,栗毛,220430,,  ,    ,48.0
25,01,11,1,中京,3,01,未勝利,7,ダ,1,1800,良,レイザリオ        ,牡,3,西村淳也,57.0,16,15,8,8,0,2.1,3,115.9,"1559",0,5,5,8,9,40.1,480,橋口慎介,栗,0,22104910,01171,01154,0725130115,ケイズジャパン,ノーザンファーム,アドマイヤマーズ,テルアケリー,Tapit,栗毛,220430,,  ,    ,44.5
24,10,19,5,京都,5,01,未勝利*,7,ダ,1,1400,良,レイザリオ        ,牡,2,西村淳也,56.0,12,03,4,4,0,0.6,4,86.2,"1262",0,0,0,4,5,37.9,476,橋口慎介,栗,83,22104910,01171,01154,0824550103,ケイズジャパン,ノーザンファーム,アドマイヤマーズ,テルアケリー,Tapit,栗毛,220430,,  ,    ,45.6
24,09,28,3,中京,8,03,未勝利*,7,芝,0,1600,良,レイザリオ        ,牡,2,横山武史,55.0,10,08,4,4,0,0.7,4,96.2,"1362",0,0,8,8,7,34.7,472,橋口慎介,栗,83,22104910,01170,01154,0724380308,ケイズジャパン,ノーザンファーム,アドマイヤマーズ,テルアケリー,Tapit,栗毛,220430,,  ,    ,56.3
24,08,24,2,中京,5,05,新馬,15,芝,0,1600,良,レイザリオ        ,牡,2,西村淳也,55.0,16,05,7,7,0,1.2,1,96.3,"1363",0,0,10,9,10,34.8,468,橋口慎介,栗,0,22104910,01171,01154,0724250505,ケイズジャパン,ノーザンファーム,アドマイヤマーズ,テルアケリー,Tapit,栗毛,220430,,  ,    ,56.0
26,06,21,1,函館,4,10,檜山特別･2勝,43,ダ,1,1700,良,ジュンラトゥール  ,牡,5,佐々木大,58.0,9,03,4,4,0,1.2,5,105.5,"1455",0,6,6,5,4,37.3,458,浜田多実,栗,240,21104039,01197,01138,0226141003,河合純二,田中裕之,パイロ,グーテデロワ,スペシャルウィーク,黒鹿,210314,,  ,    ,49.7
26,06,14,1,函館,2,10,津軽海Ｈ･2勝,43,ダ,1,1700,良,ジュンラトゥール  ,牡,5,富田暁,56.0,12,12,4,4,0,0.5,6,104.7,"1447",0,8,8,6,5,37.2,460,浜田多実,栗,240,21104039,01168,01138,0226121012,河合純二,田中裕之,パイロ,グーテデロワ,スペシャルウィーク,黒鹿,210314,,  ,    ,49.0
26,04,26,1,福島,6,10,尾瀬特別･2勝,43,ダ,1,1700,良,ジュンラトゥール  ,牡,5,富田暁,58.0,15,14,3,3,0,0.1,7,105.7,"1457",0,10,10,7,4,38,458,浜田多実,栗,400,21104039,01168,01138,0326161014,河合純二,田中裕之,パイロ,グーテデロワ,スペシャルウィーク,黒鹿,210314,,  ,    ,47.2
26,03,21,1,阪神,9,08,２勝ｸﾗｽ,43,ダ,1,1800,良,ジュンラトゥール  ,牡,5,酒井学,58.0,12,10,7,7,0,0.7,9,112.6,"1526",0,9,10,9,9,37.9,468,浜田多実,栗,0,21104039,01034,01138,0926190810,河合純二,田中裕之,パイロ,グーテデロワ,スペシャルウィーク,黒鹿,210314,,  ,    ,48.5
26,03,14,1,中京,1,11,中京スＨ･2勝,43,ダ,1,1800,良,ジュンラトゥール  ,牡,5,浜中俊,55.0,14,06,9,9,0,1.1,4,115.2,"1552",0,10,11,6,6,37.3,468,浜田多実,栗,0,21104039,01115,01138,0726111106,河合純二,田中裕之,パイロ,グーテデロワ,スペシャルウィーク,黒鹿,210314,,  ,    ,54.4
26,02,28,1,小倉,11,10,早鞆特Ｈ･2勝,43,ダ,1,1700,重,ジュンラトゥール  ,牡,5,菊沢一樹,55.0,16,09,4,4,0,0.4,13,102.9,"1429",0,11,10,8,6,37.4,456,浜田多実,栗,240,21104039,01161,01138,10261B1009,河合純二,田中裕之,パイロ,グーテデロワ,スペシャルウィーク,黒鹿,210314,,  ,    ,45.5
26,01,04,1,京都,1,09,天ケ瀬特･2勝,43,ダ,1,1800,良,ジュンラトゥール  ,牡,5,斎藤新,58.0,13,02,10,10,0,2.1,9,114.5,"1545",0,10,11,11,12,37.4,460,浜田多実,栗,0,21104039,01178,01138,0826110902,河合純二,田中裕之,パイロ,グーテデロワ,スペシャルウィーク,黒鹿,210314,,  ,    ,53.1
25,12,13,5,中京,3,10,鳴海特別･2勝,43,ダ,1,1800,良,ジュンラトゥール  ,牡,4,斎藤新,58.0,16,08,5,5,0,0.4,11,113.7,"1537",0,9,11,9,9,36.7,462,浜田多実,栗,155,21104039,01178,01138,0725531008,河合純二,田中裕之,パイロ,グーテデロワ,スペシャルウィーク,黒鹿,210314,,  ,    ,54.9
25,09,07,2,札幌,6,12,１勝ｸﾗｽ,23,ダ,1,1700,稍,ジュンラトゥール  ,牡,4,斎藤新,58.0,14,02,1,1,0,-0.5,5,105.7,"1457",0,11,14,14,8,37.5,464,浜田多実,栗,800,21104039,01178,01138,0125261202,河合純二,田中裕之,パイロ,グーテデロワ,スペシャルウィーク,黒鹿,210314,,  ,    ,49.2
25,08,31,2,札幌,4,12,１勝ｸﾗｽ,23,ダ,1,1700,稍,ジュンラトゥール  ,牡,4,舟山瑠泉,55.0,12,06,6,6,0,0.7,5,106.1,"1461",0,5,5,5,7,37.9,462,浜田多実,栗,0,21104039,01221,01138,0125241206,河合純二,田中裕之,パイロ,グーテデロワ,スペシャルウィーク,黒鹿,210314,,  ,    ,48.2
25,08,16,1,札幌,7,08,１勝ｸﾗｽ,23,ダ,1,1700,良,ジュンラトゥール  ,牡,4,舟山瑠泉,55.0,14,12,3,3,0,0.4,8,106.2,"1462",0,5,5,2,1,39,462,浜田多実,栗,200,21104039,01221,01138,0125170812,河合純二,田中裕之,パイロ,グーテデロワ,スペシャルウィーク,黒鹿,210314,,  ,    ,44.0
25,05,11,1,新潟,4,07,１勝ｸﾗｽ,23,ダ,1,1800,稍,ジュンラトゥール  ,牡,4,丸山元気,58.0,15,12,10,10,0,1,4,115.8,"1558",0,6,7,5,5,40.6,460,浜田多実,栗,0,21104039,01127,01138,0425140712,河合純二,田中裕之,パイロ,グーテデロワ,スペシャルウィーク,黒鹿,210314,,  ,    ,42.6
25,04,13,2,阪神,6,06,１勝ｸﾗｽ,23,ダ,1,1800,稍,ジュンラトゥール  ,牡,4,松山弘平,58.0,10,10,4,4,0,0.9,2,114.8,"1548",0,5,5,4,5,38.2,464,浜田多実,栗,120,21104039,01126,01138,0925260610,河合純二,田中裕之,パイロ,グーテデロワ,スペシャルウィーク,黒鹿,210314,,  ,    ,50.3
25,03,23,2,中京,4,07,１勝ｸﾗｽ,23,ダ,1,1800,良,ジュンラトゥール  ,牡,4,和田竜二,58.0,16,04,8,8,0,0.4,3,115.3,"1553",0,7,5,7,7,37.4,468,浜田多実,栗,0,21104039,01018,01138,0725240704,河合純二,田中裕之,パイロ,グーテデロワ,スペシャルウィーク,黒鹿,210314,,  ,    ,54.1
25,03,08,1,阪神,3,07,１勝ｸﾗｽ,23,ダ,1,2000,良,ジュンラトゥール  ,牡,4,和田竜二,58.0,10,07,5,5,0,0.5,2,129.3,"2093",0,4,5,3,3,40.3,470,浜田多実,栗,80,21104039,01018,01138,0925130707,河合純二,田中裕之,パイロ,グーテデロワ,スペシャルウィーク,黒鹿,210314,,  ,    ,44.6
24,12,08,7,京都,4,07,１勝ｸﾗｽ,23,ダ,1,1800,良,ジュンラトゥール  ,牡,3,松山弘平,57.0,10,07,2,2,0,0.1,2,114.2,"1542",0,2,2,4,4,38.8,464,浜田多実,栗,320,21104039,01126,01138,0824740707,河合純二,田中裕之,パイロ,グーテデロワ,スペシャルウィーク,黒鹿,210314,,  ,    ,47.2
24,11,23,6,京都,7,08,１勝ｸﾗｽ,23,ダ,1,1900,良,ジュンラトゥール  ,牡,3,松山弘平,56.0,9,09,2,2,0,0.4,3,121,"2010",0,4,4,2,2,38.3,466,浜田多実,栗,320,21104039,01126,01138,0824670809,河合純二,田中裕之,パイロ,グーテデロワ,スペシャルウィーク,黒鹿,210314,,  ,    ,49.7
24,10,27,5,京都,8,07,１勝ｸﾗｽ,23,ダ,1,1900,良,ジュンラトゥール  ,牡,3,田口貫太,55.0,11,06,3,3,0,0.3,1,121.1,"2011",0,3,3,6,6,38.6,462,浜田多実,栗,200,21104039,01208,01138,0824580706,河合純二,田中裕之,パイロ,グーテデロワ,スペシャルウィーク,黒鹿,210314,,  ,    ,48.6
24,09,29,3,中京,9,04,１勝ｸﾗｽ,23,ダ,1,1900,重,ジュンラトゥール  ,牡,3,和田竜二,55.0,9,03,3,3,0,0.6,1,119.7,"1597",0,2,2,2,2,37.9,462,浜田多実,栗,200,21104039,01018,01138,0724390403,河合純二,田中裕之,パイロ,グーテデロワ,スペシャルウィーク,黒鹿,210314,,  ,    ,49.6
24,09,14,3,中京,3,04,１勝ｸﾗｽ,23,ダ,1,1900,良,ジュンラトゥール  ,牡,3,和田竜二,55.0,13,07,2,2,0,0.2,3,120.4,"2004",0,2,2,2,4,37.9,468,浜田多実,栗,320,21104039,01018,01138,0724330407,河合純二,田中裕之,パイロ,グーテデロワ,スペシャルウィーク,黒鹿,210314,,  ,    ,50.5
24,05,26,3,京都,12,02,未勝利,7,ダ,1,1900,良,ジュンラトゥール  ,牡,3,和田竜二,57.0,16,13,1,1,0,-0.4,1,120.6,"2006",0,4,6,5,4,37.9,456,浜田多実,栗,550,21104039,01018,01138,08243C0213,河合純二,田中裕之,パイロ,グーテデロワ,スペシャルウィーク,黒鹿,210314,,  ,    ,50.7
24,05,04,3,京都,5,02,未勝利,7,ダ,1,1900,良,ジュンラトゥール  ,牡,3,和田竜二,57.0,10,01,2,2,0,0.2,3,121.9,"2019",0,3,3,3,3,38.5,454,浜田多実,栗,220,21104039,01018,01138,0824350201,河合純二,田中裕之,パイロ,グーテデロワ,スペシャルウィーク,黒鹿,210314,,  ,    ,50.0
24,04,21,3,京都,2,03,未勝利,7,ダ,1,1900,良,ジュンラトゥール  ,牡,3,和田竜二,57.0,16,01,2,2,0,0.9,3,122.6,"2026",0,8,8,6,4,39.2,456,浜田多実,栗,220,21104039,01018,01138,0824320301,河合純二,田中裕之,パイロ,グーテデロワ,スペシャルウィーク,黒鹿,210314,,  ,    ,48.2
24,03,02,1,阪神,3,03,未勝利,7,ダ,1,1800,重,ジュンラトゥール  ,牡,3,和田竜二,57.0,14,11,4,4,0,0.3,7,116,"1560",0,8,8,8,7,38.6,454,浜田多実,栗,83,21104039,01018,01138,0924130311,河合純二,田中裕之,パイロ,グーテデロワ,スペシャルウィーク,黒鹿,210314,,  ,    ,50.3
24,02,10,2,京都,5,02,未勝利,7,ダ,1,1900,良,ジュンラトゥール  ,牡,3,和田竜二,57.0,11,03,3,3,0,0.5,6,121.5,"2015",0,3,3,3,5,39,452,浜田多実,栗,140,21104039,01018,01138,0824250203,河合純二,田中裕之,パイロ,グーテデロワ,スペシャルウィーク,黒鹿,210314,,  ,    ,47.6
24,01,14,1,京都,5,02,未勝利,7,ダ,1,1900,良,ジュンラトゥール  ,牡,3,和田竜二,57.0,13,06,4,4,0,1.1,12,122.9,"2029",0,9,9,7,9,39.6,446,浜田多実,栗,83,21104039,01018,01138,0824150206,河合純二,田中裕之,パイロ,グーテデロワ,スペシャルウィーク,黒鹿,210314,,  ,    ,47.1
23,12,28,5,阪神,9,01,未勝利*,7,ダ,1,1800,良,ジュンラトゥール  ,牡,2,和田竜二,56.0,16,15,9,9,0,1.2,14,117.2,"1572",0,11,11,12,11,39,448,浜田多実,栗,0,21104039,01018,01138,0923590115,河合純二,田中裕之,パイロ,グーテデロワ,スペシャルウィーク,黒鹿,210314,,  ,    ,50.3
23,12,10,4,中京,4,01,未勝利*,7,ダ,1,1800,良,ジュンラトゥール  ,牡,2,今村聖奈,53.0,11,02,6,6,0,1.3,6,118.4,"1584",0,9,9,7,8,41.6,444,浜田多実,栗,0,21104039,01193,01138,0723440102,河合純二,田中裕之,パイロ,グーテデロワ,スペシャルウィーク,黒鹿,210314,,  ,    ,42.3
23,09,02,2,札幌,7,02,未勝利*,7,ダ,1,1700,稍,ジュンラトゥール  ,牡,2,池添謙一,55.0,14,01,11,11,0,2.5,9,110.8,"1508",0,14,14,12,11,40.5,434,浜田多実,栗,0,21104039,01032,01138,0123270201,河合純二,田中裕之,パイロ,グーテデロワ,スペシャルウィーク,黒鹿,210314,,  ,    ,44.7
23,08,05,1,札幌,5,01,未勝利*,7,ダ,1,1700,不,ジュンラトゥール  ,牡,2,今村聖奈,52.0,14,07,6,6,0,2.2,7,108.7,"1487",0,13,13,12,9,39.2,432,浜田多実,栗,0,21104039,01193,01138,0123150107,河合純二,田中裕之,パイロ,グーテデロワ,スペシャルウィーク,黒鹿,210314,,  ,    ,46.7
23,06,17,1,函館,3,06,新馬,15,ダ,1,1000,良,ジュンラトゥール  ,牡,2,池添謙一,55.0,12,05,9,9,0,1.8,11,61.7,"1017",0,0,0,11,11,35.6,422,浜田多実,栗,0,21104039,01032,01138,0223130605,河合純二,田中裕之,パイロ,グーテデロワ,スペシャルウィーク,黒鹿,210314,,  ,    ,60.0
26,06,14,1,函館,2,10,津軽海Ｈ･2勝,43,ダ,1,1700,良,マーウォルス      ,牡,4,佐々木大,56.0,12,11,7,7,0,1.1,8,105.3,"1453",0,7,8,8,7,37.5,470,茶木太樹,栗,0,22102394,01197,01181,0226121011,サンデーレーシング,坂東牧場,アドマイヤマーズ,ウェイクミーアップ,"Rock of Gibraltar",栗毛,220331,,  ,    ,48.6
26,04,26,1,福島,6,10,尾瀬特別･2勝,43,ダ,1,1700,良,マーウォルス      ,牡,4,亀田温心,58.0,15,08,6,6,0,0.7,4,106.3,"1463",0,12,12,14,11,37.9,474,茶木太樹,栗,0,22102394,01176,01181,0326161008,サンデーレーシング,坂東牧場,アドマイヤマーズ,ウェイクミーアップ,"Rock of Gibraltar",栗毛,220331,,  ,    ,48.4
26,02,28,1,小倉,11,10,早鞆特Ｈ･2勝,43,ダ,1,1700,重,マーウォルス      ,牡,4,斎藤新,55.0,16,13,5,5,0,0.8,10,103.3,"1433",0,12,12,12,12,37.4,476,茶木太樹,栗,158,22102394,01178,01181,10261B1013,サンデーレーシング,坂東牧場,アドマイヤマーズ,ウェイクミーアップ,"Rock of Gibraltar",栗毛,220331,,  ,    ,46.1
26,02,15,1,小倉,8,12,１勝ｸﾗｽ,23,ダ,1,1700,稍,マーウォルス      ,牡,4,田山旺佑,54.0,13,12,1,1,0,-0.1,1,106.4,"1464",0,11,11,10,8,38.3,474,茶木太樹,栗,820,22102394,01220,01181,1026181212,サンデーレーシング,坂東牧場,アドマイヤマーズ,ウェイクミーアップ,"Rock of Gibraltar",栗毛,220331,,  ,    ,47.0
25,12,20,5,阪神,5,07,１勝ｸﾗｽ,23,ダ,1,1800,良,マーウォルス      ,牡,3,Ｃ．デム,57.0,16,15,5,5,0,0.9,5,114.4,"1544",0,10,7,7,5,37.3,468,茶木太樹,栗,80,22102394,05473,01181,0925550715,サンデーレーシング,坂東牧場,アドマイヤマーズ,ウェイクミーアップ,"Rock of Gibraltar",栗毛,220331,,  ,    ,53.4
25,11,23,4,京都,6,06,１勝ｸﾗｽ,23,ダ,1,1400,良,マーウォルス      ,牡,3,Ｃ．デム,57.0,16,14,9,9,0,1,4,85.1,"1251",0,0,0,13,12,37,472,茶木太樹,栗,0,22102394,05473,01181,0825460614,サンデーレーシング,坂東牧場,アドマイヤマーズ,ウェイクミーアップ,"Rock of Gibraltar",栗毛,220331,,  ,    ,47.5
25,11,08,3,福島,1,12,１勝ｸﾗｽ,23,ダ,1,1700,良,マーウォルス      ,牡,3,舟山瑠泉,53.0,15,01,3,3,0,0.4,5,106.3,"1463",0,8,7,8,8,38.2,470,茶木太樹,栗,200,22102394,01221,01181,0325311201,サンデーレーシング,坂東牧場,アドマイヤマーズ,ウェイクミーアップ,"Rock of Gibraltar",栗毛,220331,,  ,    ,47.2
25,08,10,1,札幌,6,04,未勝利,7,ダ,1,1700,稍,マーウォルス      ,牡,3,キング,57.0,14,13,1,1,0,-0.1,1,107,"1470",0,7,7,4,2,39.1,468,茶木太樹,栗,560,22102394,05643,01181,0125160413,サンデーレーシング,坂東牧場,アドマイヤマーズ,ウェイクミーアップ,"Rock of Gibraltar",栗毛,220331,,  ,    ,44.7
25,07,13,2,小倉,6,03,未勝利,7,ダ,1,1700,良,マーウォルス      ,牡,3,松山弘平,57.0,16,05,2,2,0,0.5,1,108.3,"1483",0,9,9,1,2,39.4,466,茶木太樹,栗,220,22102394,01126,01181,1025260305,サンデーレーシング,坂東牧場,アドマイヤマーズ,ウェイクミーアップ,"Rock of Gibraltar",栗毛,220331,,  ,    ,45.4
25,06,21,3,阪神,5,04,未勝利,7,ダ,1,1800,良,マーウォルス      ,牡,3,松山弘平,57.0,13,11,2,2,0,0.4,1,114.8,"1548",0,7,7,3,3,39.5,472,茶木太樹,栗,220,22102394,01126,01181,0925350411,サンデーレーシング,坂東牧場,アドマイヤマーズ,ウェイクミーアップ,"Rock of Gibraltar",栗毛,220331,,  ,    ,45.3
25,03,02,1,阪神,2,01,未勝利,7,ダ,1,1800,良,マーウォルス      ,牡,3,松山弘平,57.0,12,11,4,4,0,0.2,2,117.5,"1575",0,5,5,4,3,37.7,470,茶木太樹,栗,84,22102394,01126,01181,0925120111,サンデーレーシング,坂東牧場,アドマイヤマーズ,ウェイクミーアップ,"Rock of Gibraltar",栗毛,220331,,  ,    ,55.8
25,02,01,1,京都,1,02,未勝利,7,ダ,1,1800,良,マーウォルス      ,牡,3,松山弘平,57.0,9,05,2,2,0,0,5,114.6,"1546",0,2,2,2,2,38.5,482,茶木太樹,栗,220,22102394,01126,01181,0825110205,サンデーレーシング,坂東牧場,アドマイヤマーズ,ウェイクミーアップ,"Rock of Gibraltar",栗毛,220331,,  ,    ,48.8
24,12,08,7,京都,4,02,未勝利*,7,ダ,1,1800,良,マーウォルス      ,牡,2,松山弘平,56.0,12,01,2,2,0,0.5,8,116.3,"1563",0,7,5,7,5,38.9,474,茶木太樹,栗,220,22102394,01126,01181,0824740201,サンデーレーシング,坂東牧場,アドマイヤマーズ,ウェイクミーアップ,"Rock of Gibraltar",栗毛,220331,,  ,    ,49.5
24,09,28,3,中京,8,02,未勝利*,7,ダ,1,1800,良,マーウォルス      ,牡,2,幸英明,55.0,11,06,8,8,0,2.2,7,116.8,"1568",0,5,4,5,5,40.3,470,茶木太樹,栗,0,22102394,00732,01181,0724380206,サンデーレーシング,坂東牧場,アドマイヤマーズ,ウェイクミーアップ,"Rock of Gibraltar",栗毛,220331,,  ,    ,44.9
24,09,07,3,中京,1,02,未勝利*,7,ダ,1,1800,良,マーウォルス      ,牡,2,幸英明,55.0,8,06,4,4,0,1.9,5,115.9,"1559",0,4,4,4,4,40,480,茶木太樹,栗,83,22102394,00732,01181,0724310206,サンデーレーシング,坂東牧場,アドマイヤマーズ,ウェイクミーアップ,"Rock of Gibraltar",栗毛,220331,,  ,    ,44.9
24,06,08,4,京都,3,05,新馬,15,芝,0,1600,良,マーウォルス      ,牡,2,幸英明,55.0,12,04,6,6,0,2,8,96.1,"1361",0,0,0,10,8,37.2,468,茶木太樹,栗,0,22102394,00732,01181,0824430504,サンデーレーシング,坂東牧場,アドマイヤマーズ,ウェイクミーアップ,"Rock of Gibraltar",栗毛,220331,,  ,    ,45.0
26,07,04,1,函館,7,12,１勝ｸﾗｽ,23,ダ,1,1700,良,シーズザスローン  ,牡,3,武豊,55.0,7,06,1,1,0,-0.2,1,105.5,"1455",0,3,3,2,2,36.5,478,松永幹夫,栗,820,23104414,00666,01092,0226171206,前田幸貴,ノースヒルズ,キズナ,ミコレジーナ,Frankel,鹿毛,230306,,  ,    ,53.1
26,06,21,1,函館,4,08,１勝ｸﾗｽ,23,ダ,1,1700,良,シーズザスローン  ,牡,3,武豊,55.0,12,07,2,2,0,0.1,1,106.6,"1466",0,7,8,3,3,36.9,478,松永幹夫,栗,330,23104414,00666,01092,0226140807,前田幸貴,ノースヒルズ,キズナ,ミコレジーナ,Frankel,鹿毛,230306,,  ,    ,53.0
26,03,28,2,阪神,1,11,毎日杯G3,163,芝,8,1800,良,シーズザスローン  ,牡,3,幸英明,57.0,7,07,7,7,0,1,5,106.1,"1461",0,0,0,3,3,34.2,468,松永幹夫,栗,0,23104414,00732,01092,0926211107,前田幸貴,ノースヒルズ,キズナ,ミコレジーナ,Frankel,鹿毛,230306,,  ,    ,55.1
26,02,22,1,東京,8,09,ヒヤシン(L),115,ダ,1,1600,良,シーズザスローン  ,牡,3,武豊,57.0,10,05,7,7,0,1.8,5,98.5,"1385",0,0,0,3,3,39.1,470,松永幹夫,栗,0,23104414,00666,01092,0526180905,前田幸貴,ノースヒルズ,キズナ,ミコレジーナ,Frankel,鹿毛,230306,,  ,    ,41.2
26,01,05,1,京都,2,04,１勝ｸﾗｽ*,23,ダ,1,1800,良,シーズザスローン  ,牡,3,武豊,57.0,11,11,5,5,0,1,2,113.4,"1534",0,9,9,9,9,37,478,松永幹夫,栗,82,23104414,00666,01092,0826120411,前田幸貴,ノースヒルズ,キズナ,ミコレジーナ,Frankel,鹿毛,230306,,  ,    ,53.2
25,12,20,5,阪神,5,09,ポインセ,131,ダ,1,1800,良,シーズザスローン  ,牡,2,武豊,56.0,10,03,3,3,0,0.6,4,113.2,"1532",0,3,3,3,3,36.4,472,松永幹夫,栗,400,23104414,00666,01092,0925550903,前田幸貴,ノースヒルズ,キズナ,ミコレジーナ,Frankel,鹿毛,230306,,  ,    ,55.5
25,11,03,15,不明,4,11,JBC２歳G3,163,ダ,1,1800,重,シーズザスローン  ,牡,2,西村淳也,56.0,11,01,4,4,0,0.1,1,115.6,"1556",0,1,1,1,1,0,476,松永幹夫,栗,350,23104414,01171,01092,3025F41101,前田幸貴,ノースヒルズ,キズナ,ミコレジーナ,Frankel,鹿毛,230306,,  ,    , 0.0
25,09,27,4,阪神,8,02,未勝利*,7,ダ,1,1800,良,シーズザスローン  ,牡,2,武豊,55.0,9,03,1,1,0,-1.2,1,114.6,"1546",0,2,2,2,1,37.3,468,松永幹夫,栗,560,23104414,00666,01092,0925480203,前田幸貴,ノースヒルズ,キズナ,ミコレジーナ,Frankel,鹿毛,230306,,  ,    ,53.6
25,09,15,4,阪神,5,03,未勝利*,7,芝,0,2000,良,シーズザスローン  ,牡,2,武豊,55.0,5,05,2,2,0,0,1,123.6,"2036",0,2,2,2,2,33.6,470,松永幹夫,栗,220,23104414,00666,01092,0925450305,前田幸貴,ノースヒルズ,キズナ,ミコレジーナ,Frankel,鹿毛,230306,,  ,    ,64.8
25,07,12,2,福島,5,01,未勝利*,7,芝,0,1800,良,シーズザスローン  ,牡,2,戸崎圭太,55.0,10,09,2,2,0,0.1,1,111,"1510",0,8,8,5,5,36.4,468,松永幹夫,栗,220,23104414,05386,01092,0325250109,前田幸貴,ノースヒルズ,キズナ,ミコレジーナ,Frankel,鹿毛,230306,,  ,    ,52.5
25,06,21,3,東京,5,05,新馬,15,芝,0,1800,良,シーズザスローン  ,牡,2,戸崎圭太,55.0,12,07,3,3,0,0.5,4,108.3,"1483",0,0,6,6,6,34.3,468,松永幹夫,栗,190,23104414,05386,01092,0525350507,前田幸貴,ノースヒルズ,キズナ,ミコレジーナ,Frankel,鹿毛,230306,,  ,    ,57.9
26,07,04,2,福島,3,10,横手特別･2勝,43,ダ,1,1700,稍,マンダリンボレロ  ,牡,6,松岡正海,58.0,10,01,4,4,0,1.1,7,104.5,"1445",0,5,5,3,3,37.6,496,伊藤伸一,美,240,20101655,01085,01031,0326231001,田頭勇貴,白瀬盛雄,スピルバーグ,ジャーメイン,アドマイヤムーン,栗毛,200327,,  ,    ,47.1
26,06,14,3,東京,4,12,２勝ｸﾗｽ,43,ダ,1,1600,稍,マンダリンボレロ  ,牡,6,松岡正海,58.0,12,09,6,6,0,1,11,96.7,"1367",0,0,0,8,6,37.7,504,伊藤伸一,美,0,20101655,01085,01031,0526341209,田頭勇貴,白瀬盛雄,スピルバーグ,ジャーメイン,アドマイヤムーン,栗毛,200327,,  ,    ,43.9
26,05,24,2,東京,10,08,三峰山特･2勝,43,ダ,1,1600,稍,マンダリンボレロ  ,牡,6,松岡正海,58.0,16,02,7,7,0,1.3,11,97.9,"1379",0,0,0,10,8,36,510,伊藤伸一,美,0,20101655,01085,01031,05262A0802,田頭勇貴,白瀬盛雄,スピルバーグ,ジャーメイン,アドマイヤムーン,栗毛,200327,,  ,    ,53.2
26,03,28,3,中山,1,12,２勝ｸﾗｽ,43,ダ,1,1800,重,マンダリンボレロ  ,牡,6,松岡正海,58.0,16,02,9,9,0,1.3,9,113.6,"1536",0,6,5,7,8,38.7,506,伊藤伸一,美,0,20101655,01085,01031,0626311202,田頭勇貴,白瀬盛雄,スピルバーグ,ジャーメイン,アドマイヤムーン,栗毛,200327,,  ,    ,46.8
26,03,08,2,中山,4,08,２勝ｸﾗｽ,43,ダ,1,1800,稍,マンダリンボレロ  ,牡,6,松岡正海,58.0,13,06,4,4,0,0.8,10,114.5,"1545",0,11,11,11,11,39.4,504,伊藤伸一,美,180,20101655,01085,01031,0626240806,田頭勇貴,白瀬盛雄,スピルバーグ,ジャーメイン,アドマイヤムーン,栗毛,200327,,  ,    ,45.3
26,02,14,2,京都,5,08,２勝ｸﾗｽ,43,ダ,1,1900,稍,マンダリンボレロ  ,牡,6,太宰啓介,58.0,13,11,5,5,0,0.2,11,119.9,"1599",0,12,11,12,9,37.7,498,伊藤伸一,美,119,20101655,01037,01031,0826250811,田頭勇貴,白瀬盛雄,スピルバーグ,ジャーメイン,アドマイヤムーン,栗毛,200327,,  ,    ,50.6
26,01,24,1,中山,8,10,初霞賞･2勝,43,ダ,1,1800,良,マンダリンボレロ  ,牡,6,松岡正海,58.0,10,02,6,6,0,1.3,8,116.5,"1565",0,4,4,3,4,40.2,512,伊藤伸一,美,0,20101655,01085,01031,0626181002,田頭勇貴,白瀬盛雄,スピルバーグ,ジャーメイン,アドマイヤムーン,栗毛,200327,,  ,    ,44.9
25,12,28,5,中山,8,08,ハッピー･2勝,43,ダ,1,1800,良,マンダリンボレロ  ,牡,5,松岡正海,58.0,13,12,7,7,0,2.4,9,115.3,"1553",0,7,7,9,10,40,512,伊藤伸一,美,0,20101655,01085,01031,0625580812,田頭勇貴,白瀬盛雄,スピルバーグ,ジャーメイン,アドマイヤムーン,栗毛,200327,,  ,    ,44.1
25,12,06,5,中山,1,10,鹿島特別･2勝,43,ダ,1,1800,良,マンダリンボレロ  ,牡,5,松岡正海,58.0,12,07,10,10,0,1.7,6,114.9,"1549",0,7,5,3,3,39.9,514,伊藤伸一,美,0,20101655,01085,01031,0625511007,田頭勇貴,白瀬盛雄,スピルバーグ,ジャーメイン,アドマイヤムーン,栗毛,200327,,  ,    ,44.0
25,07,05,1,函館,7,10,竜飛崎特･2勝,43,ダ,1,1700,重,マンダリンボレロ  ,牡,5,松岡正海,58.0,14,01,2,2,0,0.2,9,103,"1430",0,7,5,4,4,37.1,502,伊藤伸一,美,620,20101655,01085,01031,0225171001,田頭勇貴,白瀬盛雄,スピルバーグ,ジャーメイン,アドマイヤムーン,栗毛,200327,,  ,    ,46.9
25,06,08,3,東京,2,12,小金井特･2勝,43,ダ,1,1600,良,マンダリンボレロ  ,牡,5,松岡正海,58.0,14,02,4,4,0,1.1,3,97,"1370",0,0,0,3,2,37.3,508,伊藤伸一,美,230,20101655,01085,01031,0525321202,田頭勇貴,白瀬盛雄,スピルバーグ,ジャーメイン,アドマイヤムーン,栗毛,200327,,  ,    ,46.0
25,05,18,2,東京,8,10,青梅特Ｈ･2勝,43,ダ,1,1600,重,マンダリンボレロ  ,牡,5,北村宏司,55.0,16,05,3,3,0,0.7,6,95.5,"1355",0,0,0,4,4,36.2,508,伊藤伸一,美,390,20101655,01043,01031,0525281005,田頭勇貴,白瀬盛雄,スピルバーグ,ジャーメイン,アドマイヤムーン,栗毛,200327,,  ,    ,48.3
25,04,19,3,中山,7,08,１勝ｸﾗｽ,23,ダ,1,1800,良,マンダリンボレロ  ,牡,5,松岡正海,58.0,14,08,1,1,0,0,5,113.7,"1537",0,11,10,8,6,38.8,506,伊藤伸一,美,800,20101655,01085,01031,0625370808,田頭勇貴,白瀬盛雄,スピルバーグ,ジャーメイン,アドマイヤムーン,栗毛,200327,,  ,    ,46.5
25,03,30,3,中山,2,07,１勝ｸﾗｽ,23,ダ,1,1800,稍,マンダリンボレロ  ,牡,5,遠藤汰月,55.0,16,07,7,7,0,1.4,5,115,"1550",0,10,10,9,9,39.6,514,伊藤伸一,美,0,20101655,01218,01031,0625320707,田頭勇貴,白瀬盛雄,スピルバーグ,ジャーメイン,アドマイヤムーン,栗毛,200327,,  ,    ,45.2
25,03,02,2,中山,2,08,１勝ｸﾗｽ,23,ダ,1,1800,良,マンダリンボレロ  ,牡,5,遠藤汰月,55.0,16,13,4,4,0,0.6,11,114.9,"1549",0,8,7,6,3,39.6,512,伊藤伸一,美,120,20101655,01218,01031,0625220813,田頭勇貴,白瀬盛雄,スピルバーグ,ジャーメイン,アドマイヤムーン,栗毛,200327,,  ,    ,45.1
24,07,28,1,札幌,4,06,１勝ｸﾗｽ,23,ダ,1,1700,不,マンダリンボレロ  ,牡,4,水口優也,58.0,14,10,8,8,0,1.3,13,105.4,"1454",0,11,11,11,10,37.1,486,伊藤伸一,美,0,20101655,01133,01031,0124140610,田頭勇貴,白瀬盛雄,スピルバーグ,ジャーメイン,アドマイヤムーン,栗毛,200327,,  ,    ,50.4
24,07,14,1,函館,12,08,１勝ｸﾗｽ,23,芝,0,1200,良,マンダリンボレロ  ,牡,4,水口優也,58.0,15,02,13,13,0,0.8,12,69.8,"1098",0,0,0,12,14,34.6,484,伊藤伸一,美,0,20101655,01133,01031,02241C0802,田頭勇貴,白瀬盛雄,スピルバーグ,ジャーメイン,アドマイヤムーン,栗毛,200327,,  ,    ,51.7
24,06,16,3,東京,6,07,１勝ｸﾗｽ,23,ダ,1,1400,良,マンダリンボレロ  ,牡,4,江田照男,58.0,16,09,8,8,0,1,12,85.2,"1252",0,0,0,12,9,36.3,494,伊藤伸一,美,0,20101655,00689,01031,0524360709,田頭勇貴,白瀬盛雄,スピルバーグ,ジャーメイン,アドマイヤムーン,栗毛,200327,,  ,    ,51.0
24,05,19,2,東京,10,06,１勝ｸﾗｽ,23,ダ,1,1600,良,マンダリンボレロ  ,牡,4,松岡正海,58.0,16,01,9,9,0,0.7,11,98.4,"1384",0,0,0,7,7,37.3,500,伊藤伸一,美,0,20101655,01085,01031,05242A0601,田頭勇貴,白瀬盛雄,スピルバーグ,ジャーメイン,アドマイヤムーン,栗毛,200327,,  ,    ,48.3
24,04,27,2,東京,3,07,１勝ｸﾗｽ,23,ダ,1,1600,稍,マンダリンボレロ  ,牡,4,松岡正海,58.0,12,01,6,6,0,1.6,9,98.7,"1387",0,0,0,1,1,38,498,伊藤伸一,美,0,20101655,01085,01031,0524230701,田頭勇貴,白瀬盛雄,スピルバーグ,ジャーメイン,アドマイヤムーン,栗毛,200327,,  ,    ,45.8
24,04,07,3,中山,6,12,１勝ｸﾗｽ,23,ダ,1,1800,重,マンダリンボレロ  ,牡,4,松岡正海,58.0,13,10,7,7,0,1.2,10,113.9,"1539",0,2,2,4,4,39,498,伊藤伸一,美,0,20101655,01085,01031,0624361210,田頭勇貴,白瀬盛雄,スピルバーグ,ジャーメイン,アドマイヤムーン,栗毛,200327,,  ,    ,46.0
24,03,16,2,中山,7,07,１勝ｸﾗｽ,23,ダ,1,1800,良,マンダリンボレロ  ,牡,4,松岡正海,58.0,15,14,15,15,0,4,9,118.2,"1582",0,10,6,6,8,42.5,508,伊藤伸一,美,0,20101655,01085,01031,0624270714,田頭勇貴,白瀬盛雄,スピルバーグ,ジャーメイン,アドマイヤムーン,栗毛,200327,,  ,    ,39.1
24,02,24,2,中山,1,08,１勝ｸﾗｽ,23,ダ,1,1800,稍,マンダリンボレロ  ,牡,4,江田照男,57.0,12,09,10,10,0,1.4,9,114.4,"1544",0,3,3,4,5,38.6,508,伊藤伸一,美,0,20101655,00689,01031,0624210809,田頭勇貴,白瀬盛雄,スピルバーグ,ジャーメイン,アドマイヤムーン,栗毛,200327,,  ,    ,48.2
23,07,22,2,福島,7,08,１勝ｸﾗｽ,23,ダ,1,1700,良,マンダリンボレロ  ,牡,3,松岡正海,55.0,15,14,8,8,0,1.7,5,107.9,"1479",0,4,7,5,4,39.6,476,伊藤伸一,美,0,20101655,01085,01031,0323270814,田頭勇貴,白瀬盛雄,スピルバーグ,ジャーメイン,アドマイヤムーン,栗毛,200327,,  ,    ,44.1
23,06,25,3,東京,8,06,未勝利,7,ダ,1,1600,良,マンダリンボレロ  ,牡,3,松岡正海,56.0,16,13,1,1,0,-0.1,1,98.5,"1385",0,0,0,2,2,38.4,496,伊藤伸一,美,550,20101655,01085,01031,0523380613,田頭勇貴,白瀬盛雄,スピルバーグ,ジャーメイン,アドマイヤムーン,栗毛,200327,,  ,    ,43.9
23,06,03,3,東京,1,03,未勝利,7,ダ,1,1600,不,マンダリンボレロ  ,牡,3,松岡正海,56.0,16,01,2,2,0,0.2,3,96.5,"1365",0,0,0,1,1,36.9,492,伊藤伸一,美,220,20101655,01085,01031,0523310301,田頭勇貴,白瀬盛雄,スピルバーグ,ジャーメイン,アドマイヤムーン,栗毛,200327,,  ,    ,46.9
23,05,14,2,東京,8,02,未勝利,7,ダ,1,1600,稍,マンダリンボレロ  ,牡,3,松岡正海,56.0,16,11,2,2,0,0,3,98,"1380",0,0,0,2,2,37.6,498,伊藤伸一,美,220,20101655,01085,01031,0523280211,田頭勇貴,白瀬盛雄,スピルバーグ,ジャーメイン,アドマイヤムーン,栗毛,200327,,  ,    ,46.4
23,04,23,1,福島,6,03,未勝利,7,ダ,1,1700,良,マンダリンボレロ  ,牡,3,松岡正海,56.0,15,07,3,3,0,0.1,5,107.7,"1477",0,13,13,4,4,38.1,490,伊藤伸一,美,140,20101655,01085,01031,0323160307,田頭勇貴,白瀬盛雄,スピルバーグ,ジャーメイン,アドマイヤムーン,栗毛,200327,,  ,    ,49.6
23,04,02,3,中山,4,01,未勝利,7,ダ,1,1800,良,マンダリンボレロ  ,牡,3,松岡正海,56.0,15,07,5,5,0,1,11,115.8,"1558",0,5,5,5,2,40,504,伊藤伸一,美,55,20101655,01085,01031,0623340107,田頭勇貴,白瀬盛雄,スピルバーグ,ジャーメイン,アドマイヤムーン,栗毛,200327,,  ,    ,44.8
23,03,11,2,中山,5,06,未勝利,7,ダ,1,1800,良,マンダリンボレロ  ,牡,3,松岡正海,56.0,16,12,5,5,0,2.1,3,115.8,"1558",0,8,7,7,5,39.6,508,伊藤伸一,美,55,20101655,01085,01031,0623250612,田頭勇貴,白瀬盛雄,スピルバーグ,ジャーメイン,アドマイヤムーン,栗毛,200327,,  ,    ,46.2
23,02,04,1,東京,3,03,未勝利,7,ダ,1,1600,良,マンダリンボレロ  ,牡,3,松岡正海,56.0,16,16,6,6,0,0.9,5,100.4,"1404",0,0,0,8,8,37.9,514,伊藤伸一,美,0,20101655,01085,01031,0523130316,田頭勇貴,白瀬盛雄,スピルバーグ,ジャーメイン,アドマイヤムーン,栗毛,200327,,  ,    ,48.9
22,08,27,3,新潟,5,01,未勝利*,7,芝,8,1600,良,マンダリンボレロ  ,牡,2,松岡正海,54.0,15,14,5,5,0,0.9,6,95.5,"1355",0,0,0,8,8,35.5,494,伊藤伸一,美,52,20101655,01085,01031,0422350114,田頭勇貴,白瀬盛雄,スピルバーグ,ジャーメイン,アドマイヤムーン,栗毛,200327,,  ,    ,51.4
22,08,07,2,新潟,4,02,未勝利*,7,芝,8,1600,良,マンダリンボレロ  ,牡,2,松岡正海,54.0,9,02,5,5,0,0.8,4,96.2,"1362",0,0,0,4,4,34.7,500,伊藤伸一,美,52,20101655,01085,01031,0422240202,田頭勇貴,白瀬盛雄,スピルバーグ,ジャーメイン,アドマイヤムーン,栗毛,200327,,  ,    ,56.3
22,07,17,2,福島,6,06,新馬,15,芝,0,1200,良,マンダリンボレロ  ,牡,2,木幡巧也,54.0,11,03,4,4,0,0.2,8,72,"1120",0,0,0,11,10,34.8,502,伊藤伸一,美,110,20101655,01162,01031,0322260603,田頭勇貴,白瀬盛雄,スピルバーグ,ジャーメイン,アドマイヤムーン,栗毛,200327,,  ,    ,56.9
26,07,04,1,函館,7,10,竜飛崎特･2勝,43,ダ,1,1700,良,メイショウタイピン,牡,4,池添謙一,58.0,14,11,4,4,0,0.4,9,105.9,"1459",0,4,5,4,4,38.7,500,飯田祐史,栗,240,22102828,01032,01139,0226171011,松本好隆,松栄牧場,モズアスコット,メイショウキラリ,マンハッタンカフェ,栗毛,220421,,  ,    ,44.7
26,06,14,1,函館,2,10,津軽海Ｈ･2勝,43,ダ,1,1700,良,メイショウタイピン,牡,4,池添謙一,55.0,12,08,5,5,0,0.9,2,105.1,"1451",0,3,4,5,4,38.1,502,飯田祐史,栗,158,22102828,01032,01139,0226121008,松本好隆,松栄牧場,モズアスコット,メイショウキラリ,マンハッタンカフェ,栗毛,220421,,  ,    ,45.9
26,05,17,2,東京,8,10,青梅特Ｈ･2勝,43,ダ,1,1600,良,メイショウタイピン,牡,4,大野拓弥,55.0,15,03,5,5,0,0.5,9,97.6,"1376",0,0,0,7,7,36.2,510,飯田祐史,栗,158,22102828,01096,01139,0526281003,松本好隆,松栄牧場,モズアスコット,メイショウキラリ,マンハッタンカフェ,栗毛,220421,,  ,    ,51.8
26,05,02,2,東京,3,12,２勝ｸﾗｽ,43,ダ,1,1600,稍,メイショウタイピン,牡,4,大野拓弥,58.0,14,11,5,5,0,0.6,7,97.3,"1373",0,0,0,9,11,35.9,508,飯田祐史,栗,119,22102828,01096,01139,0526231211,松本好隆,松栄牧場,モズアスコット,メイショウキラリ,マンハッタンカフェ,栗毛,220421,,  ,    ,52.6
26,01,18,1,京都,7,10,大津特別･2勝,43,ダ,1,1800,良,メイショウタイピン,牡,4,角田大和,57.0,16,04,9,9,0,0.7,8,114.3,"1543",0,6,6,6,6,37.5,514,飯田祐史,栗,0,22102828,01186,01139,0826171004,松本好隆,松栄牧場,モズアスコット,メイショウキラリ,マンハッタンカフェ,栗毛,220421,,  ,    ,52.4
25,12,21,5,阪神,6,08,２勝ｸﾗｽ,43,ダ,1,1800,重,メイショウタイピン,牡,3,池添謙一,57.0,15,10,14,14,0,3.2,7,113.6,"1536",0,3,5,4,4,40.3,504,飯田祐史,栗,0,22102828,01032,01139,0925560810,松本好隆,松栄牧場,モズアスコット,メイショウキラリ,マンハッタンカフェ,栗毛,220421,,  ,    ,40.9
25,11,15,3,福島,3,10,西郷特Ｈ･2勝,43,ダ,1,1700,良,メイショウタイピン,牡,3,川又賢治,54.0,15,07,11,11,0,1.7,8,107.6,"1476",0,8,10,4,7,38.4,504,飯田祐史,栗,0,22102828,01166,01139,0325331007,松本好隆,松栄牧場,モズアスコット,メイショウキラリ,マンハッタンカフェ,栗毛,220421,,  ,    ,48.3
25,08,10,1,札幌,6,08,１勝ｸﾗｽ,23,ダ,1,1700,稍,メイショウタイピン,牡,3,池添謙一,55.0,9,04,1,1,0,-0.2,1,106.2,"1462",0,3,3,2,2,37.1,502,飯田祐史,栗,800,22102828,01032,01139,0125160804,松本好隆,松栄牧場,モズアスコット,メイショウキラリ,マンハッタンカフェ,栗毛,220421,,  ,    ,51.6
25,07,19,1,函館,11,08,１勝ｸﾗｽ,23,ダ,1,1700,良,メイショウタイピン,牡,3,池添謙一,55.0,10,04,6,6,0,0.7,3,106.4,"1464",0,5,4,3,6,37.9,500,飯田祐史,栗,0,22102828,01032,01139,02251B0804,松本好隆,松栄牧場,モズアスコット,メイショウキラリ,マンハッタンカフェ,栗毛,220421,,  ,    ,48.6
25,07,05,1,函館,7,06,未勝利,7,ダ,1,1700,重,メイショウタイピン,牡,3,池添謙一,57.0,12,08,1,1,0,-0.5,1,104.6,"1446",0,2,2,2,2,37.4,502,飯田祐史,栗,560,22102828,01032,01139,0225170608,松本好隆,松栄牧場,モズアスコット,メイショウキラリ,マンハッタンカフェ,栗毛,220421,,  ,    ,48.0
25,06,21,1,函館,3,03,未勝利,7,ダ,1,1700,良,メイショウタイピン,牡,3,横山和生,57.0,13,09,2,2,0,0.9,1,107,"1470",0,10,10,4,4,39,502,飯田祐史,栗,220,22102828,01140,01139,0225130309,松本好隆,松栄牧場,モズアスコット,メイショウキラリ,マンハッタンカフェ,栗毛,220421,,  ,    ,45.1
25,05,10,1,新潟,3,02,未勝利,7,ダ,1,1800,稍,メイショウタイピン,牡,3,酒井学,57.0,15,12,2,2,0,0.7,3,116.3,"1563",0,8,6,7,7,38.4,498,飯田祐史,栗,220,22102828,01034,01139,0425130212,松本好隆,松栄牧場,モズアスコット,メイショウキラリ,マンハッタンカフェ,栗毛,220421,,  ,    ,51.4
25,04,20,2,阪神,8,03,未勝利,7,ダ,1,1800,良,メイショウタイピン,牡,3,池添謙一,57.0,16,13,4,4,0,0.5,4,116.6,"1566",0,5,7,8,7,38.5,490,飯田祐史,栗,84,22102828,01032,01139,0925280313,松本好隆,松栄牧場,モズアスコット,メイショウキラリ,マンハッタンカフェ,栗毛,220421,,  ,    ,51.4
25,03,30,2,阪神,2,03,未勝利,7,ダ,1,1800,良,メイショウタイピン,牡,3,池添謙一,57.0,9,04,3,3,0,0.5,5,116.1,"1561",0,9,9,7,7,38.3,488,飯田祐史,栗,140,22102828,01032,01139,0925220304,松本好隆,松栄牧場,モズアスコット,メイショウキラリ,マンハッタンカフェ,栗毛,220421,,  ,    ,51.6
25,03,16,2,中京,2,03,未勝利,7,ダ,1,1400,重,メイショウタイピン,牡,3,池添謙一,57.0,16,13,6,6,0,2.4,5,85.9,"1259",0,0,0,3,4,38.4,490,飯田祐史,栗,0,22102828,01032,01139,0725220313,松本好隆,松栄牧場,モズアスコット,メイショウキラリ,マンハッタンカフェ,栗毛,220421,,  ,    ,42.8
24,12,15,7,京都,6,02,未勝利*,7,ダ,1,1400,良,メイショウタイピン,牡,2,池添謙一,56.0,16,12,4,4,0,1.4,5,87.2,"1272",0,0,0,8,8,37.9,480,飯田祐史,栗,83,22102828,01032,01139,0824760212,松本好隆,松栄牧場,モズアスコット,メイショウキラリ,マンハッタンカフェ,栗毛,220421,,  ,    ,47.6
24,11,30,7,京都,1,02,未勝利*,7,ダ,1,1400,稍,メイショウタイピン,牡,2,角田大和,56.0,13,08,8,8,0,1.9,8,88.5,"1285",0,0,0,13,13,37.5,480,飯田祐史,栗,0,22102828,01186,01139,0824710208,松本好隆,松栄牧場,モズアスコット,メイショウキラリ,マンハッタンカフェ,栗毛,220421,,  ,    ,52.0
24,10,27,5,京都,8,02,未勝利*,7,ダ,1,1800,良,メイショウタイピン,牡,2,池添謙一,56.0,14,03,7,7,0,2.1,5,115.8,"1558",0,3,3,5,5,40.3,484,飯田祐史,栗,0,22102828,01032,01139,0824580203,松本好隆,松栄牧場,モズアスコット,メイショウキラリ,マンハッタンカフェ,栗毛,220421,,  ,    ,43.7
24,10,06,5,京都,2,03,新馬,15,ダ,1,1800,良,メイショウタイピン,牡,2,池添謙一,56.0,16,09,3,3,0,1.5,2,118,"1580",0,4,3,5,5,38.8,484,飯田祐史,栗,180,22102828,01032,01139,0824520309,松本好隆,松栄牧場,モズアスコット,メイショウキラリ,マンハッタンカフェ,栗毛,220421,,  ,    ,52.1
26,05,02,1,新潟,1,09,わらび賞･1勝,23,ダ,1,1800,重,タガノエルー      ,牡,3,小崎綾也,57.0,15,11,1,1,0,-0.2,1,113.2,"1532",0,6,5,5,5,39,460,宮徹,栗,1140,23104324,01152,01018,0426110911,八木良司,新冠タガノファーム,モズアスコット,タガノバトラ,フレンチデピュティ,栗毛,230412,,  ,    ,45.1
26,04,11,2,阪神,5,05,１勝ｸﾗｽ*,23,ダ,1,1800,重,タガノエルー      ,牡,3,菱田裕二,57.0,12,04,2,2,0,0,1,110,"1500",0,3,3,3,2,36.3,458,宮徹,栗,330,23104324,01144,01018,0926250504,八木良司,新冠タガノファーム,モズアスコット,タガノバトラ,フレンチデピュティ,栗毛,230412,,  ,    ,51.5
26,03,22,1,阪神,10,06,１勝ｸﾗｽ*,23,ダ,1,1800,良,タガノエルー      ,牡,3,菱田裕二,57.0,13,13,2,2,0,0.3,2,113.7,"1537",0,6,9,4,3,37.7,454,宮徹,栗,330,23104324,01144,01018,09261A0613,八木良司,新冠タガノファーム,モズアスコット,タガノバトラ,フレンチデピュティ,栗毛,230412,,  ,    ,50.8
26,01,31,2,京都,1,07,１勝ｸﾗｽ*,23,ダ,1,1800,良,タガノエルー      ,牡,3,池添謙一,57.0,11,10,4,4,0,0.2,3,113,"1530",0,6,6,7,5,36.5,462,宮徹,栗,120,23104324,01032,01018,0826210710,八木良司,新冠タガノファーム,モズアスコット,タガノバトラ,フレンチデピュティ,栗毛,230412,,  ,    ,54.8
26,01,04,1,京都,1,02,未勝利,7,ダ,1,1800,良,タガノエルー      ,牡,3,秋山稔樹,57.0,16,02,1,1,0,-0.1,9,113.5,"1535",0,9,9,5,4,37.3,460,宮徹,栗,590,23104324,01181,01018,0826110202,八木良司,新冠タガノファーム,モズアスコット,タガノバトラ,フレンチデピュティ,栗毛,230412,,  ,    ,52.1
25,11,16,4,京都,4,03,未勝利*,7,芝,0,1600,良,タガノエルー      ,牡,2,古川吉洋,56.0,15,04,9,9,0,1.9,14,95.8,"1358",0,0,0,13,13,36.1,460,宮徹,栗,0,23104324,01015,01018,0825440304,八木良司,新冠タガノファーム,モズアスコット,タガノバトラ,フレンチデピュティ,栗毛,230412,,  ,    ,49.2
25,11,02,3,京都,11,05,新馬,15,芝,0,1600,良,タガノエルー      ,牡,2,古川吉洋,56.0,15,14,10,10,0,1.4,13,97.3,"1373",0,0,0,8,10,35.6,458,宮徹,栗,0,23104324,01015,01018,08253B0514,八木良司,新冠タガノファーム,モズアスコット,タガノバトラ,フレンチデピュティ,栗毛,230412,,  ,    ,54.0
26,05,03,2,東京,4,12,２勝ｸﾗｽ,43,ダ,1,1300,稍,フォーワンセルフ  ,牡,7,原優介,58.0,13,08,12,12,0,1.5,12,78.9,"1189",0,0,0,12,11,36.8,528,小手川準,美,0,19102163,01184,01171,0526241208,アドバンス・サッポロ,碧雲牧場,パイロ,フォーミー,アドマイヤマックス,栗毛,190501,,  ,    ,48.1
26,04,18,3,中山,7,12,葛飾特別･2勝,43,ダ,1,1200,良,フォーワンセルフ  ,牡,7,柴田大知,58.0,13,03,8,8,0,1,11,71.8,"1118",0,0,0,11,11,35.4,524,小手川準,美,0,19102163,01009,01171,0626371203,アドバンス・サッポロ,碧雲牧場,パイロ,フォーミー,アドマイヤマックス,栗毛,190501,,  ,    ,52.8
26,03,29,1,中京,6,12,鈴鹿特別･2勝,43,ダ,1,1400,良,フォーワンセルフ  ,牡,7,丸田恭介,58.0,16,15,12,12,0,1,12,85.5,"1255",0,0,0,12,12,36.4,526,小手川準,美,0,19102163,01117,01171,0726161215,アドバンス・サッポロ,碧雲牧場,パイロ,フォーミー,アドマイヤマックス,栗毛,190501,,  ,    ,51.2
26,01,25,1,中山,9,08,２勝ｸﾗｽ,43,ダ,1,1200,良,フォーワンセルフ  ,牡,7,遠藤汰月,55.0,15,04,8,8,0,1.1,14,72.6,"1126",0,0,0,14,14,36.3,520,小手川準,美,0,19102163,01218,01171,0626190804,アドバンス・サッポロ,碧雲牧場,パイロ,フォーミー,アドマイヤマックス,栗毛,190501,,  ,    ,50.0
25,12,20,5,中京,5,10,ヤングジ･2勝,43,ダ,1,1400,稍,フォーワンセルフ  ,牡,6,松本一心,58.0,16,15,7,7,0,0.6,14,85.9,"1259",0,0,0,14,14,36.9,520,小手川準,美,0,19102163,05684,01171,0725551015,アドバンス・サッポロ,碧雲牧場,パイロ,フォーミー,アドマイヤマックス,栗毛,190501,,  ,    ,49.6
25,11,29,4,京都,7,09,栂尾特Ｈ･2勝,43,ダ,1,1800,良,フォーワンセルフ  ,牡,6,酒井学,51.0,13,12,10,10,0,0.5,12,113.8,"1538",0,12,12,13,13,36,516,小手川準,美,0,19102163,01034,01171,0825470912,アドバンス・サッポロ,碧雲牧場,パイロ,フォーミー,アドマイヤマックス,栗毛,190501,,  ,    ,58.1
25,11,15,5,東京,3,09,三浦特別･2勝,43,ダ,1,1600,良,フォーワンセルフ  ,牡,6,原優介,58.0,16,07,13,13,0,1.5,16,98.8,"1388",0,0,0,15,14,36.5,522,小手川準,美,0,19102163,01184,01171,0525530907,アドバンス・サッポロ,碧雲牧場,パイロ,フォーミー,アドマイヤマックス,栗毛,190501,,  ,    ,52.4
25,09,28,4,阪神,9,12,２勝ｸﾗｽ,43,ダ,1,2000,良,フォーワンセルフ  ,牡,6,古川吉洋,58.0,14,12,10,10,0,2.2,12,127.9,"2079",0,14,14,13,13,37.9,516,小手川準,美,0,19102163,01015,01171,0925491212,アドバンス・サッポロ,碧雲牧場,パイロ,フォーミー,アドマイヤマックス,栗毛,190501,,  ,    ,51.8
25,09,13,4,中山,3,09,松戸特Ｈ･2勝,43,ダ,1,2400,不,フォーワンセルフ  ,牡,6,木幡巧也,52.0,11,03,9,9,0,2.6,8,158.7,"2387",0,10,10,9,9,38.1,520,小手川準,美,0,19102163,01162,01171,0625430903,アドバンス・サッポロ,碧雲牧場,パイロ,フォーミー,アドマイヤマックス,栗毛,190501,,  ,    ,55.5
25,08,30,2,札幌,3,10,千歳特別･2勝,43,ダ,1,1700,重,フォーワンセルフ  ,牡,6,服部茂史,58.0,14,02,7,7,0,1.9,14,104.8,"1448",0,14,14,14,11,37,520,小手川準,美,0,19102163,05286,01171,0125231002,アドバンス・サッポロ,碧雲牧場,パイロ,フォーミー,アドマイヤマックス,栗毛,190501,,  ,    ,50.0
25,06,22,1,函館,4,10,檜山特別･2勝,43,ダ,1,1700,重,フォーワンセルフ  ,牡,6,古川吉洋,58.0,14,02,8,8,0,0.9,14,105.2,"1452",0,12,12,14,12,36.7,522,小手川準,美,0,19102163,01015,01171,0225141002,アドバンス・サッポロ,碧雲牧場,パイロ,フォーミー,アドマイヤマックス,栗毛,190501,,  ,    ,51.8
25,05,04,2,京都,4,09,須知特別･2勝,43,ダ,1,1900,良,フォーワンセルフ  ,牡,6,丹内祐次,58.0,10,02,9,9,0,3.6,9,123.1,"2031",0,8,8,9,8,39.6,518,小手川準,美,0,19102163,01091,01171,0825240902,アドバンス・サッポロ,碧雲牧場,パイロ,フォーミー,アドマイヤマックス,栗毛,190501,,  ,    ,47.3
25,04,19,1,福島,3,11,ラジオＨ･2勝,43,ダ,1,1700,良,フォーワンセルフ  ,牡,6,藤懸貴志,53.0,15,14,9,9,0,1,11,107.6,"1476",0,15,15,12,10,38.2,524,小手川準,美,0,19102163,01138,01171,0325131114,アドバンス・サッポロ,碧雲牧場,パイロ,フォーミー,アドマイヤマックス,栗毛,190501,,  ,    ,49.1
25,01,25,1,中京,8,10,刈谷特別･2勝,43,ダ,1,1800,良,フォーワンセルフ  ,牡,6,荻野琢真,58.0,13,10,8,8,0,1.2,11,114.7,"1547",0,13,13,12,12,37.4,526,小手川準,美,0,19102163,01112,01171,0725181010,アドバンス・サッポロ,碧雲牧場,パイロ,フォーミー,アドマイヤマックス,栗毛,190501,,  ,    ,53.3
25,01,06,1,中京,2,09,天竜川特･2勝,43,ダ,1,1800,良,フォーワンセルフ  ,牡,6,荻野琢真,58.0,16,02,8,8,0,1.1,16,113.9,"1539",0,16,16,15,15,37.6,530,小手川準,美,0,19102163,01112,01171,0725120902,アドバンス・サッポロ,碧雲牧場,パイロ,フォーミー,アドマイヤマックス,栗毛,190501,,  ,    ,51.5
24,12,07,7,京都,3,10,花見小Ｈ･2勝,43,ダ,1,1900,良,フォーワンセルフ  ,牡,5,荻野琢真,53.0,14,14,8,8,0,1.9,14,120.7,"2007",0,10,11,8,8,37.4,516,小手川準,美,0,19102163,01112,01171,0824731014,アドバンス・サッポロ,碧雲牧場,パイロ,フォーミー,アドマイヤマックス,栗毛,190501,,  ,    ,52.8
24,11,16,5,東京,5,09,南武特別･2勝,43,芝,0,2400,良,フォーワンセルフ  ,牡,5,野中悠太,58.0,11,11,11,11,0,3.6,10,150.6,"2306",0,6,8,10,10,37.4,530,小手川準,美,0,19102163,01158,01171,0524550911,アドバンス・サッポロ,碧雲牧場,パイロ,フォーミー,アドマイヤマックス,栗毛,190501,,  ,    ,50.9
24,11,02,5,東京,1,09,神奈川新･2勝,43,ダ,1,2100,重,フォーワンセルフ  ,牡,5,野中悠太,58.0,16,02,13,13,0,1.5,16,131.3,"2113",0,11,11,14,14,36.1,520,小手川準,美,0,19102163,01158,01171,0524510902,アドバンス・サッポロ,碧雲牧場,パイロ,フォーミー,アドマイヤマックス,栗毛,190501,,  ,    ,55.5
24,09,14,4,中山,3,09,松戸特別･2勝,43,ダ,1,2400,良,フォーワンセルフ  ,牡,5,原優介,58.0,16,01,8,8,0,1.8,13,158.7,"2387",0,15,15,8,5,39.4,518,小手川準,美,0,19102163,01184,01171,0624430901,アドバンス・サッポロ,碧雲牧場,パイロ,フォーミー,アドマイヤマックス,栗毛,190501,,  ,    ,50.9
24,08,25,2,札幌,6,10,WASJ第３･2勝,43,ダ,1,1700,良,フォーワンセルフ  ,牡,5,サンチア,58.0,14,05,11,11,0,2,12,108.6,"1486",0,5,3,5,10,39.8,518,小手川準,美,0,19102163,05664,01171,0124261005,アドバンス・サッポロ,碧雲牧場,パイロ,フォーミー,アドマイヤマックス,栗毛,190501,,  ,    ,44.3
24,03,30,3,中山,3,10,千葉日報･2勝,43,ダ,1,1800,重,フォーワンセルフ  ,牡,5,横山和生,58.0,15,03,13,13,0,1.4,14,112.6,"1526",0,14,14,14,14,37.3,542,小手川準,美,0,19102163,01140,01171,0624331003,アドバンス・サッポロ,碧雲牧場,パイロ,フォーミー,アドマイヤマックス,栗毛,190501,,  ,    ,50.9
24,01,06,1,中山,1,12,２勝ｸﾗｽ,43,ダ,1,1800,良,フォーワンセルフ  ,牡,5,原優介,57.0,16,16,12,12,0,1.2,13,114.6,"1546",0,11,11,5,5,39.6,536,小桧山悟,美,0,19102163,01184,01005,0624111216,アドバンス・サッポロ,碧雲牧場,パイロ,フォーミー,アドマイヤマックス,栗毛,190501,,  ,    ,44.7
23,11,18,3,京都,5,09,蹴上特別･2勝,43,ダ,1,1800,重,フォーワンセルフ  ,牡,4,吉田豊,58.0,16,13,15,15,0,2,12,114.3,"1543",0,15,15,11,10,38.8,524,小桧山悟,美,0,19102163,00733,01005,0823350913,アドバンス・サッポロ,碧雲牧場,パイロ,フォーミー,アドマイヤマックス,栗毛,190501,,  ,    ,47.3
23,10,22,4,東京,7,12,２勝ｸﾗｽ,43,ダ,1,1600,良,フォーワンセルフ  ,牡,4,原田和真,58.0,16,05,11,11,0,1.3,15,98.1,"1381",0,0,0,15,15,36.3,518,小桧山悟,美,0,19102163,01143,01005,0523471205,アドバンス・サッポロ,碧雲牧場,パイロ,フォーミー,アドマイヤマックス,栗毛,190501,,  ,    ,52.1
23,09,16,4,阪神,3,10,鳥取特別･2勝,43,ダ,1,1800,良,フォーワンセルフ  ,牡,4,武豊,58.0,16,01,14,14,0,2.3,7,115.7,"1557",0,16,16,14,12,40,508,小桧山悟,美,0,19102163,00666,01005,0923431001,アドバンス・サッポロ,碧雲牧場,パイロ,フォーミー,アドマイヤマックス,栗毛,190501,,  ,    ,44.6
23,08,27,2,札幌,6,10,WASJ第３･2勝,43,ダ,1,1700,重,フォーワンセルフ  ,牡,4,キング,58.0,14,10,8,8,0,2,5,106.2,"1462",0,12,11,10,10,37.9,526,小桧山悟,美,0,19102163,05643,01005,0123261010,アドバンス・サッポロ,碧雲牧場,パイロ,フォーミー,アドマイヤマックス,栗毛,190501,,  ,    ,48.3
23,08,05,1,札幌,5,10,桑園特Ｈ･2勝,43,ダ,1,1700,重,フォーワンセルフ  ,牡,4,武豊,56.0,14,06,13,13,0,0.8,3,105.2,"1452",0,12,12,12,12,36.1,526,小桧山悟,美,0,19102163,00666,01005,0123151006,アドバンス・サッポロ,碧雲牧場,パイロ,フォーミー,アドマイヤマックス,栗毛,190501,,  ,    ,54.4
23,07,22,1,札幌,1,12,１勝ｸﾗｽ,23,ダ,1,1700,良,フォーワンセルフ  ,牡,4,武豊,58.0,14,13,1,1,0,-0.3,2,106.3,"1463",0,12,12,12,4,37.6,528,小桧山悟,美,800,19102163,00666,01005,0123111213,アドバンス・サッポロ,碧雲牧場,パイロ,フォーミー,アドマイヤマックス,栗毛,190501,,  ,    ,49.7
23,04,16,3,中山,8,06,１勝ｸﾗｽ,23,ダ,1,1800,重,フォーワンセルフ  ,牡,4,横山和生,58.0,10,08,2,2,0,0,4,112.7,"1527",0,10,10,10,9,36.6,526,小桧山悟,美,320,19102163,01140,01005,0623380608,アドバンス・サッポロ,碧雲牧場,パイロ,フォーミー,アドマイヤマックス,栗毛,190501,,  ,    ,54.0
23,04,08,3,中山,5,08,１勝ｸﾗｽ,23,ダ,1,1800,稍,フォーワンセルフ  ,牡,4,横山和生,58.0,12,10,3,3,0,0.7,1,115.2,"1552",0,9,8,4,2,38.1,524,小桧山悟,美,200,19102163,01140,01005,0623350810,アドバンス・サッポロ,碧雲牧場,パイロ,フォーミー,アドマイヤマックス,栗毛,190501,,  ,    ,51.2
23,03,18,2,中山,7,07,１勝ｸﾗｽ,23,ダ,1,1800,重,フォーワンセルフ  ,牡,4,横山和生,58.0,15,15,3,3,0,0.2,2,113.3,"1533",0,6,6,4,6,36.9,526,小桧山悟,美,200,19102163,01140,01005,0623270715,アドバンス・サッポロ,碧雲牧場,パイロ,フォーミー,アドマイヤマックス,栗毛,190501,,  ,    ,53.5
22,12,25,5,中山,8,07,１勝ｸﾗｽ,23,ダ,1,1800,稍,フォーワンセルフ  ,牡,3,横山武史,56.0,16,14,4,4,0,0.3,1,115.4,"1554",0,8,8,8,6,39.3,522,小桧山悟,美,120,19102163,01170,01005,0622580714,アドバンス・サッポロ,碧雲牧場,パイロ,フォーミー,アドマイヤマックス,栗毛,190501,,  ,    ,46.8
22,12,10,5,中山,3,08,１勝ｸﾗｽ,23,ダ,1,1800,良,フォーワンセルフ  ,牡,3,横山和生,56.0,13,11,2,2,0,0.1,5,114.2,"1542",0,6,6,6,6,38.2,516,小桧山悟,美,310,19102163,01140,01005,0622530811,アドバンス・サッポロ,碧雲牧場,パイロ,フォーミー,アドマイヤマックス,栗毛,190501,,  ,    ,49.5
22,11,13,5,阪神,4,06,１勝ｸﾗｽ,23,ダ,1,1800,稍,フォーワンセルフ  ,牡,3,横山和生,55.0,12,07,5,5,0,1.8,5,113.4,"1534",0,12,12,3,2,38.1,504,小桧山悟,美,77,19102163,01140,01005,0922540607,アドバンス・サッポロ,碧雲牧場,パイロ,フォーミー,アドマイヤマックス,栗毛,190501,,  ,    ,48.8
22,10,22,4,東京,6,07,１勝ｸﾗｽ,23,ダ,1,1600,良,フォーワンセルフ  ,牡,3,横山和生,55.0,13,08,3,3,0,0.8,1,99,"1390",0,0,0,9,10,37.1,514,小桧山悟,美,190,19102163,01140,01005,0522460708,アドバンス・サッポロ,碧雲牧場,パイロ,フォーミー,アドマイヤマックス,栗毛,190501,,  ,    ,50.1
22,08,21,2,札幌,4,07,１勝ｸﾗｽ,23,ダ,1,1700,良,フォーワンセルフ  ,牡,3,原田和真,54.0,13,12,2,2,0,0.4,6,106.1,"1461",0,7,8,4,2,38.1,508,小桧山悟,美,310,19102163,01143,01005,0122240712,アドバンス・サッポロ,碧雲牧場,パイロ,フォーミー,アドマイヤマックス,栗毛,190501,,  ,    ,47.4
22,07,30,1,札幌,3,07,１勝ｸﾗｽ,23,ダ,1,1700,良,フォーワンセルフ  ,牡,3,横山和生,54.0,14,11,6,6,0,1.2,8,107,"1470",0,9,9,6,8,37.5,518,小桧山悟,美,0,19102163,01140,01005,0122130711,アドバンス・サッポロ,碧雲牧場,パイロ,フォーミー,アドマイヤマックス,栗毛,190501,,  ,    ,51.1
22,05,08,2,東京,6,02,未勝利,7,ダ,1,1600,良,フォーワンセルフ  ,牡,3,横山和生,56.0,16,06,1,1,0,-0.3,1,99.6,"1396",0,0,0,1,1,38,514,小桧山悟,美,520,19102163,01140,01005,0522260206,アドバンス・サッポロ,碧雲牧場,パイロ,フォーミー,アドマイヤマックス,栗毛,190501,,  ,    ,47.3
22,04,16,3,中山,7,04,未勝利,7,ダ,1,1800,重,フォーワンセルフ  ,牡,3,横山和生,56.0,13,03,2,2,0,0,2,113.8,"1538",0,2,1,1,1,38,510,小桧山悟,美,210,19102163,01140,01005,0622370403,アドバンス・サッポロ,碧雲牧場,パイロ,フォーミー,アドマイヤマックス,栗毛,190501,,  ,    ,49.7
22,03,20,2,中山,7,03,未勝利,7,ダ,1,1800,不,フォーワンセルフ  ,牡,3,横山和生,56.0,16,03,2,2,0,0.1,4,114.2,"1542",0,9,8,8,7,38.8,514,小桧山悟,美,210,19102163,01140,01005,0622270303,アドバンス・サッポロ,碧雲牧場,パイロ,フォーミー,アドマイヤマックス,栗毛,190501,,  ,    ,47.2
22,02,26,2,小倉,5,06,未勝利,7,芝,0,2000,良,フォーワンセルフ  ,牡,3,原田和真,56.0,12,06,4,4,0,0.8,9,122.9,"2029",0,8,8,7,4,36.9,512,小桧山悟,美,78,19102163,01143,01005,1022250606,アドバンス・サッポロ,碧雲牧場,パイロ,フォーミー,アドマイヤマックス,栗毛,190501,,  ,    ,49.9
22,02,12,1,東京,5,03,未勝利,7,ダ,1,1600,重,フォーワンセルフ  ,牡,3,武士沢友,56.0,16,02,7,7,0,0.8,7,98.5,"1385",0,0,0,13,12,35.9,516,小桧山悟,美,0,19102163,01029,01005,0522150302,アドバンス・サッポロ,碧雲牧場,パイロ,フォーミー,アドマイヤマックス,栗毛,190501,,  ,    ,54.6
21,12,05,5,中山,2,02,未勝利*,7,ダ,1,1800,良,フォーワンセルフ  ,牡,2,横山和生,55.0,16,04,6,6,0,1.2,7,116.6,"1566",0,15,15,14,13,39.2,508,小桧山悟,美,0,19102163,01140,01005,0621520204,アドバンス・サッポロ,碧雲牧場,パイロ,フォーミー,アドマイヤマックス,栗毛,190501,,  ,    ,48.7
21,11,14,2,福島,4,01,未勝利*,7,ダ,1,1700,良,フォーワンセルフ  ,牡,2,横山和生,55.0,15,01,6,6,0,0.9,5,110.2,"1502",0,14,15,2,3,39.4,500,小桧山悟,美,0,19102163,01140,01005,0321240101,アドバンス・サッポロ,碧雲牧場,パイロ,フォーミー,アドマイヤマックス,栗毛,190501,,  ,    ,48.0
21,10,23,5,新潟,5,02,未勝利*,7,ダ,1,1800,重,フォーワンセルフ  ,牡,2,横山和生,55.0,15,03,7,7,0,1.5,10,114.7,"1547",0,15,15,14,14,37.7,500,小桧山悟,美,0,19102163,01140,01005,0421550203,アドバンス・サッポロ,碧雲牧場,パイロ,フォーミー,アドマイヤマックス,栗毛,190501,,  ,    ,52.1
21,10,09,4,東京,1,04,新馬,15,ダ,1,1600,良,フォーワンセルフ  ,牡,2,野中悠太,55.0,16,15,8,8,0,3.3,8,102.3,"1423",0,0,0,10,9,40.2,502,小桧山悟,美,0,19102163,01158,01005,0521410415,アドバンス・サッポロ,碧雲牧場,パイロ,フォーミー,アドマイヤマックス,栗毛,190501,,  ,    ,42.7
26,06,06,3,阪神,1,10,加古川特･2勝,43,ダ,1,1800,良,プライベートアイズ,牡,4,鮫島克駿,58.0,12,09,2,2,0,0.3,4,113.1,"1531",0,1,1,1,1,37,494,小栗実,栗,630,22101572,01157,01194,0926311009,中水英紀,スマイルファーム,マジェスティックウォリアー,レッドシャンデル,ネオユニヴァース,鹿毛,220423,,  ,    ,52.8
26,05,16,2,東京,7,10,立川特別･2勝,43,ダ,1,1400,良,プライベートアイズ,牡,4,丸田恭介,58.0,12,01,11,11,0,2.3,7,86.2,"1262",0,0,0,8,8,37.2,492,萩原清,美,0,22101572,01117,01017,0526271001,中水英紀,スマイルファーム,マジェスティックウォリアー,レッドシャンデル,ネオユニヴァース,鹿毛,220423,,  ,    ,48.8
26,04,26,2,東京,2,12,２勝ｸﾗｽ,43,ダ,1,1400,稍,プライベートアイズ,牡,4,ディー,58.0,16,16,5,5,0,0.5,6,84.2,"1242",0,0,0,3,4,35.9,492,萩原清,美,119,22101572,05674,01017,0526221216,中水英紀,スマイルファーム,マジェスティックウォリアー,レッドシャンデル,ネオユニヴァース,鹿毛,220423,,  ,    ,50.9
26,02,14,1,東京,5,08,２勝ｸﾗｽ,43,ダ,1,1600,良,プライベートアイズ,牡,4,荻野極,58.0,16,13,4,4,0,0.4,8,97.7,"1377",0,0,0,4,4,36.9,494,萩原清,美,180,22101572,01160,01017,0526150813,中水英紀,スマイルファーム,マジェスティックウォリアー,レッドシャンデル,ネオユニヴァース,鹿毛,220423,,  ,    ,48.9
25,08,02,2,新潟,3,08,苗場特別･2勝,43,ダ,1,1800,良,プライベートアイズ,牡,3,荻野極,55.0,12,11,3,3,0,0.5,3,113.1,"1531",0,5,5,5,4,38.2,490,萩原清,美,390,22101572,01160,01017,0425230811,中水英紀,スマイルファーム,マジェスティックウォリアー,レッドシャンデル,ネオユニヴァース,鹿毛,220423,,  ,    ,48.0
25,07,12,2,福島,5,12,１勝ｸﾗｽ,23,ダ,1,1700,良,プライベートアイズ,牡,3,荻野極,55.0,15,11,1,1,0,-0.3,8,106.2,"1462",0,3,3,3,2,37.9,492,萩原清,美,800,22101572,01160,01017,0325251211,中水英紀,スマイルファーム,マジェスティックウォリアー,レッドシャンデル,ネオユニヴァース,鹿毛,220423,,  ,    ,48.3
25,05,04,2,東京,4,06,１勝ｸﾗｽ*,23,ダ,1,1400,稍,プライベートアイズ,牡,3,佐々木大,57.0,16,15,14,14,0,4.9,9,88.9,"1289",0,0,0,13,15,39.2,492,萩原清,美,0,22101572,01197,01017,0525240615,中水英紀,スマイルファーム,マジェスティックウォリアー,レッドシャンデル,ネオユニヴァース,鹿毛,220423,,  ,    ,45.1
25,02,23,1,東京,8,01,未勝利,7,ダ,1,1400,良,プライベートアイズ,牡,3,横山和生,57.0,16,11,1,1,0,0,2,86.4,"1264",0,0,0,7,5,37.3,488,萩原清,美,560,22101572,01140,01017,0525180111,中水英紀,スマイルファーム,マジェスティックウォリアー,レッドシャンデル,ネオユニヴァース,鹿毛,220423,,  ,    ,48.7
25,02,02,1,東京,2,03,未勝利,7,ダ,1,1600,稍,プライベートアイズ,牡,3,岩田望来,57.0,16,07,5,5,0,1.7,9,99.3,"1393",0,0,0,8,8,37.7,494,萩原清,美,56,22101572,01174,01017,0525120307,中水英紀,スマイルファーム,マジェスティックウォリアー,レッドシャンデル,ネオユニヴァース,鹿毛,220423,,  ,    ,48.0
24,07,20,1,札幌,1,05,新馬,15,ダ,1,1700,良,プライベートアイズ,牡,2,横山和生,55.0,14,11,10,10,0,5.2,4,110.9,"1509",0,6,4,5,8,41.8,496,昆貢,栗,0,22101572,01140,01044,0124110511,中水英紀,スマイルファーム,マジェスティックウォリアー,レッドシャンデル,ネオユニヴァース,鹿毛,220423,,  ,    ,40.2
