ÉåÅ[ÉXID,ãÊï™,åéì˙éûï™,ì™êî,ògòAï[êî,òg1-1,òg1-2,òg1-3,òg1-4,òg1-5,òg1-6,òg1-7,òg1-8,òg2-2,òg2-3,òg2-4,òg2-5,òg2-6,òg2-7,òg2-8,òg3-3,òg3-4,òg3-5,òg3-6,òg3-7,òg3-8,òg4-4,òg4-5,òg4-6,òg4-7,òg4-8,òg5-5,òg5-6,òg5-7,òg5-8,òg6-6,òg6-7,òg6-8,òg7-7,òg7-8,òg8-8
2026062702010501,1,06270939,16,      58314,  29.2,  55.5,  10.2,  15.5,   8.3,  50.6,  18.9,   4.0, 706.1, 137.3, 148.6, 104.8, 177.2, 150.6,  66.4, 344.9,  54.2,  28.9, 104.3,  38.5,  13.1, 269.0,  39.9, 103.8,  58.3,  18.5, 278.9,  90.7,  41.8,   8.5, 586.9, 135.3,  52.8, 525.5,  18.2,  15.5
2026062702010501,1,06270901,16,      27268,  32.6,  46.1,   9.7,  17.6,   8.4,  46.2,  21.4,   4.3, 459.4, 106.7, 112.4,  86.9, 142.7, 118.7,  61.6, 245.7,  51.4,  26.4,  99.6,  35.2,  12.6, 248.6,  38.2,  92.6,  59.3,  19.7, 264.1,  71.3,  46.9,   8.4, 440.2, 121.4,  45.7, 503.1,  18.9,  14.9
2026062702010501,1,06262058,16,       1955,  38.8,  22.6,  27.0,  17.4,  10.7,  44.5,  24.4,   5.1, 168.3,  50.5,  34.4,  25.6,  75.7,  50.5,  34.4,   0.0,  52.2,  34.4,  84.1,  75.7,  17.8, 757.5,  36.0,  84.1,  37.8,  15.9, 378.7,  52.2,  54.1,   8.2, 378.7,  72.1,  24.4, 757.5,  12.5,  16.6
2026062702010501,4,06270955,16,     111561,  33.4,  60.2,  10.1,  14.6,   8.0,  58.4,  18.2,   3.7, 982.4, 181.6, 177.9, 140.5, 255.7, 171.5,  60.6, 459.8,  46.6,  32.4, 143.6,  42.8,  13.2, 199.6,  41.0, 122.8,  61.7,  17.2, 355.8, 121.0,  47.0,   8.5, 765.1, 175.3,  58.6, 631.0,  17.0,  15.9
2026062702010502,1,06271009,12,      33813,   0.0,  61.3, 188.5, 189.8,  74.6,  74.0,  69.6,  78.6,   0.0, 150.6,  93.5,   8.1,  10.9,   7.0,  18.1,   0.0, 223.9,  77.5,  80.1,  95.2, 141.6,   0.0,  67.3,  67.0,  58.4, 112.4,  28.5,   8.1,   7.1,  15.2,  48.1,   7.7,  16.7,  61.2,  12.8,  90.3
2026062702010502,1,06270901,12,       9710,   0.0,  43.2, 183.5, 107.5,  76.7,  60.2,  57.0,  94.0,   0.0, 107.5,  69.0,   8.3,  11.7,   7.8,  21.3,   0.0, 121.3,  54.5,  54.5,  74.5, 134.3,   0.0,  61.6,  39.3,  38.3, 101.6,  28.7,   8.0,   6.5,  16.3,  46.7,   9.6,  19.0,  52.6,  13.9, 129.7
2026062702010502,1,06262053,12,        735,   0.0,  14.9, 189.8, 113.9,  37.9,  47.4,  51.7,  94.9,   0.0,  81.3,  18.3,  12.9,  14.9,   7.2,  43.8,   0.0, 142.4, 142.4, 189.8,  81.3, 189.8,   0.0,  71.2,  71.2,  18.3,  63.2,  63.2,  12.3,   3.7,  19.6, 113.9,  13.2,  33.5,  37.9,  14.9, 284.8
2026062702010502,4,06271026,12,      88990,   0.0,  85.1, 370.7, 289.7,  81.4,  88.4,  82.2,  99.0,   0.0, 201.0, 108.9,   7.3,  10.6,   6.8,  18.3,   0.0, 428.3, 113.4, 130.6, 111.0, 201.0,   0.0,  82.5,  91.2,  84.4, 130.8,  27.1,   7.6,   6.1,  15.4,  51.5,   7.2,  17.4,  74.5,  13.5,  91.8
2026062702010503,1,06271039,12,      21870,   0.0,  51.8,  78.1,  59.4,  50.5,  55.7,   3.8,  24.2,   0.0, 155.4, 111.5, 117.7, 100.2,  17.2, 100.2,   0.0, 143.6,  93.6, 102.7,  22.6,  93.6,   0.0, 113.7,  97.4,  12.3,  62.5, 434.5,  68.6,   9.3,  46.5, 206.6,   8.6,  46.8,  22.4,   3.7, 225.9
2026062702010503,1,06270857,12,       6448,   0.0,  39.0,  75.7,  60.9,  54.3,  43.8,   4.0,  26.5,   0.0, 116.2,  79.3,  92.5,  61.6,  19.1,  96.1,   0.0,  89.2,  60.9,  62.4,  23.1,  84.6,   0.0, 124.9,  71.3,  15.2,  39.9, 333.1,  50.9,  10.7,  45.4, 106.3,   8.4,  35.4,  26.0,   4.0, 208.2
2026062702010503,1,06262054,12,        495,   0.0,  12.7,  54.8,  47.9,  76.7,  25.5,   4.9,  25.5,   0.0,  95.9,  14.7, 191.8,  76.7,  27.4, 127.8,   0.0, 127.8,  95.9,  76.7,  31.9, 191.8,   0.0, 127.8, 127.8,  13.2,  42.6, 191.8,  25.5,  25.5,  38.3,  95.9,   8.9,  15.3,  63.9,   4.2, 191.8
2026062702010503,4,06271057,12,      76849,   0.0, 111.3, 134.1,  94.5,  69.4,  94.8,   2.8,  38.9,   0.0, 372.2, 246.1, 229.0, 232.6,  20.0, 166.3,   0.0, 321.9, 226.4, 216.5,  16.0, 147.7,   0.0, 199.1, 200.5,  14.4, 113.6, 804.8, 122.5,   8.7,  75.3, 509.0,   9.7,  80.2,  15.8,   3.2, 484.2
2026062702010504,1,06271109,16,      26172,  49.1,  20.8,  18.2,  15.4,  68.5,   7.5,  13.9,  40.7, 321.9,  32.9,  38.6,  94.7,  14.9,  25.2,  70.4, 307.3,  29.6,  95.2,  11.7,  23.3,  75.9, 116.5,  77.7,  10.8,  20.8,  52.6, 460.9,  45.4,  64.3,  72.9,  26.1,   7.7,  27.4, 142.8,  32.8, 266.8
2026062702010504,1,06270902,16,       7442,  37.9,  20.0,  21.6,  14.3,  54.9,   7.2,  16.6,  50.1, 230.7,  40.0,  32.9,  90.1,  15.0,  24.6,  75.8, 320.4,  31.5,  75.8,  13.0,  30.5,  91.5,  75.8,  81.2,   9.8,  21.4,  46.5, 360.4,  39.2,  55.9,  73.0,  22.6,   8.5,  25.4, 125.3,  29.1, 213.6
2026062702010504,1,06262054,16,        582,  45.1,  11.2,  16.7,  20.5,  50.1,   8.3,  13.6,  37.5, 150.3,  30.0,  13.6,  90.2,  23.7,  30.0,  90.2,   0.0,  64.4, 112.7,  19.6,  37.5,  90.2, 150.3,  56.3,  20.5,  17.3,  32.2,   0.0,  25.0,  64.4,  45.1,  28.1,   8.3,  16.1,   0.0,  20.5, 451.0
2026062702010504,4,06271127,16,      83644,  26.4,  19.2,  16.1,  11.0,  45.7,   7.8,  11.7,  27.7, 483.7,  35.4,  40.3, 153.6,  19.5,  26.6,  99.7, 397.6,  29.0, 117.2,  14.1,  23.2,  70.0,  84.4,  65.9,  12.7,  18.7,  41.0, 876.0,  46.2,  96.7, 109.3,  38.6,   7.7,  28.2, 185.2,  47.7, 327.3
2026062702010505,1,06271159,8,          0,   0.0,   0.0,   0.0,   0.0,   0.0,   0.0,   0.0,   0.0,   0.0,   0.0,   0.0,   0.0,   0.0,   0.0,   0.0,   0.0,   0.0,   0.0,   0.0,   0.0,   0.0,   0.0,   0.0,   0.0,   0.0,   0.0,   0.0,   0.0,   0.0,   0.0,   0.0,   0.0,   0.0,   0.0,   0.0,   0.0
2026062702010505,1,06270858,8,          0,   0.0,   0.0,   0.0,   0.0,   0.0,   0.0,   0.0,   0.0,   0.0,   0.0,   0.0,   0.0,   0.0,   0.0,   0.0,   0.0,   0.0,   0.0,   0.0,   0.0,   0.0,   0.0,   0.0,   0.0,   0.0,   0.0,   0.0,   0.0,   0.0,   0.0,   0.0,   0.0,   0.0,   0.0,   0.0,   0.0
2026062702010505,1,06262055,8,          0,   0.0,   0.0,   0.0,   0.0,   0.0,   0.0,   0.0,   0.0,   0.0,   0.0,   0.0,   0.0,   0.0,   0.0,   0.0,   0.0,   0.0,   0.0,   0.0,   0.0,   0.0,   0.0,   0.0,   0.0,   0.0,   0.0,   0.0,   0.0,   0.0,   0.0,   0.0,   0.0,   0.0,   0.0,   0.0,   0.0
2026062702010505,4,06271215,8,          0,   0.0,   0.0,   0.0,   0.0,   0.0,   0.0,   0.0,   0.0,   0.0,   0.0,   0.0,   0.0,   0.0,   0.0,   0.0,   0.0,   0.0,   0.0,   0.0,   0.0,   0.0,   0.0,   0.0,   0.0,   0.0,   0.0,   0.0,   0.0,   0.0,   0.0,   0.0,   0.0,   0.0,   0.0,   0.0,   0.0
2026062702010506,1,06271229,11,      23788,   0.0,  82.3,  24.3, 124.5,  41.1,  37.4,  52.8, 113.8,   0.0,  46.3, 126.2,  70.0,  46.7,  68.5, 137.5,   0.0,  20.8,   3.5,   6.5,  13.0,  28.4,   0.0,  13.3,  34.9,  47.6, 111.7,   0.0,   9.9,  14.7,  45.1,  39.0,  20.0,  35.6,  86.9,  38.2, 275.1
2026062702010506,1,06270903,11,       3539,   0.0,  31.1,  25.8,  78.3,  42.8,  40.3,  59.6,  94.5,   0.0,  34.7,  48.1,  54.8,  40.9,  39.7, 101.5,   0.0,  19.1,   3.8,   7.1,  16.6,  27.7,   0.0,  17.8,  35.1,  37.0,  72.1,   0.0,  11.0,  20.0,  32.2,  44.2,  22.6,  33.8, 210.9,  19.3, 210.9
2026062702010506,1,06262055,11,        343,   0.0,   8.5,  37.9,  66.4,  44.3,  88.6,  29.5,  53.1,   0.0,  37.9,  10.6,  88.6,  44.3,  44.3, 265.8,   0.0,  37.9,   8.5,  12.0,  16.6,  22.1,   0.0,  33.2,  53.1,  16.6,  88.6,   0.0,  10.6,  15.6,  33.2,  88.6,  13.9,  22.1, 265.8,  11.0, 265.8
2026062702010506,4,06271247,11,      79165,   0.0, 167.6,  29.4, 175.2,  15.2,  51.2,  71.7, 182.5,   0.0,  69.2, 262.1,  43.0,  90.3, 119.1, 254.5,   0.0,  24.0,   3.7,   8.2,  13.9,  30.6,   0.0,  15.9,  51.9,  70.9, 149.6,   0.0,   6.5,   7.0,  24.7,  62.6,  24.3,  50.9, 113.6,  56.5, 429.0
2026062702010507,1,06271259,11,      19204,   0.0,  56.1,  96.0,  41.2, 161.7,  42.1,  53.5,  24.7,   0.0,  97.2,  30.3, 130.5,  27.7,  35.6,  19.2,   0.0,  52.5,  95.4,  48.6,  67.9,  34.6,   0.0,  67.0,   8.1,  17.9,   5.4,   0.0,  64.1,  65.5,  34.0,  34.4,  17.2,   4.4,  83.1,   9.4,  50.6
2026062702010507,1,06270859,11,       3443,   0.0,  26.6,  98.8,  28.0, 111.1,  25.4,  59.2,  21.8,   0.0,  55.5,  28.0,  86.0,  22.4,  29.0,  22.8,   0.0,  38.6,  53.3,  34.6,  58.0,  36.0,   0.0,  65.0,  10.5,  18.9,   6.5,   0.0,  34.2,  50.3,  26.1,  44.4,  18.2,   5.9,  88.9,   9.0,  49.4
2026062702010507,1,06262055,11,        324,   0.0,   8.6,  50.2,  41.8,  62.7, 125.5,  35.8,  11.4,   0.0,  62.7,   9.6, 251.1,  27.9,  50.2,  41.8,   0.0,  83.7,  83.7,  31.3,  35.8,  35.8,   0.0,  62.7,  13.2,  13.9,  12.5,   0.0,  19.3,  83.7,  17.9, 251.1,  15.6,   9.3,   0.0,   8.1,  62.7
2026062702010507,4,06271317,11,      83181,   0.0,  97.8, 220.7,  21.8, 187.3,  60.4,  88.7,  39.7,   0.0, 193.0,  20.6, 154.2,  34.6,  51.9,  23.7,   0.0,  41.0, 223.8,  70.6, 111.9,  58.8,   0.0,  17.9,   6.1,   9.9,   5.3,   0.0,  47.3,  72.9,  50.0,  41.4,  20.3,   4.3, 158.7,  13.3, 109.0
2026062702010508,1,06271329,11,      23619,   0.0,  11.0,  42.2,  15.2, 136.6,   3.8,  21.4,   7.6,   0.0,  82.0,  38.8, 126.2,  16.6,  56.1,  22.4,   0.0, 107.0, 151.2,  49.4, 128.0,  59.6,   0.0, 273.2,  18.9,  64.4,  27.6,   0.0, 101.1, 135.5, 113.6,  20.7,  32.3,   6.5, 196.8,  27.6,  34.9
2026062702010508,1,06270904,11,       3346,   0.0,   8.7,  38.7,  18.7,  92.6,   6.3,  41.1,   9.2,   0.0,  43.2,  29.8,  72.0,  13.3,  34.1,  21.0,   0.0,  56.3,  54.0,  35.5,  86.4,  44.7,   0.0, 117.8,  19.3,  36.5,  24.9,   0.0,  48.0,  63.2,  45.4,  29.4,  31.6,   7.2, 199.4,  16.9,  48.0
2026062702010508,1,06262100,11,        348,   0.0,   5.8,  44.9,  19.2,  44.9,  12.8,  26.9,  14.9,   0.0,  67.4,   9.6, 134.8,  19.2,  44.9,  22.4,   0.0,  89.9,  89.9,  44.9,  89.9, 134.8,   0.0,  89.9,  14.9,  16.8,  15.8,   0.0,  22.4,  89.9,  38.5,  44.9,  24.5,   9.3,   0.0,  12.8, 269.7
2026062702010508,4,06271346,11,      94891,   0.0,  12.9,  52.1,  17.4, 223.5,   2.6,  32.6,   6.7,   0.0, 120.3,  49.0, 272.3,  17.5,  73.3,  21.1,   0.0, 143.6, 389.1,  50.9, 183.8,  64.7,   0.0, 459.6,  17.9, 110.0,  28.9,   0.0, 198.7, 282.8, 202.0,  22.3,  46.3,   6.8, 303.8,  37.8,  37.8
2026062702010509,1,06271359,9,      20011,   0.0,  65.9,  47.2,  19.0, 166.7,  38.2,  30.1,  27.3,   0.0,  89.6,  53.2, 176.2,  66.2,  58.5,  58.9,   0.0,  14.5, 108.4,  27.3,  23.7,  18.0,   0.0,  76.7,   8.8,   5.5,   6.3,   0.0,  86.1,  96.9,  68.6,   0.0,  14.9,  13.5,   0.0,   7.0,  44.8
2026062702010509,1,06270900,9,       3446,   0.0,  24.7,  53.4,  21.7,  98.9,  42.3,  37.6,  32.5,   0.0,  45.2,  35.6,  83.4,  44.5,  36.5,  41.7,   0.0,  17.2,  51.3,  26.1,  31.0,  21.0,   0.0,  58.0,  11.2,   5.8,   7.8,   0.0,  45.2,  56.8,  35.6,   0.0,  18.9,  13.8,   0.0,   6.9,  46.0
2026062702010509,1,06262056,9,        453,   0.0,  10.9,  50.1,  31.9,  87.7,  58.5,  39.0,  43.8,   0.0,  58.5,  13.5, 351.0,  58.5,  58.5,  87.7,   0.0,  12.1, 117.0,  16.7,  70.2,  21.9,   0.0,  70.2,  12.5,   8.3,   6.7,   0.0,  29.2, 117.0,  50.1,   0.0,  18.4,  14.0,   0.0,   6.3,  70.2
2026062702010509,4,06271415,9,      54495,   0.0, 102.2,  49.0,  21.4, 245.5,  46.1,  30.1,  25.9,   0.0, 160.5,  71.2, 383.9, 113.8,  78.7,  79.0,   0.0,  14.0, 215.4,  29.6,  16.3,  15.4,   0.0, 102.7,  11.1,   4.7,   4.6,   0.0, 163.0, 175.2, 115.0,   0.0,  16.3,  15.4,   0.0,   7.4,  50.0
2026062702010510,1,06271434,11,      45238,   0.0,  36.3,  11.7,   7.4, 100.7,  11.8,   7.8,  20.0,   0.0,  67.2,  44.1, 207.4,  53.1,  46.6,  90.8,   0.0,  13.5, 132.2,  21.5,  15.3,  41.4,   0.0, 113.0,  14.2,  10.1,  27.3,   0.0, 110.9,  86.9, 108.8,  52.4,  13.1,  30.1,  32.1,  19.1, 163.8
2026062702010510,1,06270905,11,       5416,   0.0,  22.2,  13.8,   8.6,  66.6,  16.9,  11.3,  23.9,   0.0,  35.5,  38.5,  91.2,  38.8,  33.8,  61.7,   0.0,  11.9,  60.8,  24.8,  15.9,  44.1,   0.0,  89.3,  17.8,  10.4,  27.4,   0.0,  59.9,  52.4,  57.4,  56.7,  15.7,  24.5,  29.5,  13.2, 119.9
2026062702010510,1,06262052,11,        460,   0.0,   7.7,  19.8,  12.2,  44.5,  27.4,  16.9,  23.7,   0.0,  44.5,  13.7, 178.2,  18.7,  39.6, 118.8,   0.0,  13.7, 118.8,  16.9,  17.8,  50.9,   0.0, 118.8,  16.2,  13.7,  50.9,   0.0,  27.4,  71.3,  44.5, 118.8,  10.4,  29.7,  59.4,  13.2,   0.0
2026062702010510,4,06271451,11,     105694,   0.0,  23.1,  12.4,   6.9, 132.3,  11.8,   7.9,  23.1,   0.0,  56.3,  32.6, 362.4,  57.8,  41.8,  95.4,   0.0,  13.6, 192.2,  21.6,  16.4,  48.1,   0.0, 156.6,  11.8,   9.4,  29.8,   0.0, 148.9, 109.9, 153.6,  58.0,  12.8,  32.4,  37.6,  23.4, 201.2
2026062702010511,1,06271509,14,     271145,   0.0, 109.3, 246.6, 166.1, 251.9, 183.5, 104.8, 131.8,   0.0,  22.7,  19.9,  34.2,  16.9,   6.3,   7.5, 357.3,  43.7,  69.8,  43.0,  21.2,  24.0, 211.6,  59.9,  34.6,  18.5,  23.5, 326.8,  49.3,  32.2,  34.5, 144.2,  15.4,  17.7,  22.9,   5.4,  27.4
2026062702010511,1,06270900,14,      30899,   0.0,  72.1, 158.5, 119.1, 161.8, 126.7,  92.8, 112.9,   0.0,  26.6,  23.5,  36.3,  16.6,   6.8,   7.1, 295.6,  50.2,  58.5,  45.0,  24.5,  26.3, 174.7,  48.9,  35.0,  18.8,  24.0, 197.9,  42.2,  30.2,  31.9, 108.8,  14.9,  16.8,  26.7,   5.6,  24.7
2026062702010511,1,06262053,14,       2050,   0.0,  29.4,  83.6,  79.4, 176.5, 132.3,  79.4,  79.4,   0.0,  23.7,  16.7,  23.7,  16.9,   7.6,  11.1, 397.1,  46.7,  54.7,  63.5,  33.8,  31.7,  79.4,  35.3,  26.4,  15.4,  21.7, 132.3,  27.3,  24.4,  34.5,  61.1,  18.9,  19.3,  39.7,   5.4,  56.7
2026062702010511,4,06271525,14,     442473,   0.0, 129.9, 297.6, 196.2, 290.6, 211.5, 127.1, 159.2,   0.0,  24.7,  19.1,  36.5,  18.5,   6.5,   7.8, 392.8,  43.4,  76.1,  46.5,  20.2,  26.3, 195.6,  59.5,  37.5,  14.4,  22.9, 317.8,  54.6,  25.7,  38.0, 141.4,  13.3,  19.7,  16.4,   5.6,  29.8
2026062702010512,1,06271554,10,      57774,   0.0,  16.1, 114.8,  30.5,  34.5, 208.2,  44.8,  24.4,   0.0,  38.3,   7.2,  11.3,  79.5,  13.1,   5.7,   0.0,  42.2,  57.2, 198.1,  64.7,  44.6,   0.0,  14.1, 103.6,  21.0,  10.9,   0.0,  95.6,  28.0,  14.8,   0.0,  76.4,  50.6,  70.7,  14.0,  23.6
2026062702010512,1,06270856,10,       4216,   0.0,  15.7,  90.7,  28.6,  41.3,  81.6,  49.5,  29.1,   0.0,  30.8,   9.0,  14.9,  35.9,  16.5,   6.7,   0.0,  38.4,  37.5, 102.1,  56.3,  37.1,   0.0,  17.4,  52.7,  21.2,  10.9,   0.0,  53.5,  29.9,  16.0,   0.0,  50.2,  34.0,  93.3,   9.3,  24.9
2026062702010512,1,06262053,10,        421,   0.0,   7.7,  81.5,  29.6,  46.6, 163.1,  32.6,  54.3,   0.0,  27.1,   6.9,  21.7,  27.1,  15.5,   7.9,   0.0,  54.3,  65.2, 108.7,  81.5, 326.2,   0.0,  19.1,  65.2,  17.1,  10.1,   0.0,  23.3,  32.6,  18.1,   0.0,  54.3,  54.3,   0.0,  11.2,  20.3
2026062702010512,4,06271612,10,     161624,   0.0,  15.0, 163.0,  35.9,  49.5, 357.8,  53.3,  28.6,   0.0,  24.6,   4.6,  11.0,  55.8,  15.2,   4.3,   0.0,  56.7,  90.7, 307.7,  92.4,  58.0,   0.0,  14.7, 176.1,  26.0,  11.4,   0.0, 194.1,  37.7,  18.2,   0.0, 126.9,  92.1, 107.2,  19.6,  35.5
2026062703020101,1,06270954,14,      54695,   0.0, 121.1,  32.9,  24.1,  93.7,  47.0,  56.9,  57.7,   0.0,  81.8,  68.8, 130.8,  93.7, 109.2, 118.0, 150.3,   6.0,  34.9,   8.3,  14.2,  16.5,  22.2,  25.3,   7.6,  10.2,  12.7, 269.9,  42.1,  45.6,  48.0, 181.1,  17.5,  19.0, 333.7,  23.7, 103.6
2026062703020101,1,06270901,14,      19857,   0.0,  94.4,  32.1,  22.2,  78.5,  53.2,  49.3,  64.1,   0.0,  87.9,  60.1, 129.3,  88.4,  85.9, 115.7, 123.1,   6.2,  36.1,   8.2,  12.7,  17.5,  22.7,  25.1,   7.7,  10.9,  13.6, 226.3,  42.9,  47.3,  45.1, 152.3,  17.0,  19.9, 327.4,  23.2, 123.1
2026062703020101,1,06262058,14,       1513,   0.0,  36.6,  18.0,  11.7, 146.5,  46.9,  50.9,  61.7,   0.0,  78.1,  29.3, 117.2,  68.9,  48.8, 167.5, 167.5,   8.0,  34.4,  16.5,  21.7,  13.7,  21.3,  19.8,   5.8,  16.2,  15.2, 586.2,  29.3,  40.4,  55.8, 106.5,  28.5,  24.4, 234.5,  17.5, 293.1
2026062703020101,4,06271013,14,     106049,   0.0, 162.4,  37.7,  27.0, 119.8,  51.0,  53.9,  66.6,   0.0,  93.7,  77.3, 177.1, 128.4, 136.9, 153.9, 178.6,   6.0,  39.8,   8.8,  12.3,  12.8,  23.2,  26.3,   7.4,  10.6,  10.0, 305.5,  48.1,  53.4,  54.8, 188.5,  16.9,  18.6, 384.0,  24.7,  93.6
2026062703020102,1,06271029,15,      45520,   0.0,  97.1, 195.9, 235.1, 284.5, 286.8, 251.9,  70.6, 224.7,  18.0,  30.9,  14.2,  31.6,  61.4,   3.3, 618.9,  79.9,  35.5,  62.8, 118.7,   9.3, 618.9,  59.4,  90.2, 114.1,  16.9, 113.0,  51.5,  99.9,   6.7, 367.4, 114.5,  15.9, 820.4,  25.8,   6.0
2026062703020102,1,06270901,15,      11753,   0.0,  56.9, 140.1, 123.0, 202.4, 216.8, 159.7,  77.8, 171.8,  18.5,  31.5,  15.8,  29.3,  46.4,   3.5, 479.3,  77.1,  33.9,  58.0,  78.5,   9.5, 535.7,  62.8,  74.0,  75.2,  18.1, 103.5,  50.6,  89.2,   7.1, 325.3,  94.8,  16.5, 455.4,  21.0,   6.4
2026062703020102,1,06262053,15,        859,   0.0,  21.4,  60.5, 166.4, 166.4, 332.8, 110.9,  44.3,  60.5,  20.1,  20.1,  11.2,  31.7,  41.6,   4.1, 665.7, 133.1,  30.2,  41.6,  83.2,  20.8, 665.7,  95.1,  73.9,  44.3,  25.6,  95.1,  22.9,  44.3,   8.7, 110.9,  36.9,  18.4, 332.8,  17.0,   8.1
2026062703020102,4,06271057,15,     138500,   0.0, 198.0, 412.8, 513.5, 424.2, 506.3, 635.1, 109.1, 357.7,  23.3,  36.6,  16.4,  41.1,  95.0,   3.1, 894.4,  97.4,  40.8,  88.4, 199.8,   8.6,1032.0,  79.6, 137.2, 228.8,  21.0, 120.1,  67.2, 163.1,   6.0, 528.7, 206.0,  18.2,1788.9,  37.9,   3.8
2026062703020103,1,06271104,15,      46937,   0.0,  36.4,  83.0,  95.4,  41.2,  45.8,  69.0,  63.1, 114.3,  30.9,  48.3,   9.5,   8.1,  21.0,  26.8, 273.5,  76.7,  20.2,  20.6,  45.5,  44.9, 551.1,  39.4,  37.7,  67.3,  64.9,  32.7,   5.2,  12.9,  17.2, 150.9,  12.3,  18.1, 295.7,  27.7, 134.2
2026062703020103,1,06270856,15,       8057,   0.0,  24.0,  66.4,  74.3,  48.7,  45.5,  60.6,  80.0, 122.4,  40.8,  36.5,  10.8,  10.2,  18.5,  26.5, 201.4,  61.8,  20.8,  22.3,  43.3,  46.5, 567.6,  39.2,  35.8,  44.6,  61.2,  33.0,   5.5,  14.4,  17.6,  89.2,  10.8,  19.2, 189.2,  20.2, 113.5
2026062703020103,1,06262053,15,        528,   0.0,  13.2,  22.7, 204.6,  68.2,  51.1,  58.4,  45.4, 136.4,  37.2,  12.7,  14.6,  13.6,  27.2,  27.2, 204.6,  51.1,  21.5,  22.7,  37.2,  34.1,   0.0,  31.4,  40.9,  29.2,  51.1,  68.2,   6.8,  18.6,  27.2, 102.3,  11.0,  18.6, 409.2,  14.1, 204.6
2026062703020103,4,06271122,15,     130903,   0.0,  47.1, 125.8, 151.8,  44.3,  34.9,  90.7,  83.6,  99.1,  36.9,  43.1,  10.4,   7.3,  22.9,  30.1, 363.6,  82.9,  25.9,  14.4,  57.4,  56.7, 818.1,  36.7,  16.3,  97.5,  89.8,  37.4,   5.2,  13.7,  17.8, 160.7,  11.9,  14.2, 404.1,  35.2, 154.8
2026062703020104,1,06271134,10,      34556,   0.0,  51.8, 107.1, 125.1, 232.8,  87.5,  34.6, 139.4,   0.0,  16.8,  29.7,  39.6,   9.4,   4.0,  38.7,   0.0,  72.5,  78.5,  24.8,  10.4,  73.3,   0.0,  72.9,  44.2,  16.0,  77.6,   0.0,  55.4,  21.1,  86.9,   0.0,   6.0,  43.1,  11.6,  16.3, 214.2
2026062703020104,1,06270902,10,       6275,   0.0,  28.9,  64.8,  74.8, 138.9,  72.5,  31.5, 103.4,   0.0,  16.4,  25.4,  43.0,  11.8,   4.6,  34.9,   0.0,  49.6,  50.6,  25.3,  10.9,  64.8,   0.0,  74.8,  34.2,  15.5,  66.6,   0.0,  41.2,  19.9,  55.2,   0.0,   7.1,  45.4,  13.3,  14.4, 147.3
2026062703020104,1,06262058,10,        531,   0.0,  12.8,  25.7,  82.3, 137.1,  68.5,  34.2,  68.5,   0.0,  24.2,  12.4,  51.4,  13.2,   8.5,  82.3,   0.0,  41.1,  41.1,  24.2,  13.2,  58.7,   0.0,  82.3,  37.4,  20.5,  68.5,   0.0,  16.4,  25.7, 137.1,   0.0,   8.9,  34.2,   7.2,  12.8, 411.5
2026062703020104,4,06271152,10,      91149,   0.0,  36.2, 129.8, 179.7, 183.9,  96.7,  31.1, 188.3,   0.0,  16.0,  28.8,  29.3,   9.1,   3.6,  34.3,   0.0,  70.5,  70.4,  24.6,   9.8,  83.4,   0.0,  91.2,  49.0,  19.2,  97.8,   0.0,  60.8,  21.0,  88.1,   0.0,   6.1,  51.6,  14.4,  20.9, 307.1
2026062703020105,1,06271219,11,      32217,   0.0,  81.3,  10.5,  49.4,  42.0,  14.0,  22.6,  73.0,   0.0,  76.1, 164.2, 179.6,  62.8,  76.3, 155.0,   0.0,  32.3,  24.0,   3.8,   6.6,  30.0,   0.0,  94.2,  32.4,  42.3, 137.9,   0.0,  24.7,  36.8,  80.5,  18.8,   6.5,  31.7,  79.7,  32.7, 189.1
2026062703020105,1,06270857,11,       4975,   0.0,  38.1,  10.6,  58.4,  87.6,  17.5,  27.9,  60.2,   0.0,  51.4,  62.1,  91.8,  39.7,  41.9,  98.8,   0.0,  27.3,  26.4,   4.4,   6.7,  31.3,   0.0, 124.3,  34.1,  33.5,  82.0,   0.0,  26.2,  41.0,  53.5,  19.1,   8.1,  26.0, 137.7,  17.6, 124.3
2026062703020105,1,06262054,11,        436,   0.0,  11.2,  11.2, 112.6,  84.4,  19.8,  33.7,  48.2,   0.0,  28.1,  12.5,  84.4,  48.2,  48.2,  84.4,   0.0,  28.1,  25.9,   6.3,  10.9,  48.2,   0.0,  84.4,  42.2,  24.1,  67.5,   0.0,  12.5,  33.7, 112.6,  37.5,   8.4,  24.1,   0.0,  15.3, 168.9
2026062703020105,4,06271236,11,      82939,   0.0, 154.5,   9.9,  75.7,  61.2,  14.8,  22.0, 104.0,   0.0, 116.0, 319.7, 327.9, 104.8, 126.2, 267.8,   0.0,  32.1,  26.3,   3.9,   3.7,  40.8,   0.0, 121.2,  38.1,  54.8, 195.3,   0.0,  28.8,  39.1, 131.1,  22.0,   7.0,  41.6,  74.2,  47.0, 294.8
2026062703020106,1,06271250,10,      27144,   0.0,  36.5, 102.1,  88.0,  62.2, 221.4,  67.4,  23.4,   0.0,  51.8,  29.5,  10.0,  91.8,  18.9,   4.7,   0.0,  89.5,  50.8, 129.0,  49.6,  23.1,   0.0,  34.5, 106.7,  45.5,  14.4,   0.0,  96.4,  20.5,   4.5,   0.0,  98.3,  53.5, 102.1,   7.9,  16.4
2026062703020106,1,06270903,10,       4429,   0.0,  25.2,  59.1,  66.0,  73.0, 107.2,  60.2,  27.2,   0.0,  39.0,  33.0,  12.4,  45.1,  16.6,   6.3,   0.0,  52.8,  41.8,  74.6,  36.5,  24.5,   0.0,  42.3,  66.0,  34.3,  18.8,   0.0,  39.0,  21.5,   4.8,   0.0,  52.0,  37.7,  78.0,   6.8,  25.0
2026062703020106,1,06262054,10,        423,   0.0,  10.5,  23.4,  81.9,  81.9, 109.2,  40.9,  19.2,   0.0,  23.4,  12.1,  13.6,  54.6,  16.3,  11.3,   0.0,  54.6,  27.3,  46.8,  25.2,  32.7,   0.0,  36.4,  65.5,  25.2,  25.2,   0.0,  15.6,  27.3,   8.6,   0.0,  29.8,  27.3,   0.0,   9.3,  65.5
2026062703020106,4,06271306,10,      66268,   0.0,  56.4, 161.5, 133.0,  86.7, 340.1,  92.5,  25.2,   0.0,  57.4,  28.1,  13.0, 141.8,  21.3,   3.0,   0.0, 121.4,  70.8, 232.3,  76.3,  26.3,   0.0,  41.7, 202.1,  59.9,  11.8,   0.0, 175.8,  26.5,   4.2,   0.0, 165.6,  75.0, 127.1,   8.3,  21.1
2026062703020107,1,06271319,16,      37357,  95.5,  10.5,   7.4,  20.0,  78.4,  69.2,  35.0,  74.2,  66.7,   3.1,  13.7,  57.3,  45.3,  23.8,  60.8,  64.1,   8.8,  36.6,  31.8,  16.3,  31.6, 275.7, 113.5,  79.1,  33.9,  82.0, 615.9, 109.6,  99.8, 107.2, 445.4,  70.7,  91.9, 233.4,  52.7, 206.7
2026062703020107,1,06270858,16,       5019, 105.1,   9.9,   8.4,  22.2,  92.6,  48.6,  35.0,  60.7,  58.0,   4.2,  16.0,  58.9,  31.8,  23.8,  62.7,  77.7,   9.6,  27.9,  29.0,  17.6,  38.5, 259.3,  81.0,  51.8,  31.6,  63.7, 228.8,  43.7,  69.4,  57.2, 169.1,  36.0,  51.8, 162.0,  22.4, 176.8
2026062703020107,1,06262055,16,        444,  86.0,   8.1,  12.7,  49.1, 114.7, 172.0,  38.2,  43.0,  68.8,   5.9,   7.8,  57.3,  34.4,  24.5,  43.0,  86.0,  14.3,  20.2,  22.9,  19.1,  49.1, 344.1, 114.7,  43.0,  22.9,  57.3,   0.0,  16.3,  43.0, 114.7, 114.7,  22.9,  38.2, 344.1,  19.1, 344.1
2026062703020107,4,06271337,16,      99136, 122.5,   8.6,   7.4,  16.1, 104.1,  90.1,  44.4, 105.5,  54.5,   2.6,  12.5,  61.0,  39.4,  26.7,  43.4,  83.5,   9.1,  46.3,  36.8,  19.7,  40.6, 396.0, 150.9, 112.4,  51.2, 118.9,1052.4, 189.2, 135.7, 186.9, 745.9, 106.5, 157.4, 306.0,  88.9, 394.0
2026062703020108,1,06271350,16,      62425,  37.1,  60.7,  42.7,  22.5,  15.9,   8.1,   4.0,  79.3,1179.9, 186.7, 161.8, 140.6,  78.4,  46.5, 206.7, 498.7, 128.3,  85.4,  64.5,  29.7, 182.5, 396.5,  65.5,  37.1,  17.8, 208.5, 300.4,  21.6,  11.0, 123.7,  45.3,   5.2, 103.3,   9.9,  45.1, 488.6
2026062703020108,1,06270904,16,       5852,  37.4,  27.6,  30.8,  23.1,  15.5,   9.6,   5.4,  68.7, 566.9,  64.7,  76.8,  83.9,  52.7,  29.0, 133.3, 238.7,  62.1,  51.5,  58.1,  29.4, 110.6, 181.4,  53.3,  41.2,  21.0,  96.4, 141.7,  17.2,  12.6,  57.4,  55.3,   6.4,  62.9,  13.6,  20.9, 206.1
2026062703020108,1,06262055,16,        582,  75.1,  13.6,  18.7,  26.5,  16.1,  11.0,   9.0,  41.0, 225.5,  45.1,  17.3,  90.2,  45.1,  19.6, 112.7, 451.0,  64.4,  45.1,  32.2,  34.6, 150.3,   0.0,  75.1,  56.3,  20.5, 112.7,   0.0,  11.0,  16.1, 150.3,  37.5,   6.8,  37.5,  22.5,  20.5,   0.0
2026062703020108,4,06271409,16,     176433,  40.7,  63.6,  42.1,  22.6,  15.2,   6.3,   4.1,  98.7,1730.8, 130.5, 240.7, 216.3,  52.1,  63.0, 320.2, 813.9, 159.1, 115.4,  53.6,  32.7, 281.3, 411.8,  72.0,  37.8,  18.2, 266.0, 370.5,  23.8,  11.8, 186.2,  37.7,   5.1, 126.3,   9.6,  66.4, 755.4
2026062703020109,1,06271424,16,      83015, 549.8,  63.3,  15.1,  52.0,  49.7,  72.2,  73.0,  36.6, 527.3,  15.7,  54.1,  52.5,  97.1,  59.8,  41.4,  25.3,   7.6,   8.5,  15.7,  13.2,   4.8, 234.8,  28.6,  69.0,  42.9,  19.5, 248.4,  49.4,  35.1,  19.0, 612.7,  62.3,  38.6, 200.4,  26.4, 112.4
2026062703020109,1,06270859,16,       7572, 391.2,  33.3,  17.0,  50.1,  54.3,  82.6,  74.2,  29.7, 366.7,  14.3,  37.1,  39.3,  65.9,  42.8,  37.1,  33.3,   8.7,   9.2,  17.6,  15.5,   6.2, 195.6,  31.3,  51.9,  33.3,  22.7, 167.6,  37.8,  30.4,  16.4, 391.2,  55.3,  27.4, 150.4,  20.4, 110.7
2026062703020109,1,06262056,16,        700, 135.6,  15.0,  12.9,  31.9,  77.5, 135.6,  41.7,  24.6, 271.2,  17.5,  16.9,  49.3,  67.8,  54.2,  41.7,  30.1,  13.5,   9.3,  15.0,  10.6,  11.7, 542.5,  60.2,  45.2,  20.0,  19.3, 180.8,  22.6,  36.1,  36.1, 135.6,  33.9,  38.7, 271.2,  20.8, 180.8
2026062703020109,4,06271441,16,     178450, 702.0,  74.7,  16.2,  55.1,  54.2,  89.2,  82.0,  38.6, 637.3,  16.8,  59.3,  59.5, 107.2,  67.7,  41.4,  28.2,   5.8,   9.0,  17.2,  15.0,   4.3, 236.8,  30.1,  72.1,  48.0,  19.2, 276.0,  55.6,  37.8,  19.4, 674.6,  69.2,  40.6, 215.0,  28.6, 115.5
2026062703020110,1,06271459,11,      68909,   0.0,  11.2,  13.3, 105.9,  94.5,  16.7,   5.8,  40.7,   0.0,  16.6, 147.1, 101.9,  18.3,   6.7,  51.7,   0.0, 131.5, 108.7,  16.3,   7.6,  64.4,   0.0, 290.2, 118.6,  56.3, 165.8,   0.0,  89.6,  44.6, 125.9,  92.8,   7.2,  42.8,  53.3,  17.6, 257.9
2026062703020110,1,06270904,11,       6588,   0.0,  10.2,  14.7,  79.7, 113.4,  21.3,   6.6,  56.1,   0.0,  13.5,  58.6,  68.0,  18.9,   5.9,  52.0,   0.0,  77.3,  72.9,  18.6,   9.1,  66.3,   0.0, 189.1,  75.0,  45.9,  69.9,   0.0,  53.1,  43.6,  68.0,  89.5,   9.4,  41.5,  58.6,  15.3, 189.1
2026062703020110,1,06262056,11,        612,   0.0,   5.6,  11.0, 158.1,  79.0,  47.4,   7.9,  29.6,   0.0,  16.9,  17.5,  59.2,  36.4,   8.3,  59.2,   0.0,  43.1,  43.1,  18.9,  12.4,  43.1,   0.0, 237.1,  79.0,  39.5,  39.5,   0.0,  18.9,  52.7, 237.1,  59.2,  12.1,  47.4,   0.0,  17.5, 474.3
2026062703020110,4,06271516,11,     137960,   0.0,  12.9,  11.8, 157.9,  96.6,  14.8,   5.1,  47.3,   0.0,  17.7, 212.5, 130.0,  19.9,   7.5,  58.9,   0.0, 188.2, 103.4,  13.4,   7.1,  68.4,   0.0, 403.4, 164.2,  77.4, 252.1,   0.0, 103.3,  54.4, 164.2,  93.3,   6.4,  50.8,  52.3,  19.6, 343.7
2026062703020111,1,06271534,9,     158145,   0.0,  87.1,  48.5,  20.5, 101.2, 241.2,  50.4,  43.9,   0.0,  44.3,  19.3,  71.2, 177.8,  40.1,  33.1,   0.0,   6.2,  35.1, 123.4,  15.0,  12.4,   0.0,  15.2,  61.9,   5.7,   5.0,   0.0, 144.0,  36.2,  28.9,   0.0,  99.7,  80.8,   0.0,  10.0,  53.6
2026062703020111,1,06270900,9,      15698,   0.0,  49.6,  43.4,  29.8,  85.6, 168.9,  55.5,  34.3,   0.0,  41.6,  21.6,  61.4,  83.9,  36.7,  26.7,   0.0,   7.9,  28.3,  99.7,  15.5,  12.6,   0.0,  16.2,  59.3,   7.3,   4.8,   0.0,  78.9,  36.7,  24.7,   0.0,  60.2,  65.4,   0.0,   8.6,  47.7
2026062703020111,1,06262100,9,       1215,   0.0,  18.1,  31.3,  32.4,  85.6, 470.8,  44.8,  36.2,   0.0,  37.6,  11.9,  37.6,  44.8,  19.6,  14.0,   0.0,  11.9,  62.7,  78.4,  27.6,  15.9,   0.0,  13.8,  62.7,   7.4,   6.4,   0.0,  34.8,  37.6,  27.6,   0.0,  34.8,  36.2,   0.0,  12.2, 104.6
2026062703020111,4,06271551,9,     267384,   0.0, 111.1,  55.7,  15.3,  88.2, 326.8,  67.2,  51.5,   0.0,  55.6,  16.1,  86.5, 238.1,  52.8,  40.0,   0.0,   5.8,  35.8, 173.5,  17.9,  15.0,   0.0,  10.9,  69.6,   5.3,   4.7,   0.0, 201.3,  45.1,  30.3,   0.0, 138.7, 109.7,   0.0,  11.3,  62.0
2026062703020112,1,06271619,16,     152845, 415.6,  48.6,  43.3, 121.1,  47.3,  47.1,  82.4,  18.9, 268.6,  40.2,  86.0,  39.6,  30.5,  59.1,  15.6, 124.4,  78.1,  26.2,  18.5,  39.0,  10.4, 676.8,  88.9,  56.4,  95.9,  33.5, 231.8,  13.7,  29.6,   6.7,  53.4,  22.6,   5.5, 217.3,   9.4,  30.7
2026062703020112,1,06270905,16,       7510, 447.7,  32.8,  34.4,  86.8,  45.4,  50.1,  50.1,  23.4, 264.5,  33.8,  50.1,  32.3,  29.5,  33.4,  18.1, 129.3,  53.8,  31.8,  21.3,  33.2,  12.3, 485.0,  85.5,  53.3,  47.3,  29.2, 126.5,  16.6,  26.4,   7.5,  57.6,  20.0,   7.8, 132.2,   7.3,  31.4
2026062703020112,1,06262057,16,        683, 264.6,  10.8,  27.8,  75.6,  35.2,  44.1,  52.9,  20.3,  88.2,  20.3,  14.3,  24.0,  27.8,  27.8,  17.0, 132.3,  52.9,  27.8,  22.0,  27.8,  16.5,   0.0,  58.8,  44.1,  31.1,  44.1, 132.3,  14.3,  35.2,  14.7,  66.1,  20.3,  10.5, 529.3,  13.2,  66.1
2026062703020112,4,06271635,16,     336626, 565.9,  58.0,  50.2, 115.3,  49.7,  42.7,  99.3,  18.4, 296.7,  44.8,  68.1,  37.0,  25.2,  75.1,  16.4, 146.6,  66.2,  28.0,  19.4,  48.6,  10.8, 575.9,  48.9,  29.5, 126.0,  26.6, 240.0,  13.1,  32.7,   6.2,  43.2,  25.1,   5.6, 309.4,  11.0,  36.8
2026062710020101,1,06270944,6,          0,   0.0,   0.0,   0.0,   0.0,   0.0,   0.0,   0.0,   0.0,   0.0,   0.0,   0.0,   0.0,   0.0,   0.0,   0.0,   0.0,   0.0,   0.0,   0.0,   0.0,   0.0,   0.0,   0.0,   0.0,   0.0,   0.0,   0.0,   0.0,   0.0,   0.0,   0.0,   0.0,   0.0,   0.0,   0.0,   0.0
2026062710020101,1,06270901,6,          0,   0.0,   0.0,   0.0,   0.0,   0.0,   0.0,   0.0,   0.0,   0.0,   0.0,   0.0,   0.0,   0.0,   0.0,   0.0,   0.0,   0.0,   0.0,   0.0,   0.0,   0.0,   0.0,   0.0,   0.0,   0.0,   0.0,   0.0,   0.0,   0.0,   0.0,   0.0,   0.0,   0.0,   0.0,   0.0,   0.0
2026062710020101,1,06262057,6,          0,   0.0,   0.0,   0.0,   0.0,   0.0,   0.0,   0.0,   0.0,   0.0,   0.0,   0.0,   0.0,   0.0,   0.0,   0.0,   0.0,   0.0,   0.0,   0.0,   0.0,   0.0,   0.0,   0.0,   0.0,   0.0,   0.0,   0.0,   0.0,   0.0,   0.0,   0.0,   0.0,   0.0,   0.0,   0.0,   0.0
2026062710020101,4,06271001,6,          0,   0.0,   0.0,   0.0,   0.0,   0.0,   0.0,   0.0,   0.0,   0.0,   0.0,   0.0,   0.0,   0.0,   0.0,   0.0,   0.0,   0.0,   0.0,   0.0,   0.0,   0.0,   0.0,   0.0,   0.0,   0.0,   0.0,   0.0,   0.0,   0.0,   0.0,   0.0,   0.0,   0.0,   0.0,   0.0,   0.0
2026062710020102,1,06271019,14,      36112,   0.0, 119.0,  70.3,  47.5,  29.2,  24.7,  89.1,  42.4,   0.0, 201.3, 135.2, 121.6,  86.1, 126.0, 133.2, 451.4,  32.5,  22.1,  16.8,  79.9,  29.8, 271.7,  10.0,   7.5,  44.6,  13.5,  29.8,   5.8,  39.1,   8.2,  70.3,  29.0,   7.5, 310.9,  32.8, 132.0
2026062710020102,1,06270901,14,       9627,   0.0,  59.2,  69.0,  39.4,  26.4,  26.8,  62.1,  35.1,   0.0, 133.2,  82.8, 106.5,  66.0,  63.2, 118.4, 497.3,  33.6,  22.0,  18.4,  74.6,  31.7, 355.2,  11.3,   9.8,  38.4,  17.3,  32.0,   5.3,  32.5,   8.9,  83.8,  28.0,   7.4, 276.3,  25.9,  99.4
2026062710020102,1,06262057,14,        678,   0.0,  15.4,  40.4,  32.8,  30.9,  35.0,  47.7,  29.1,   0.0, 105.0,  15.9,  87.5,  47.7,  29.1, 175.1,   0.0,  20.2,  32.8,  29.1,  87.5,  43.7, 525.4,  10.9,  10.9,  18.1,  18.1,  75.0,   7.1,  25.0,  16.9, 105.0,  18.1,  13.4, 525.4,  15.9, 105.0
2026062710020102,4,06271036,14,      88479,   0.0, 224.0,  74.2,  48.5,  30.5,  30.3, 121.1,  33.0,   0.0, 279.8, 230.1, 179.5, 147.4, 253.9, 206.5, 368.6,  36.1,  20.1,  16.7,  94.8,  19.6, 355.2,  10.0,   8.3,  59.2,  13.3,  34.4,   5.9,  47.7,   8.0,  92.2,  36.3,   5.2, 591.1,  40.3, 122.2
2026062710020103,1,06271049,16,      35189,  95.0,  33.4,  90.9,  14.3,  31.4, 118.0,  28.6,  11.7, 237.1, 143.5,  16.4,  38.3, 104.4,  47.1,  18.7,1010.0,  73.1, 114.5, 165.2, 131.7,  64.3,  23.0,  10.9,  54.7,  13.8,   4.5, 303.0, 105.2,  30.6,   8.0, 634.2,  90.0,  48.8, 190.7,   9.1,  78.1
2026062710020103,1,06270857,16,       8355,  79.9,  29.2,  73.5,  15.7,  35.0,  87.5,  24.6,  12.1, 249.0,  86.3,  16.8,  33.0,  62.8,  39.4,  19.8, 539.5,  68.1,  71.9,  78.0,  92.5,  62.2,  26.0,  12.0,  47.6,  15.6,   5.0, 231.2,  62.8,  30.3,   9.2, 281.5,  64.1,  39.4, 161.8,   9.1,  93.8
2026062710020103,1,06262054,16,        559,  61.8,  11.7,  24.0,  24.0,  48.1, 144.4,  18.8,  14.4, 108.3,  61.8,  10.5,  30.9,  54.1,  43.3,  27.0, 433.2,  54.1,  72.2,  61.8,  30.9,  54.1,  39.3,  15.4,  39.3,  17.3,   7.4, 144.4,  22.8,  61.8,  13.1, 216.6,  39.3,  22.8, 216.6,  11.1, 216.6
2026062710020103,4,06271106,16,     112637, 133.0,  45.2, 145.7,  14.2,  38.1, 159.2,  34.9,  13.6, 205.8, 207.3,  17.5,  46.0, 155.8,  41.0,  20.1,1818.6,  87.1, 179.6, 329.4, 223.2,  75.1,  16.6,  11.6,  64.4,  11.3,   3.4, 323.3, 160.1,  27.6,   8.9,1265.1, 134.0,  68.8, 202.0,   9.1,  86.3
2026062710020104,1,06271119,16,      32634, 395.1,  51.8,  60.5,  42.7, 155.1, 155.1,  52.0, 101.9, 207.3,  13.8,  12.8,  56.5,  74.8,  16.4,  34.4,  46.1,   6.7,  37.5,  50.7,   9.1,  16.3,  53.8,  36.3,  43.7,   7.5,   8.2, 486.3, 107.6,  41.8,  59.7, 516.1,  48.9,  76.1,  25.1,  14.1, 281.0
2026062710020104,1,06270902,16,       6402, 206.7,  35.4,  68.9,  45.1, 145.9, 101.2,  48.1,  76.3, 177.1,  14.9,  14.1,  63.6,  44.6,  13.9,  39.6,  42.7,   6.6,  30.0,  32.0,   8.4,  18.0,  52.7,  41.3,  32.2,   8.2,  15.9, 451.0,  70.8,  45.1,  50.1, 236.2,  38.1,  49.6,  29.0,  13.5, 190.8
2026062710020104,1,06262054,16,        425, 164.6,   9.1,  41.1,  54.8, 109.7,  82.3,  54.8,  36.5,  82.3,  19.3,   8.9,  32.9,  41.1,  17.3,  18.2, 109.7,  11.3,  36.5,  36.5,  13.1,  41.1,  82.3,  32.9,  47.0,  13.1,  23.5,   0.0,  27.4,  41.1,  29.9, 164.6,  27.4,  23.5,  41.1,  12.1, 329.3
2026062710020104,4,06271136,16,     105872, 678.1,  79.7,  70.6,  54.9, 201.1, 233.0,  70.0, 132.7, 212.0,  12.8,  12.1,  60.2, 103.2,  16.4,  33.2,  40.7,   5.6,  25.4,  63.7,   8.4,  15.2,  53.8,  26.2,  59.2,   6.8,  10.7, 719.7, 178.7,  41.4,  73.7, 820.5,  64.1, 101.2,  30.8,  14.2, 323.0
2026062710020105,1,06271209,10,      26494,   0.0,  16.1,  44.3,  69.6, 124.4,  16.4,  62.0,  20.6,   0.0,  21.5,  32.3,  38.0,   6.5,  22.1,   7.5,   0.0,  76.0,  74.1,  18.4,  43.3,  20.8,   0.0, 105.8,  28.8,  65.6,  35.7,   0.0,  39.1,  60.0,  37.3,   0.0,  16.4,   5.8, 131.6,  16.5,  65.3
2026062710020105,1,06270857,10,       4537,   0.0,  19.5,  81.7,  76.4, 146.5,  27.4,  57.6,  23.9,   0.0,  25.2,  25.4,  37.8,   7.0,  20.8,   7.1,   0.0,  78.1,  48.8,  23.4,  53.2,  22.3,   0.0,  78.1,  27.6,  43.9,  34.1,   0.0,  35.5,  66.3,  31.1,   0.0,  14.8,   6.2, 100.4,   9.9,  46.2
2026062710020105,1,06262054,10,        396,   0.0,   8.7,  51.1,  61.3,  76.7,  21.9,  51.1,  16.1,   0.0,  30.6,  10.2,  23.6,  12.2,  17.0,  12.2,   0.0,  76.7,  61.3,  27.9,  51.1,  30.6,   0.0,  76.7,  27.9,  23.6,  30.6,   0.0,  23.6, 102.3,  51.1,   0.0,  19.1,   7.4, 306.9,  11.3,  61.3
2026062710020105,4,06271225,10,      54520,   0.0,  17.8,  40.5, 101.8, 139.4,  17.4,  68.7,  25.8,   0.0,  18.9,  40.7,  48.2,   5.8,  22.9,   8.3,   0.0,  76.9, 102.0,  11.8,  47.9,  16.9,   0.0, 155.9,  36.9,  92.2,  46.5,   0.0,  40.5,  87.1,  41.0,   0.0,  15.6,   5.1, 161.2,  16.9,  80.7
2026062710020106,1,06271239,17,      38603,  20.7,  20.7,  36.4,   6.9,   6.0,  39.9,   9.9,   9.7, 302.1, 114.1,  51.1,  38.4, 104.9,  55.0,  61.6, 543.9,  66.3,  50.4, 132.9,  95.8,  77.1, 189.3,  11.5,  61.4,  20.3,  20.2,  64.8,  56.6,  17.6,  16.8, 564.4,  80.4,  64.0,  87.4,  21.1,  63.6
2026062710020106,1,06270903,17,       5923,  25.7,  19.8,  54.0,   8.2,   6.1,  39.5,  11.8,  11.7, 353.1,  79.1,  45.0,  37.6,  62.0,  40.6,  51.5, 286.8,  91.8,  39.5,  57.3,  69.5,  62.8, 143.4,  12.4,  54.0,  21.3,  20.7,  51.0,  45.9,  18.5,  14.7, 208.6,  51.5,  46.3,  72.8,  18.7,  62.8
2026062710020106,1,06262055,17,        547,  24.9,  11.1,  60.5,  10.8,  11.7,  60.5,  16.9,  10.5, 141.3,  84.7,  12.8,  60.5,  70.6,  70.6, 141.3, 423.9, 105.9,  42.3,  47.1, 141.3,  70.6,   0.0,  14.6,  60.5,  17.6,  13.2, 211.9,  20.1,  23.5,  13.2, 211.9,  42.3,  38.5,  38.5,  14.6,  30.2
2026062710020106,4,06271301,17,     133354,  16.5,  24.7,  46.3,   5.9,   5.2,  44.0,   9.6,  10.0, 504.1, 188.5,  46.0,  51.0, 156.3,  68.7,  62.7, 974.9,  96.4,  85.9, 211.7, 111.9, 102.3, 277.0,   8.8,  84.7,  20.8,  18.9,  82.1,  69.8,  18.2,  18.4, 748.9,  88.2,  79.4, 102.0,  24.8,  75.6
2026062710020107,1,06271314,16,      47933, 149.1,  44.9,  37.1, 125.9,  38.6,   9.3,  19.7,  35.5, 320.2,  57.3, 116.0,  64.7,  18.4,  32.4,  54.8, 226.5, 137.0,  45.4,  12.3,  32.0,  34.8, 825.5, 139.6,  51.4, 103.4,  98.2, 273.1,   8.8,  25.2,  31.7,  16.4,   4.9,   8.0, 166.5,  16.7, 217.2
2026062710020107,1,06270858,16,       5408, 104.7,  28.9,  46.0,  66.5,  47.0,  12.4,  15.2,  32.7, 246.5,  47.0,  65.4,  63.5,  14.0,  20.4,  59.8, 174.6,  97.4,  39.5,  12.9,  31.7,  39.1, 419.1, 104.7,  36.1,  46.0,  64.4, 220.5,  12.1,  25.2,  30.1,  20.9,   6.1,   9.5, 107.4,  13.6, 139.7
2026062710020107,1,06262055,16,        547,  84.7,  12.4,  24.9,  70.6,  52.9,  15.7,   9.4,  17.6, 141.3,  28.2,  14.6,  84.7,  19.2,  14.1,  52.9, 211.9,  84.7,  70.6,  16.9,  47.1,  32.6, 211.9,  84.7,  60.5,  42.3,  60.5,   0.0,  12.8,  60.5,  35.3,  32.6,   8.1,  13.2, 423.9,  15.7, 423.9
2026062710020107,4,06271332,16,     157904, 149.6,  38.5,  41.7, 227.8,  55.4,   5.8,  25.8,  48.6, 236.7,  69.3, 208.1,  87.1,  10.9,  39.7,  70.1, 261.4, 261.4,  55.2,  10.9,  39.8,  46.1,1510.8, 306.7,  80.1, 169.2, 202.6, 445.0,  11.2,  32.2,  40.0,   7.7,   5.7,   7.9, 226.2,  22.4, 387.2
2026062710020108,1,06271339,9,      18230,   0.0,  27.6,   8.0,  26.9, 155.2,  63.6, 109.5,   8.2,   0.0,  18.0,  48.8, 148.7,  68.9,  81.6,  17.6,   0.0,  11.5,  54.9,  26.2,  57.4,   3.6,   0.0, 123.9,  55.1,  81.1,  10.1,   0.0, 116.7, 145.6,  36.2,   0.0,  79.8,  20.9,   0.0,  28.5,  14.7
2026062710020108,1,06270904,9,       3314,   0.0,  17.2,  12.8,  30.5, 128.4,  51.3,  61.1,  11.1,   0.0,  17.0,  36.6,  82.8,  36.1,  42.1,  16.6,   0.0,  19.6,  48.4,  21.0,  52.4,   4.0,   0.0,  65.8,  40.7,  38.3,  14.1,   0.0,  52.4,  88.5,  30.5,   0.0,  36.6,  17.5,   0.0,  17.3,  18.2
2026062710020108,1,06262055,9,        374,   0.0,   8.0,  18.1,  32.2,  72.4,  41.4,  36.2,   8.5,   0.0,  20.7,  10.3,  96.6,  48.3,  32.2,  18.1,   0.0,  41.4,  57.9,  28.9,  48.3,   6.3,   0.0,  57.9,  57.9,  28.9,  12.6,   0.0,  24.1,  96.6,  72.4,   0.0,  32.2,  26.3,   0.0,  15.2,  32.2
2026062710020108,4,06271356,9,      80203,   0.0,  30.3,   6.6,  18.7, 177.0,  90.3, 202.4,   8.0,   0.0,  14.0,  48.0, 241.8, 131.1, 222.7,  15.5,   0.0,   8.6,  89.0,  39.6, 114.4,   3.4,   0.0, 208.5, 110.4, 224.3,   8.3,   0.0, 278.7, 376.7,  56.5,   0.0, 239.9,  30.6,   0.0,  54.5,  15.6
2026062710020109,1,06271409,8,          0,   0.0,   0.0,   0.0,   0.0,   0.0,   0.0,   0.0,   0.0,   0.0,   0.0,   0.0,   0.0,   0.0,   0.0,   0.0,   0.0,   0.0,   0.0,   0.0,   0.0,   0.0,   0.0,   0.0,   0.0,   0.0,   0.0,   0.0,   0.0,   0.0,   0.0,   0.0,   0.0,   0.0,   0.0,   0.0,   0.0
2026062710020109,1,06270859,8,          0,   0.0,   0.0,   0.0,   0.0,   0.0,   0.0,   0.0,   0.0,   0.0,   0.0,   0.0,   0.0,   0.0,   0.0,   0.0,   0.0,   0.0,   0.0,   0.0,   0.0,   0.0,   0.0,   0.0,   0.0,   0.0,   0.0,   0.0,   0.0,   0.0,   0.0,   0.0,   0.0,   0.0,   0.0,   0.0,   0.0
2026062710020109,1,06262056,8,          0,   0.0,   0.0,   0.0,   0.0,   0.0,   0.0,   0.0,   0.0,   0.0,   0.0,   0.0,   0.0,   0.0,   0.0,   0.0,   0.0,   0.0,   0.0,   0.0,   0.0,   0.0,   0.0,   0.0,   0.0,   0.0,   0.0,   0.0,   0.0,   0.0,   0.0,   0.0,   0.0,   0.0,   0.0,   0.0,   0.0
2026062710020109,4,06271426,8,          0,   0.0,   0.0,   0.0,   0.0,   0.0,   0.0,   0.0,   0.0,   0.0,   0.0,   0.0,   0.0,   0.0,   0.0,   0.0,   0.0,   0.0,   0.0,   0.0,   0.0,   0.0,   0.0,   0.0,   0.0,   0.0,   0.0,   0.0,   0.0,   0.0,   0.0,   0.0,   0.0,   0.0,   0.0,   0.0,   0.0
2026062710020110,1,06271444,13,      64796,   0.0,  87.1, 200.8, 103.5, 163.0, 133.2,  60.1, 190.2,   0.0,  65.5,  14.9,  25.5,  14.7,   8.0,  38.3,   0.0,  65.4,  89.6,  71.9,  31.8, 117.8,  67.4,  24.9,  15.3,   7.2,  28.6, 194.6,  20.4,  11.7,  39.4, 251.0,   6.1,  27.8,  16.6,  11.4, 200.0
2026062710020110,1,06270905,13,       7521,   0.0,  49.8, 208.1,  86.9, 208.1,  97.1,  45.8, 107.9,   0.0,  60.0,  15.7,  31.1,  15.5,   8.8,  33.8,   0.0,  71.9,  89.6,  56.5,  29.5, 105.9,  78.7,  23.3,  15.4,   7.3,  27.1, 233.1,  21.1,  12.2,  43.1, 171.4,   6.3,  28.2,  16.8,  11.1, 171.4
2026062710020110,1,06262100,13,        633,   0.0,  14.8, 122.6,  37.7, 122.6,  61.3,  54.5,  54.5,   0.0,  49.0,   7.9,  40.8,  18.8,  11.9,  49.0,   0.0, 122.6, 122.6,  30.6,  61.3, 163.5, 245.2,  28.8,  14.8,   6.2,  37.7, 490.5,  20.4,  14.0,  70.0, 122.6,   7.9,  35.0,  14.4,  15.3, 490.5
2026062710020110,4,06271500,13,     158165,   0.0, 131.3, 297.5, 111.5, 227.4, 208.4,  77.0, 252.7,   0.0,  56.2,  11.3,  26.2,  14.9,   7.5,  29.2,   0.0,  46.6,  83.2,  74.3,  31.6,  87.7,  45.9,  23.9,  17.1,   7.3,  23.6, 229.9,  23.4,  12.0,  48.0, 347.2,   6.6,  32.7,  17.1,  12.5, 181.5
2026062710020111,1,06271519,15,     236821,   0.0,  94.0, 139.0, 173.9, 147.6, 160.4,  75.9, 148.8, 134.2,  16.9,  46.7,  17.4,  14.6,   8.3,  23.4, 109.9,  62.8,  22.0,  18.5,  10.8,  30.5, 501.4,  56.5,  55.7,  32.4,  62.7, 183.3,  14.4,   9.8,  25.2,  70.2,   7.9,  23.7,  22.3,  12.7, 243.4
2026062710020111,1,06270900,15,      27577,   0.0,  63.9, 111.3, 122.1, 149.4, 138.7,  54.9, 111.3, 138.7,  20.3,  46.0,  19.5,  16.7,   8.5,  27.4, 116.7,  49.9,  24.3,  20.3,  10.5,  31.7, 284.9,  47.3,  41.9,  28.8,  57.1, 201.6,  16.7,   9.8,  23.4,  84.4,   8.5,  22.7,  21.1,  10.5, 197.8
2026062710020111,1,06262052,15,       1924,   0.0,  29.8,  55.2,  71.0, 213.0, 165.6,  59.6,  93.1, 135.5,  17.1,  23.2,  27.1,  24.4,  16.2,  23.6,  93.1,  42.6,  16.0,  27.6,   9.3,  46.5, 213.0,  25.2,  39.2,  24.8,  40.3, 165.6,  16.7,   9.6,  28.1, 135.5,   9.2,  22.5,  19.8,  12.4, 213.0
2026062710020111,4,06271536,15,     419547,   0.0,  93.9, 128.7, 177.1, 142.1, 113.8,  94.6, 170.3, 137.9,  18.0,  48.2,  17.0,  13.5,   9.4,  25.6, 114.6,  56.9,  20.6,  18.5,  12.2,  30.8, 437.0,  49.5,  34.1,  34.4,  74.3, 135.9,  12.7,   9.8,  22.5,  57.7,   7.8,  23.5,  24.7,  13.5, 255.4
2026062710020112,1,06271604,8,          0,   0.0,   0.0,   0.0,   0.0,   0.0,   0.0,   0.0,   0.0,   0.0,   0.0,   0.0,   0.0,   0.0,   0.0,   0.0,   0.0,   0.0,   0.0,   0.0,   0.0,   0.0,   0.0,   0.0,   0.0,   0.0,   0.0,   0.0,   0.0,   0.0,   0.0,   0.0,   0.0,   0.0,   0.0,   0.0,   0.0
2026062710020112,1,06270856,8,          0,   0.0,   0.0,   0.0,   0.0,   0.0,   0.0,   0.0,   0.0,   0.0,   0.0,   0.0,   0.0,   0.0,   0.0,   0.0,   0.0,   0.0,   0.0,   0.0,   0.0,   0.0,   0.0,   0.0,   0.0,   0.0,   0.0,   0.0,   0.0,   0.0,   0.0,   0.0,   0.0,   0.0,   0.0,   0.0,   0.0
2026062710020112,1,06262053,8,          0,   0.0,   0.0,   0.0,   0.0,   0.0,   0.0,   0.0,   0.0,   0.0,   0.0,   0.0,   0.0,   0.0,   0.0,   0.0,   0.0,   0.0,   0.0,   0.0,   0.0,   0.0,   0.0,   0.0,   0.0,   0.0,   0.0,   0.0,   0.0,   0.0,   0.0,   0.0,   0.0,   0.0,   0.0,   0.0,   0.0
2026062710020112,4,06271620,8,          0,   0.0,   0.0,   0.0,   0.0,   0.0,   0.0,   0.0,   0.0,   0.0,   0.0,   0.0,   0.0,   0.0,   0.0,   0.0,   0.0,   0.0,   0.0,   0.0,   0.0,   0.0,   0.0,   0.0,   0.0,   0.0,   0.0,   0.0,   0.0,   0.0,   0.0,   0.0,   0.0,   0.0,   0.0,   0.0,   0.0
